Gameno,Group,TeamId,Continent,Opponent,Score,Win,Ranking202306,Formation,Position,Best,PassesAttempted,PassesCompleted,PassesCompletedPct,SwitchesOfPlay,CrossesAttempted,CrossesCompleted,LineBreaksAttempted,LineBreaksCompleted,LineBreaksCompletedPct,Ballprogressins,Takeone,StepIns,AttemptsatGoal,Goals,TotalOffers,InFront,InBetween,OutToIn,IntoOut,InBehind,NoMovement,OffersReceived,TacklesMade,TacklesWon,Blocks,Interceptions,PressingDirect,PressingIndirect,DuelsWonAerial,DuelsWonPhysical,PossessionContestsWon,Clearances,LooseBallReceptions,PushingOn,PushingOnIntoPressing,PossessionRegains,PossessionInterrupted,TotalDistance_m,WalkingDistance,JoggingDistance,RunningDistance,VeryHighSpeedDistance,MaxSprintDistance,HighSpeedRunCount,TopSpeedSprintCount,TopSpeed,TeamScore,Defenders,Midfielders,Forwards,TacklesWonPct,CrossesCompletedPct
1,A,NEWZELAND,UEFA,NORWAY,1?€0,WIN,26,4_4_2,MF,STARTING,22,18,0.82,0,9,1,12,8,0.66,0,0,0,2,0,16,6,3,0,0,7,0,4,6,0,2,2,8,8,6,0,8,4,6,18,4,8,8,10773.4,4052.9,3590.8,2341.1,551.6,237,183,40,27.1,1,4,4,2,0,11.11111111
1,A,NEWZELAND,UEFA,NORWAY,1?€0,WIN,26,4_4_2,DF,STARTING,48,28,0.58,0,3,1,24,13,0.54,1,1,0,1,0,22,12,1,0,0,0,9,11,8,3,5,2,10,6,3,0,3,6,11,21,10,11,6,10125.9,4034.1,3246.4,2289.5,345.3,210.6,172,35,28.2,1,4,4,2,37.5,33.33333333
1,A,NEWZELAND,UEFA,NORWAY,1?€0,WIN,26,4_4_2,MF,STARTING,34,26,0.76,0,1,0,12,7,0.58,2,0,2,2,0,41,25,9,1,1,2,3,14,5,1,6,0,10,6,6,0,6,5,16,10,4,7,9,10799.6,3897.6,4011,2262.5,459,169.6,183,32,28.7,1,4,4,2,20,0
1,A,NEWZELAND,UEFA,NORWAY,1?€0,WIN,26,4_4_2,DF,STARTING,37,29,0.78,0,1,0,13,8,0.61,2,0,2,0,0,20,10,0,0,0,2,8,9,6,0,3,3,9,12,0,0,1,4,6,23,11,3,7,10038.5,3511.5,3625.9,2172.3,507.9,220.8,165,41,28.8,1,4,4,2,0,0
1,A,NEWZELAND,UEFA,NORWAY,1?€0,WIN,26,4_4_2,MF,STARTING,30,23,0.77,0,2,0,13,10,0.76,5,1,4,0,0,31,5,8,3,3,6,6,9,6,3,4,0,9,21,2,0,2,0,8,25,13,6,3,11658.9,3277.3,4114.4,3261,861.6,144.6,268,60,28.5,1,4,4,2,50,0
1,A,NEWZELAND,UEFA,NORWAY,1?€0,WIN,26,4_4_2,DF,STARTING,39,29,0.74,0,0,0,13,6,0.46,1,0,1,0,0,10,3,0,1,0,0,6,5,2,0,3,0,1,2,2,0,2,10,9,2,0,3,12,6224.7,2349.2,2595.7,970.4,262.1,46.7,89,16,26.5,1,4,4,2,0,0
1,A,NEWZELAND,UEFA,NORWAY,1?€0,WIN,26,4_4_2,DF,STARTING,39,32,0.82,0,0,0,17,11,0.64,2,0,2,0,0,15,2,2,0,1,1,9,7,1,1,3,1,0,1,1,0,2,14,7,6,0,10,8,9280.5,3990.6,2591.1,2129,412.1,157.8,169,31,26.5,1,4,4,2,100,0
1,A,NEWZELAND,UEFA,NORWAY,1?€0,WIN,26,4_4_2,FW,STARTING,23,13,0.57,0,1,1,4,1,0.25,2,1,1,1,0,35,6,12,0,1,11,5,11,3,0,1,0,3,20,0,0,1,1,13,19,8,0,3,10364.2,3156.9,3976.7,2219,759.7,252.9,196,59,30.1,1,4,4,2,0,100
1,A,NEWZELAND,UEFA,NORWAY,1?€0,WIN,26,4_4_2,FW,STARTING,16,12,0.75,1,2,0,0,0,0,2,1,1,4,1,44,3,17,2,3,19,0,17,0,0,1,0,3,9,4,0,4,0,2,13,4,0,0,8781.7,3503,3075.3,1387.5,375.9,440,135,42,30.9,1,4,4,2,0,0
1,A,NEWZELAND,UEFA,NORWAY,1?€0,WIN,26,4_4_2,FW,STARTING,12,11,0.92,0,3,0,8,6,0.75,7,3,4,1,0,33,7,4,1,2,10,9,8,9,3,2,1,16,20,1,0,1,4,7,19,12,9,4,10185.8,3566.1,3578.3,2395.7,495,150.8,193,34,30,1,4,4,2,33.33333333,0
1,A,NEWZELAND,UEFA,NORWAY,1?€0,WIN,26,4_4_2,GK,STARTING,28,19,0.68,0,0,0,10,4,0.4,0,0,0,0,0,10,0,0,0,0,0,10,5,0,0,0,0,0,0,0,0,0,0,2,0,0,4,0,4434.1,3083,1164.4,180.9,5.8,0,28,1,20.9,1,4,4,2,0,0
1,A,NEWZELAND,UEFA,NORWAY,1?€0,WIN,26,4_4_2,GK,Substitutions,0,0,0,0,0,0,0,0,0,0,0,0,0,0,0,0,0,0,0,0,0,0,0,0,0,0,0,0,0,0,0,0,0,0,0,0,0,0,0,0,0,0,0,0,0,0,1,4,4,2,0,0
1,A,NEWZELAND,UEFA,NORWAY,1?€0,WIN,26,4_4_2,DF,Substitutions,4,1,0.25,0,0,0,4,1,0.25,0,0,0,0,0,3,0,0,0,0,0,3,1,0,0,1,0,1,3,1,0,1,3,0,2,2,4,3,2801.5,1145.8,1052.8,525.3,77.3,0,46,8,22.7,1,4,4,2,0,0
1,A,NEWZELAND,UEFA,NORWAY,1?€0,WIN,26,4_4_2,DF,Substitutions,0,0,0,0,0,0,0,0,0,0,0,0,0,0,0,0,0,0,0,0,0,0,0,0,0,0,0,0,0,0,0,0,0,0,0,0,0,0,0,0,0,0,0,0,0,0,1,4,4,2,0,0
1,A,NEWZELAND,UEFA,NORWAY,1?€0,WIN,26,4_4_2,MF,Substitutions,0,0,0,0,0,0,0,0,0,0,0,0,0,0,0,0,0,0,0,0,0,0,0,0,0,0,0,0,0,0,0,0,0,0,0,0,0,0,0,0,0,0,0,0,0,0,1,4,4,2,0,0
1,A,NEWZELAND,UEFA,NORWAY,1?€0,WIN,26,4_4_2,FW,Substitutions,4,1,0.25,0,0,0,4,1,0.25,0,0,0,0,0,2,0,1,0,0,1,0,1,1,0,0,0,0,1,0,0,0,1,0,3,1,0,2,950.8,158.6,397.4,301.3,93.6,0,26,8,22.6,1,4,4,2,0,0
1,A,NEWZELAND,UEFA,NORWAY,1?€0,WIN,26,4_4_2,MF,Substitutions,0,0,0,0,0,0,0,0,0,0,0,0,0,0,0,0,0,0,0,0,0,0,0,0,0,0,0,0,0,0,0,0,0,0,0,0,0,0,0,0,0,0,0,0,0,0,1,4,4,2,0,0
1,A,NEWZELAND,UEFA,NORWAY,1?€0,WIN,26,4_4_2,MF,Substitutions,0,0,0,0,0,0,0,0,0,0,0,0,0,0,5,0,0,0,0,5,0,3,0,0,0,0,0,0,0,0,0,0,0,0,0,0,0,0,0,0,0,0,0,0,0,0,1,4,4,2,0,0
1,A,NEWZELAND,UEFA,NORWAY,1?€0,WIN,26,4_4_2,FW,Substitutions,5,3,0.6,0,0,0,1,0,0,1,1,0,0,0,0,0,0,0,0,0,0,0,0,0,0,0,0,2,0,0,0,1,0,6,0,0,0,1567.2,550.4,392.6,351.2,119.4,153.4,31,15,29.7,1,4,4,2,0,0
1,A,NEWZELAND,UEFA,NORWAY,1?€0,WIN,26,4_4_2,MF,Substitutions,0,0,0,0,0,0,0,0,0,0,0,0,0,0,0,0,0,0,0,0,0,0,0,0,0,0,0,0,0,0,0,0,0,0,0,0,0,0,0,0,0,0,0,0,0,0,1,4,4,2,0,0
1,A,NEWZELAND,UEFA,NORWAY,1?€0,WIN,26,4_4_2,DF,Substitutions,0,0,0,0,0,0,0,0,0,0,0,0,0,0,0,0,0,0,0,0,0,0,0,0,0,0,0,0,0,0,0,0,0,0,0,0,0,0,0,0,0,0,0,0,0,0,1,4,4,2,0,0
1,A,NEWZELAND,UEFA,NORWAY,1?€0,WIN,26,4_4_2,FW,Substitutions,0,0,0,0,0,0,0,0,0,0,0,0,0,0,0,0,0,0,0,0,0,0,0,0,0,0,0,0,0,0,0,0,0,0,0,0,0,0,0,0,0,0,0,0,0,0,1,4,4,2,0,0
1,A,NEWZELAND,UEFA,NORWAY,1?€0,WIN,26,4_4_2,GK,Substitutions,0,0,0,0,0,0,0,0,0,0,0,0,0,0,0,0,0,0,0,0,0,0,0,0,0,0,0,0,0,0,0,0,0,0,0,0,0,0,0,0,0,0,0,0,0,0,1,4,4,2,0,0
17,A,NEWZELAND,OFC,PHILIPPINES,0?€1,LOSE,26,4_4_2,MF,STARTING,39,32,82%,1,4,1,11,8,72%,0,0,0,2,0,45,7,19,2,2,14,1,5,3,1,2,1,2,7,3,0,3,4,10,10,4,5,4,9506.2,3259.7,3622.8,2299.6,262.4,61.8,162,25,29.6,0,4,4,2,33.33333333,25
17,A,NEWZELAND,OFC,PHILIPPINES,0?€1,LOSE,26,4_4_2,DF,STARTING,78,53,68%,1,8,1,35,19,54%,2,2,0,2,0,30,9,3,2,0,4,12,16,4,3,1,1,3,1,2,0,3,6,16,3,0,8,4,10324.4,4023.4,2845.4,2874.3,504.9,76.4,216,42,29,0,4,4,2,75,12.5
17,A,NEWZELAND,OFC,PHILIPPINES,0?€1,LOSE,26,4_4_2,MF,STARTING,35,21,60%,0,0,0,13,7,53%,0,0,0,1,0,81,27,24,4,8,11,7,15,5,0,3,0,3,16,3,0,3,4,9,13,6,4,9,11237.4,3890.4,4223,2516,398.9,209,185,35,27.6,0,4,4,2,0,0
17,A,NEWZELAND,OFC,PHILIPPINES,0?€1,LOSE,26,4_4_2,DF,STARTING,96,74,77%,0,7,1,33,17,51%,0,0,0,0,0,33,6,0,0,0,4,23,20,3,1,2,0,1,5,5,0,5,7,20,4,2,2,11,10353.7,3317.3,4016.2,2502.5,397.6,119.1,186,35,29,0,4,4,2,33.33333333,14.28571429
17,A,NEWZELAND,OFC,PHILIPPINES,0?€1,LOSE,26,4_4_2,MF,STARTING,23,19,83%,0,2,0,3,1,33%,1,0,1,1,0,62,4,33,3,3,9,10,18,0,0,1,0,2,14,1,0,1,1,6,18,10,1,1,5850.2,1585.4,2300.3,1589.5,337.6,37.4,129,27,28.3,0,4,4,2,0,0
17,A,NEWZELAND,OFC,PHILIPPINES,0?€1,LOSE,26,4_4_2,DF,STARTING,43,33,77%,2,2,2,17,11,64%,1,0,1,0,0,7,2,1,0,1,0,3,6,1,0,3,0,1,5,2,0,4,9,7,5,0,4,8,9311.8,3497.5,4293.7,1362.3,124.8,32.6,114,12,27,0,4,4,2,0,100
17,A,NEWZELAND,OFC,PHILIPPINES,0?€1,LOSE,26,4_4_2,DF,STARTING,74,62,84%,1,0,0,38,31,81%,6,0,6,1,0,35,8,0,0,1,4,22,16,0,0,1,3,4,2,3,0,3,6,12,7,2,7,4,9800.4,3934.9,3013.6,2100.2,532.2,218.5,167,44,31.2,0,4,4,2,0,0
17,A,NEWZELAND,OFC,PHILIPPINES,0?€1,LOSE,26,4_4_2,FW,STARTING,39,30,77%,0,4,0,8,6,75%,4,3,1,2,0,21,1,4,3,3,5,5,5,3,3,4,0,5,13,0,0,1,1,7,11,5,7,0,11489.9,3451.6,4242.1,2732.3,773.3,290.7,203,64,32.1,0,4,4,2,100,0
17,A,NEWZELAND,OFC,PHILIPPINES,0?€1,LOSE,26,4_4_2,FW,STARTING,18,13,72%,1,0,0,2,1,50%,0,0,0,4,0,48,1,19,0,5,23,0,3,1,0,2,0,2,13,5,0,5,1,7,13,6,0,2,9987.7,4146.9,3462.7,1714.9,339.6,323.6,166,38,30.6,0,4,4,2,0,0
17,A,NEWZELAND,OFC,PHILIPPINES,0?€1,LOSE,26,4_4_2,MF,STARTING,21,20,95%,0,3,0,6,6,100%,2,2,0,1,0,28,2,4,2,0,12,8,10,2,1,1,0,6,4,0,0,0,0,5,6,3,1,1,4981.7,1830.3,1610.6,1155.8,264,121.6,98,27,28.6,0,4,4,2,50,0
17,A,NEWZELAND,OFC,PHILIPPINES,0?€1,LOSE,26,4_4_2,GK,STARTING,26,22,85%,0,0,0,10,7,70%,0,0,0,0,0,22,0,0,0,0,0,22,4,0,0,0,0,0,0,0,0,0,1,5,0,0,5,1,4626.9,3149.5,1255.3,222.1,0,0,0,0,22.2,0,4,4,2,0,0
17,A,NEWZELAND,OFC,PHILIPPINES,0?€1,LOSE,26,4_4_2,GK,Substitutions,0,0,0,0,0,0,0,0,0,0,0,0,0,0,0,0,0,0,0,0,0,0,0,0,0,0,0,0,0,0,0,0,0,0,0,0,0,0,0,0,0,0,0,0,0,0,0,4,4,2,0,0
17,A,NEWZELAND,OFC,PHILIPPINES,0?€1,LOSE,26,4_4_2,DF,Substitutions,0,0,0,0,0,0,0,0,0,0,0,0,0,0,0,0,0,0,0,0,0,0,0,0,0,0,0,0,0,0,0,0,0,0,0,0,0,0,0,0,0,0,0,0,0,0,0,4,4,2,0,0
17,A,NEWZELAND,OFC,PHILIPPINES,0?€1,LOSE,26,4_4_2,DF,Substitutions,0,0,0,0,0,0,0,0,0,0,0,0,0,0,0,0,0,0,0,0,0,0,0,0,0,0,0,0,0,0,0,0,0,0,0,0,0,0,0,0,0,0,0,0,0,0,0,4,4,2,0,0
17,A,NEWZELAND,OFC,PHILIPPINES,0?€1,LOSE,26,4_4_2,MF,Substitutions,0,0,0,0,0,0,0,0,0,0,0,0,0,0,0,0,0,0,0,0,0,0,0,0,0,0,0,0,0,0,0,0,0,0,0,0,0,0,0,0,0,0,0,0,0,0,0,4,4,2,0,0
17,A,NEWZELAND,OFC,PHILIPPINES,0?€1,LOSE,26,4_4_2,FW,Substitutions,0,0,0,0,0,0,0,0,0,0,0,0,0,0,0,0,0,0,0,0,0,0,0,0,0,0,0,0,0,0,0,0,0,0,0,0,0,0,0,0,0,0,0,0,0,0,0,4,4,2,0,0
17,A,NEWZELAND,OFC,PHILIPPINES,0?€1,LOSE,26,4_4_2,MF,Substitutions,25,22,88%,0,0,0,6,5,83%,0,0,0,0,0,40,7,11,4,4,9,5,14,1,0,2,0,3,6,2,0,2,3,3,10,5,0,3,5596,1737,2277.6,1376.1,147.7,57.6,114,14,29.8,0,4,4,2,0,0
17,A,NEWZELAND,OFC,PHILIPPINES,0?€1,LOSE,26,4_4_2,MF,Substitutions,17,14,82%,1,8,1,5,1,20%,4,1,3,1,0,48,3,6,1,1,26,11,11,0,0,1,0,0,5,0,0,1,1,3,4,3,1,0,5043.5,2012.8,1689.1,1051.6,225.9,63.5,94,20,27.5,0,4,4,2,0,12.5
17,A,NEWZELAND,OFC,PHILIPPINES,0?€1,LOSE,26,4_4_2,FW,Substitutions,0,0,0,0,0,0,0,0,0,0,0,0,0,0,0,0,0,0,0,0,0,0,0,0,0,0,0,0,0,0,0,0,0,0,0,0,0,0,0,0,0,0,0,0,0,0,0,4,4,2,0,0
17,A,NEWZELAND,OFC,PHILIPPINES,0?€1,LOSE,26,4_4_2,MF,Substitutions,4,3,75%,0,1,1,1,0,0,0,0,0,1,0,8,0,0,0,0,3,5,1,0,0,1,0,0,2,1,0,1,1,0,1,0,0,1,1562.7,397.2,649.6,412.6,64.4,38.9,39,9,26.7,0,4,4,2,0,100
17,A,NEWZELAND,OFC,PHILIPPINES,0?€1,LOSE,26,4_4_2,DF,Substitutions,0,0,0,0,0,0,0,0,0,0,0,0,0,0,0,0,0,0,0,0,0,0,0,0,0,0,0,0,0,0,0,0,0,0,0,0,0,0,0,0,0,0,0,0,0,0,0,4,4,2,0,0
17,A,NEWZELAND,OFC,PHILIPPINES,0?€1,LOSE,26,4_4_2,FW,Substitutions,0,0,0,0,0,0,0,0,0,0,0,0,0,0,0,0,0,0,0,0,0,0,0,0,0,0,0,0,0,0,0,0,0,0,0,0,0,0,0,0,0,0,0,0,0,0,0,4,4,2,0,0
17,A,NEWZELAND,OFC,PHILIPPINES,0?€1,LOSE,26,4_4_2,GK,Substitutions,0,0,0,0,0,0,0,0,0,0,0,0,0,0,0,0,0,0,0,0,0,0,0,0,0,0,0,0,0,0,0,0,0,0,0,0,0,0,0,0,0,0,0,0,0,0,0,4,4,2,0,0
33,A,NEWZELAND,OFC,SWITZERLAND,0?€0,DRAW,26,4_4_2,MF,STARTING,22,15,68%,0,1,0,5,3,60%,0,0,0,0,0,27,10,7,0,2,5,3,6,6,3,0,2,8,13,1,0,2,3,3,20,5,6,2,8449.8,2852.7,3096,1980.6,425,95.5,159,30,27,0,4,4,2,50,0
33,A,NEWZELAND,OFC,SWITZERLAND,0?€0,DRAW,26,4_4_2,DF,STARTING,67,55,82%,1,3,0,19,11,57%,2,1,1,2,0,46,21,1,0,0,4,20,12,7,2,7,3,10,12,3,1,4,4,6,28,13,10,9,10598.6,4190.7,3030.1,2508.7,598.8,270.3,193,49,28.3,0,4,4,2,28.57142857,0
33,A,NEWZELAND,OFC,SWITZERLAND,0?€0,DRAW,26,4_4_2,MF,STARTING,37,26,70%,0,2,2,9,4,44%,2,1,1,2,0,90,54,27,1,0,3,5,24,6,2,6,0,13,24,1,0,2,2,8,34,17,8,3,11968.1,3602.4,4845.9,2836.4,557.7,125.7,224,41,26.8,0,4,4,2,33.33333333,100
33,A,NEWZELAND,OFC,SWITZERLAND,0?€0,DRAW,26,4_4_2,DF,STARTING,68,49,72%,0,2,1,33,20,60%,1,0,1,0,0,58,20,1,0,0,4,33,27,2,1,2,1,6,17,1,0,1,6,15,30,14,6,5,10531,3284.6,4098.6,2327.3,520.2,299.1,199,40,27.5,0,4,4,2,50,50
33,A,NEWZELAND,OFC,SWITZERLAND,0?€0,DRAW,26,4_4_2,MF,STARTING,20,12,60%,0,0,0,7,2,28%,1,1,0,2,0,62,24,15,9,5,2,7,14,4,0,1,0,5,12,0,0,1,0,6,17,6,1,2,7801.5,2109.5,3052.7,2169.6,419.7,49.9,165,30,26.7,0,4,4,2,0,0
33,A,NEWZELAND,OFC,SWITZERLAND,0?€0,DRAW,26,4_4_2,FW,STARTING,9,6,67%,0,2,0,1,0,0%,0,0,0,0,0,16,4,2,1,1,8,0,2,0,0,1,0,1,15,0,0,1,2,4,13,7,0,2,5265.5,1933,1909.8,1151,251.7,20.5,99,19,27,0,4,4,2,0,0
33,A,NEWZELAND,OFC,SWITZERLAND,0?€0,DRAW,26,4_4_2,DF,STARTING,51,45,88%,1,0,0,10,7,70%,2,0,2,1,0,18,1,2,0,0,0,15,9,5,0,4,1,8,7,2,0,3,5,6,24,5,7,5,6720.3,2090,3135,1170.7,301.7,22.8,100,20,25.5,0,4,4,2,0,0
33,A,NEWZELAND,OFC,SWITZERLAND,0?€0,DRAW,26,4_4_2,DF,STARTING,86,74,86%,0,2,2,19,13,68%,3,1,2,2,0,26,6,1,0,0,1,18,14,3,1,3,1,4,5,1,0,1,9,20,12,1,9,6,10322.4,4160.9,3046.1,2343.2,480,292.1,188,44,28.5,0,4,4,2,33.33333333,100
33,A,NEWZELAND,OFC,SWITZERLAND,0?€0,DRAW,26,4_4_2,FW,STARTING,20,16,80%,0,4,1,1,1,100%,2,1,1,2,0,63,8,10,1,2,20,22,21,1,0,0,0,7,49,3,0,3,0,2,31,24,2,0,11381.4,3478.1,4089.3,3093.5,541.8,178.7,236,44,27,0,4,4,2,0,25
33,A,NEWZELAND,OFC,SWITZERLAND,0?€0,DRAW,26,4_4_2,FW,STARTING,12,6,50%,1,0,0,1,0,0%,0,0,0,0,0,50,4,24,1,4,17,0,7,0,0,0,0,1,47,1,0,1,1,1,35,20,0,0,9763.9,3142,3710.3,1960.6,661,291,183,55,29.4,0,4,4,2,0,0
33,A,NEWZELAND,OFC,SWITZERLAND,0?€0,DRAW,26,4_4_2,GK,STARTING,22,19,86%,0,0,0,3,1,33%,0,0,0,1,0,16,0,0,0,0,0,16,5,0,0,0,0,0,0,2,0,2,1,3,0,0,5,1,5207.4,3108.8,1362.3,535.3,184.9,16.1,48,10,25.3,0,4,4,2,0,0
33,A,NEWZELAND,OFC,SWITZERLAND,0?€0,DRAW,26,4_4_2,GK,Substitutions,0,0,0,0,0,0,0,0,0,0,0,0,0,0,0,0,0,0,0,0,0,0,0,0,0,0,0,0,0,0,0,0,0,0,0,0,0,0,0,0,0,0,0,0,0,0,0,4,4,2,0,0
33,A,NEWZELAND,OFC,SWITZERLAND,0?€0,DRAW,26,4_4_2,DF,Substitutions,14,12,86%,1,0,0,2,1,50%,0,0,0,1,0,0,0,0,0,0,0,0,0,2,1,0,1,4,2,2,0,2,7,1,12,2,6,4,3767.5,1253.1,1472.7,715.1,202.7,123.6,60,13,27.8,0,4,4,2,50,0
33,A,NEWZELAND,OFC,SWITZERLAND,0?€0,DRAW,26,4_4_2,DF,Substitutions,0,0,0,0,0,0,0,0,0,0,0,0,0,0,0,0,0,0,0,0,0,0,0,0,0,0,0,0,0,0,0,0,0,0,0,0,0,0,0,0,0,0,0,0,0,0,0,4,4,2,0,0
33,A,NEWZELAND,OFC,SWITZERLAND,0?€0,DRAW,26,4_4_2,MF,Substitutions,0,0,0,0,0,0,0,0,0,0,0,0,0,0,0,0,0,0,0,0,0,0,0,0,0,0,0,0,0,0,0,0,0,0,0,0,0,0,0,0,0,0,0,0,0,0,0,4,4,2,0,0
33,A,NEWZELAND,OFC,SWITZERLAND,0?€0,DRAW,26,4_4_2,FW,Substitutions,5,3,60%,0,0,0,0,0,0,0,0,0,0,0,11,1,1,0,0,7,2,2,0,0,0,0,2,6,1,0,1,4,2,4,4,0,3,1782.9,616.7,598.2,432.9,57.8,77.4,36,8,29.4,0,4,4,2,0,0
33,A,NEWZELAND,OFC,SWITZERLAND,0?€0,DRAW,26,4_4_2,MF,Substitutions,7,6,86%,0,1,0,1,1,100%,0,0,0,0,0,33,8,15,0,1,5,4,7,3,0,3,0,4,12,0,0,0,1,3,10,4,2,0,4284.8,1068.6,1564,1215.2,348.4,88.7,102,21,26,0,4,4,2,0,0
33,A,NEWZELAND,OFC,SWITZERLAND,0?€0,DRAW,26,4_4_2,FW,Substitutions,0,0,0,0,0,0,0,0,0,0,0,0,0,0,0,0,0,0,0,0,0,0,0,0,0,0,0,0,0,0,0,0,0,0,0,0,0,0,0,0,0,0,0,0,0,0,0,4,4,2,0,0
33,A,NEWZELAND,OFC,SWITZERLAND,0?€0,DRAW,26,4_4_2,MF,Substitutions,9,8,89%,0,0,0,3,2,66%,0,0,0,0,0,12,1,0,1,0,6,4,4,2,0,0,1,2,7,2,0,2,3,3,5,2,1,3,2772,953,952.5,741.2,119.5,5.8,67,12,23.8,0,4,4,2,0,0
33,A,NEWZELAND,OFC,SWITZERLAND,0?€0,DRAW,26,4_4_2,DF,Substitutions,0,0,0,0,0,0,0,0,0,0,0,0,0,0,0,0,0,0,0,0,0,0,0,0,0,0,0,0,0,0,0,0,0,0,0,0,0,0,0,0,0,0,0,0,0,0,0,4,4,2,0,0
33,A,NEWZELAND,OFC,SWITZERLAND,0?€0,DRAW,26,4_4_2,FW,Substitutions,15,8,53%,0,2,1,4,1,25%,0,0,0,0,0,7,1,0,0,2,1,3,4,1,0,4,0,5,12,0,0,0,2,4,10,6,0,3,5396,1769.9,1841.1,1395.4,289.8,99.3,120,18,32.2,0,4,4,2,0,50
33,A,NEWZELAND,OFC,SWITZERLAND,0?€0,DRAW,26,4_4_2,FW,Substitutions,0,0,0,0,0,0,0,0,0,0,0,0,0,0,0,0,0,0,0,0,0,0,0,0,0,0,0,0,0,0,0,0,0,0,0,0,0,0,0,0,0,0,0,0,0,0,0,4,4,2,0,0
33,A,NEWZELAND,OFC,SWITZERLAND,0?€0,DRAW,26,4_4_2,GK,Substitutions,0,0,0,0,0,0,0,0,0,0,0,0,0,0,0,0,0,0,0,0,0,0,0,0,0,0,0,0,0,0,0,0,0,0,0,0,0,0,0,0,0,0,0,0,0,0,0,4,4,2,0,0
1,A,NORWAY,UEFA,NEW ZELAND,0?€1,LOSE,12,4_4_2,DF,STARTING,50,40,0.8,0,2,0,26,19,0.73,1,0,1,1,0,19,5,2,0,0,4,8,11,4,0,7,3,6,15,0,0,0,8,5,29,4,4,12,10003.3,3419.1,4099.4,1991.7,370.1,123,163,28,29.9,0,4,4,2,0,0
1,A,NORWAY,UEFA,NEW ZELAND,0?€1,LOSE,12,4_4_2,DF,STARTING,27,21,0.78,0,0,0,9,4,0.44,1,1,0,0,0,4,0,0,0,0,0,4,3,2,2,3,2,3,7,5,0,5,11,6,15,5,10,10,9278.2,3819.8,3252.9,1649.7,368.3,187.4,149,32,29,0,4,4,2,100,0
1,A,NORWAY,UEFA,NEW ZELAND,0?€1,LOSE,12,4_4_2,MF,STARTING,41,25,0.61,0,0,0,21,12,0.57,1,1,0,1,0,41,13,24,3,0,0,1,12,5,3,1,1,13,22,8,0,10,6,14,13,6,10,7,11891.4,3343.9,3701.8,4068.1,593.4,184.3,254,46,28,0,4,4,2,60,0
1,A,NORWAY,UEFA,NEW ZELAND,0?€1,LOSE,12,4_4_2,FW,STARTING,26,24,0.92,1,4,0,8,7,0.87,6,4,2,0,0,28,4,0,0,1,15,8,6,3,1,1,0,7,8,0,0,1,0,6,8,6,2,0,9361.4,4178,2600.6,1810.5,500.8,270.5,143,39,32.5,0,4,4,2,33.33333333,0
1,A,NORWAY,UEFA,NEW ZELAND,0?€1,LOSE,12,4_4_2,MF,STARTING,22,15,0.68,1,3,1,9,4,0.44,1,0,1,1,0,65,5,38,1,8,11,2,11,2,2,1,0,6,11,2,0,2,1,9,27,9,2,2,10299.3,3825.1,3506.9,2503.8,372.8,90.6,199,28,31,0,4,4,2,100,33.33333333
1,A,NORWAY,UEFA,NEW ZELAND,0?€1,LOSE,12,4_4_2,DF,STARTING,36,28,0.78,0,0,0,12,8,0.66,0,0,0,0,0,8,3,0,0,0,0,5,2,8,2,3,1,6,4,1,0,1,4,11,12,5,5,7,8862.5,2955.7,3230.4,2082.7,469.7,123.2,182,38,28.8,0,4,4,2,25,0
1,A,NORWAY,UEFA,NEW ZELAND,0?€1,LOSE,12,4_4_2,FW,STARTING,15,9,0.6,0,1,0,3,1,0.33,2,0,2,3,0,38,1,10,1,0,23,3,9,1,0,1,0,2,19,4,1,5,2,7,17,9,3,1,9359.5,3662.4,3292.7,1875.6,360.3,167.5,170,38,28.1,0,4,4,2,0,0
1,A,NORWAY,UEFA,NEW ZELAND,0?€1,LOSE,12,4_4_2,DF,STARTING,37,29,0.78,0,0,0,14,9,0.64,2,0,2,0,0,9,3,0,0,0,0,6,3,0,0,7,2,7,10,2,0,4,12,6,13,6,9,6,9365.4,3478.3,3384.6,1892.7,315.6,293.1,162,39,31.5,0,4,4,2,0,0
1,A,NORWAY,UEFA,NEW ZELAND,0?€1,LOSE,12,4_4_2,FW,STARTING,18,8,0.44,0,2,1,4,1,0.25,0,0,0,0,0,24,1,5,2,4,5,7,11,3,0,5,1,4,13,3,0,3,3,10,9,7,4,4,6728,1641,2874.9,1708.9,372.1,131.2,139,31,26.8,0,4,4,2,0,50
1,A,NORWAY,UEFA,NEW ZELAND,0?€1,LOSE,12,4_4_2,MF,STARTING,17,12,0.71,1,1,1,5,5,1,0,0,0,2,0,19,2,8,2,2,2,3,7,1,1,1,0,5,18,3,0,4,3,3,15,7,3,2,8040.9,2817.5,2557.8,2265.1,355.4,45,156,29,28.9,0,4,4,2,100,100
1,A,NORWAY,UEFA,NEW ZELAND,0?€1,LOSE,12,4_4_2,GK,STARTING,33,15,0.45,0,0,0,19,7,0.36,0,0,0,0,0,4,0,0,0,0,0,4,1,0,0,0,0,0,0,0,0,0,0,7,0,0,12,0,4322.1,2885,1050.7,312.5,74.3,0,33,8,22.9,0,4,4,2,0,0
1,A,NORWAY,UEFA,NEW ZELAND,0?€1,LOSE,12,4_4_2,GK,Substitutions,0,0,0,0,0,0,0,0,0,0,0,0,0,0,0,0,0,0,0,0,0,0,0,0,0,0,0,0,0,0,0,0,0,0,0,0,0,0,0,0,0,0,0,0,0,0,0,4,4,2,0,0
1,A,NORWAY,UEFA,NEW ZELAND,0?€1,LOSE,12,4_4_2,DF,Substitutions,5,4,0.8,0,1,1,3,3,1,0,0,0,0,0,3,1,0,0,0,1,1,1,0,0,0,0,1,0,1,0,1,2,0,1,0,1,1,1004.8,235.8,388.4,319,61.5,0,22,3,22,0,4,4,2,0,100
1,A,NORWAY,UEFA,NEW ZELAND,0?€1,LOSE,12,4_4_2,DF,Substitutions,0,0,0,0,0,0,0,0,0,0,0,0,0,0,0,0,0,0,0,0,0,0,0,0,0,0,0,0,0,0,0,0,0,0,0,0,0,0,0,0,0,0,0,0,0,0,0,4,4,2,0,0
1,A,NORWAY,UEFA,NEW ZELAND,0?€1,LOSE,12,4_4_2,DF,Substitutions,0,0,0,0,0,0,0,0,0,0,0,0,0,0,0,0,0,0,0,0,0,0,0,0,0,0,0,0,0,0,0,0,0,0,0,0,0,0,0,0,0,0,0,0,0,0,0,4,4,2,0,0
1,A,NORWAY,UEFA,NEW ZELAND,0?€1,LOSE,12,4_4_2,MF,Substitutions,12,6,0.5,0,0,0,6,1,0.16,0,0,0,0,0,9,6,2,1,0,0,0,3,2,0,2,1,4,8,3,0,3,0,3,6,2,3,2,2815.8,856.3,1233,606.2,61.9,58.3,44,5,26.4,0,4,4,2,0,0
1,A,NORWAY,UEFA,NEW ZELAND,0?€1,LOSE,12,4_4_2,FW,Substitutions,0,0,0,0,0,0,0,0,0,0,0,0,0,0,0,0,0,0,0,0,0,0,0,0,0,0,0,0,0,0,0,0,0,0,0,0,0,0,0,0,0,0,0,0,0,0,0,4,4,2,0,0
1,A,NORWAY,UEFA,NEW ZELAND,0?€1,LOSE,12,4_4_2,GK,Substitutions,0,0,0,0,0,0,0,0,0,0,0,0,0,0,0,0,0,0,0,0,0,0,0,0,0,0,0,0,0,0,0,0,0,0,0,0,0,0,0,0,0,0,0,0,0,0,0,4,4,2,0,0
1,A,NORWAY,UEFA,NEW ZELAND,0?€1,LOSE,12,4_4_2,FW,Substitutions,0,0,0,0,0,0,0,0,0,0,0,0,0,0,0,0,0,0,0,0,0,0,0,0,0,0,0,0,0,0,0,0,0,0,0,0,0,0,0,0,0,0,0,0,0,0,0,4,4,2,0,0
1,A,NORWAY,UEFA,NEW ZELAND,0?€1,LOSE,12,4_4_2,DF,Substitutions,0,0,0,0,0,0,0,0,0,0,0,0,0,0,0,0,0,0,0,0,0,0,0,0,0,0,0,0,0,0,0,0,0,0,0,0,0,0,0,0,0,0,0,0,0,0,0,4,4,2,0,0
1,A,NORWAY,UEFA,NEW ZELAND,0?€1,LOSE,12,4_4_2,FW,Substitutions,10,5,0.5,0,5,1,6,3,0.5,1,0,1,2,0,20,3,0,0,0,3,14,8,1,1,1,0,2,3,1,0,1,1,6,1,1,3,1,4537.9,1837.4,1260.2,1017.9,275.5,146.6,77,22,28.5,0,4,4,2,100,20
1,A,NORWAY,UEFA,NEW ZELAND,0?€1,LOSE,12,4_4_2,FW,Substitutions,0,0,0,0,0,0,0,0,0,0,0,0,0,0,0,0,0,0,0,0,0,0,0,0,0,0,0,0,0,0,0,0,0,0,0,0,0,0,0,0,0,0,0,0,0,0,0,4,4,2,0,0
1,A,NORWAY,UEFA,NEW ZELAND,0?€1,LOSE,12,4_4_2,FW,Substitutions,0,0,0,0,0,0,0,0,0,0,0,0,0,0,0,0,0,0,0,0,0,0,0,0,0,0,0,0,0,0,0,0,0,0,0,0,0,0,0,0,0,0,0,0,0,0,0,4,4,2,0,0
34,A,NORWAY,UEFA,PHILIPPINES,6?€0,WIN,12,4_3_3,DF,STARTING,70,60,86%,0,4,1,19,13,68%,0,0,0,2,0,60,28,3,1,1,5,22,31,3,0,2,0,4,7,0,0,1,2,10,14,7,0,2,10784.9,3508.3,4378.7,2263.8,489.6,144.5,172,45,32.7,6,4,3,3,0,25
34,A,NORWAY,UEFA,PHILIPPINES,6?€0,WIN,12,4_3_3,DF,STARTING,118,112,95%,0,0,0,44,40,90%,2,0,2,0,0,28,8,0,0,0,1,19,7,0,0,1,3,0,2,1,0,2,7,15,3,1,7,2,10372.3,3854.3,4176.9,1919.9,343.3,77.8,162,36,29.8,6,4,3,3,0,0
34,A,NORWAY,UEFA,PHILIPPINES,6?€0,WIN,12,4_3_3,MF,STARTING,89,75,84%,5,2,2,25,19,76%,1,1,0,1,0,87,31,44,2,3,3,4,31,1,0,0,0,2,16,0,0,0,3,3,19,9,0,2,11577.9,3395.8,5250.6,2710.4,201.5,20.8,211,22,32.4,6,4,3,3,0,100
34,A,NORWAY,UEFA,PHILIPPINES,6?€0,WIN,12,4_3_3,FW,STARTING,28,25,89%,0,12,2,8,6,75%,8,4,4,7,1,33,2,4,1,1,12,13,17,0,0,1,0,1,13,2,1,3,0,8,9,6,2,0,8393.2,3082.8,3000.6,1525.9,419.7,364.3,128,44,32.9,6,4,3,3,0,16.66666667
34,A,NORWAY,UEFA,PHILIPPINES,6?€0,WIN,12,4_3_3,MF,STARTING,25,21,84%,1,6,3,7,4,57%,1,0,1,5,1,99,12,30,2,0,47,8,22,2,1,6,0,3,2,2,0,2,2,3,4,2,7,2,11271.7,3918,4001.5,2393,636.9,321.2,197,60,31.7,6,4,3,3,50,50
34,A,NORWAY,UEFA,PHILIPPINES,6?€0,WIN,12,4_3_3,DF,STARTING,45,37,82%,1,3,2,8,5,62%,0,0,0,0,0,31,8,1,0,0,6,16,9,2,1,1,1,4,6,5,0,6,9,13,10,2,6,8,7420.1,2157.8,3028.1,1643.5,425.9,164,149,35,31.6,6,4,3,3,50,66.66666667
34,A,NORWAY,UEFA,PHILIPPINES,6?€0,WIN,12,4_3_3,DF,STARTING,62,59,95%,0,0,0,9,8,88%,0,0,0,0,0,2,0,0,0,0,0,2,0,3,1,1,1,6,8,0,0,0,0,11,7,3,3,0,8151.7,2894.7,2932.2,1913.2,298.4,113.3,151,30,30.1,6,4,3,3,33.33333333,0
34,A,NORWAY,UEFA,PHILIPPINES,6?€0,WIN,12,4_3_3,MF,STARTING,40,33,82%,0,4,1,10,4,40%,2,2,0,2,0,43,8,17,2,4,9,3,18,0,0,0,1,1,1,2,0,2,9,4,4,1,9,3,7904.9,2516.1,2939.8,1902.7,440.3,105.9,152,38,32.1,6,4,3,3,0,25
34,A,NORWAY,UEFA,PHILIPPINES,6?€0,WIN,12,4_3_3,FW,STARTING,14,11,79%,0,4,1,7,7,100%,1,0,1,3,0,35,4,2,1,1,13,14,12,1,0,4,0,1,3,1,0,1,1,4,3,1,1,4,7384.6,2929.5,2343.9,1526.4,263.6,321.2,119,35,30,6,4,3,3,0,25
34,A,NORWAY,UEFA,PHILIPPINES,6?€0,WIN,12,4_3_3,FW,STARTING,15,12,80%,0,1,0,3,2,66%,0,0,0,6,3,29,1,7,0,0,21,0,7,0,0,0,0,1,25,9,0,10,1,0,22,14,1,1,11390.7,3822.7,3425.2,2779.3,923.8,439.7,254,86,31.7,6,4,3,3,0,0
34,A,NORWAY,UEFA,PHILIPPINES,6?€0,WIN,12,4_3_3,GK,STARTING,29,21,72%,0,0,0,10,5,50%,0,0,0,0,0,10,0,0,0,0,0,10,3,0,0,0,0,0,0,0,0,0,0,3,0,0,4,0,4932.7,3274.3,1257.8,359.6,41.4,0,37,6,21.8,6,4,3,3,0,0
34,A,NORWAY,UEFA,PHILIPPINES,6?€0,WIN,12,4_3_3,GK,Substitutions,0,0,0,0,0,0,0,0,0,0,0,0,0,0,0,0,0,0,0,0,0,0,0,0,0,0,0,0,0,0,0,0,0,0,0,0,0,0,0,0,0,0,0,0,0,0,6,4,3,3,0,0
34,A,NORWAY,UEFA,PHILIPPINES,6?€0,WIN,12,4_3_3,DF,Substitutions,37,33,89%,1,1,0,17,14,82%,0,0,0,0,0,11,4,0,0,0,0,7,7,0,0,0,1,0,1,0,0,0,2,3,2,1,1,1,4395.9,1160.9,1919.7,1136.3,142.4,36.5,79,15,31.9,6,4,3,3,0,0
34,A,NORWAY,UEFA,PHILIPPINES,6?€0,WIN,12,4_3_3,DF,Substitutions,0,0,0,0,0,0,0,0,0,0,0,0,0,0,0,0,0,0,0,0,0,0,0,0,0,0,0,0,0,0,0,0,0,0,0,0,0,0,0,0,0,0,0,0,0,0,6,4,3,3,0,0
34,A,NORWAY,UEFA,PHILIPPINES,6?€0,WIN,12,4_3_3,DF,Substitutions,18,18,100%,0,0,0,4,4,100%,1,0,1,0,0,2,0,0,0,0,2,0,0,1,1,0,0,1,0,0,0,0,2,2,2,0,2,1,2480.6,680.2,1082,552.4,88.6,77.4,51,9,30.3,6,4,3,3,100,0
34,A,NORWAY,UEFA,PHILIPPINES,6?€0,WIN,12,4_3_3,MF,Substitutions,25,23,92%,1,0,0,10,8,80%,0,0,0,2,0,30,15,8,0,1,1,5,7,1,1,1,0,1,2,2,0,2,3,5,2,1,3,2,4688.9,1012.3,1702.5,1657.5,230.2,86.3,115,18,29.8,6,4,3,3,100,0
34,A,NORWAY,UEFA,PHILIPPINES,6?€0,WIN,12,4_3_3,FW,Substitutions,14,11,79%,0,2,0,6,2,33%,3,3,0,0,0,25,2,8,0,2,6,7,7,0,0,0,0,2,0,0,0,1,0,3,0,0,1,0,4116.4,1082.2,1634.2,950.9,317.8,130.9,77,24,32.6,6,4,3,3,0,0
34,A,NORWAY,UEFA,PHILIPPINES,6?€0,WIN,12,4_3_3,GK,Substitutions,0,0,0,0,0,0,0,0,0,0,0,0,0,0,0,0,0,0,0,0,0,0,0,0,0,0,0,0,0,0,0,0,0,0,0,0,0,0,0,0,0,0,0,0,0,0,6,4,3,3,0,0
34,A,NORWAY,UEFA,PHILIPPINES,6?€0,WIN,12,4_3_3,FW,Substitutions,0,0,0,0,0,0,0,0,0,0,0,0,0,0,0,0,0,0,0,0,0,0,0,0,0,0,0,0,0,0,0,0,0,0,0,0,0,0,0,0,0,0,0,0,0,0,6,4,3,3,0,0
34,A,NORWAY,UEFA,PHILIPPINES,6?€0,WIN,12,4_3_3,FW,Substitutions,0,0,0,0,0,0,0,0,0,0,0,0,0,0,0,0,0,0,0,0,0,0,0,0,0,0,0,0,0,0,0,0,0,0,0,0,0,0,0,0,0,0,0,0,0,0,6,4,3,3,0,0
34,A,NORWAY,UEFA,PHILIPPINES,6?€0,WIN,12,4_3_3,FW,Substitutions,0,0,0,0,0,0,0,0,0,0,0,0,0,0,0,0,0,0,0,0,0,0,0,0,0,0,0,0,0,0,0,0,0,0,0,0,0,0,0,0,0,0,0,0,0,0,6,4,3,3,0,0
34,A,NORWAY,UEFA,PHILIPPINES,6?€0,WIN,12,4_3_3,DF,Substitutions,0,0,0,0,0,0,0,0,0,0,0,0,0,0,0,0,0,0,0,0,0,0,0,0,0,0,0,0,0,0,0,0,0,0,0,0,0,0,0,0,0,0,0,0,0,0,6,4,3,3,0,0
34,A,NORWAY,UEFA,PHILIPPINES,6?€0,WIN,12,4_3_3,FW,Substitutions,7,7,100%,0,3,2,2,2,100%,1,0,1,2,0,19,0,0,1,0,6,12,10,0,0,0,0,0,4,0,0,0,1,1,6,3,1,1,2979,667.3,1111.2,848.1,168.3,184.4,65,19,30.6,6,4,3,3,0,66.66666667
18,A,NORWAY,UEFA,SWITZERLAND,0?€0,DRAW,12,4_3_3,DF,STARTING,32,29,91%,0,1,0,9,7,77%,0,0,0,0,0,26,8,0,0,0,5,13,11,0,0,0,3,3,8,2,0,2,4,3,28,3,5,1,8066.2,2944.2,3477.4,1176.9,277.5,190.4,112,30,28.3,0,4,3,3,0,0
18,A,NORWAY,UEFA,SWITZERLAND,0?€0,DRAW,12,4_3_3,DF,STARTING,89,84,94%,0,0,0,8,7,87%,5,0,5,2,0,3,0,0,0,0,0,3,1,4,1,5,3,3,2,1,2,3,6,7,2,0,8,9,10114.3,3826.2,4032.6,1955.1,283.2,19.2,152,25,29.9,0,4,3,3,25,0
18,A,NORWAY,UEFA,SWITZERLAND,0?€0,DRAW,12,4_3_3,MF,STARTING,81,72,89%,0,2,1,27,24,88%,0,0,0,1,0,47,33,5,0,0,0,9,30,4,2,1,0,10,19,3,0,6,9,11,20,7,9,6,9993.3,2873.1,4471,2371.4,263.8,15,172,20,24.9,0,4,3,3,50,50
18,A,NORWAY,UEFA,SWITZERLAND,0?€0,DRAW,12,4_3_3,MF,STARTING,34,21,62%,0,4,1,12,6,50%,3,2,1,0,0,43,11,18,1,5,6,2,23,3,0,1,0,6,20,1,0,1,1,3,21,11,1,1,10650.9,3651.1,3717.2,2767.1,443.1,73.5,208,30,28.1,0,4,3,3,0,25
18,A,NORWAY,UEFA,SWITZERLAND,0?€0,DRAW,12,4_3_3,DF,STARTING,42,32,76%,0,0,0,9,6,66%,2,1,1,0,0,29,6,1,1,0,5,16,10,3,2,5,1,4,3,1,0,1,4,6,15,4,7,5,9731.9,2811.6,4142.9,2295.8,428.2,52.6,179,33,29.3,0,4,3,3,66.66666667,0
18,A,NORWAY,UEFA,SWITZERLAND,0?€0,DRAW,12,4_3_3,FW,STARTING,12,11,92%,0,1,0,5,4,80%,4,1,3,1,0,37,2,1,3,0,28,3,4,1,0,1,1,2,22,0,0,0,0,5,21,16,2,1,7134.3,1984,2868.7,1840.6,409.5,32.1,145,22,28.8,0,4,3,3,0,0
18,A,NORWAY,UEFA,SWITZERLAND,0?€0,DRAW,12,4_3_3,DF,STARTING,82,79,96%,0,0,0,12,9,75%,2,0,2,0,0,79,5,1,0,0,0,73,51,3,1,4,0,13,5,1,0,1,7,11,18,4,10,8,10368.5,3575.1,3849.8,2398.2,480.1,65.3,207,32,27.4,0,4,3,3,33.33333333,0
18,A,NORWAY,UEFA,SWITZERLAND,0?€0,DRAW,12,4_3_3,MF,STARTING,30,22,73%,1,7,1,7,5,71%,1,0,1,1,0,79,12,37,6,4,15,5,17,1,1,1,0,4,23,1,0,1,2,12,32,12,2,3,11199.1,3634.1,4151.5,2961,367.3,85.1,224,34,28.7,0,4,3,3,100,14.28571429
18,A,NORWAY,UEFA,SWITZERLAND,0?€0,DRAW,12,4_3_3,FW,STARTING,24,10,42%,1,6,2,10,5,50%,3,1,2,0,0,25,1,1,3,0,10,10,8,2,0,6,0,3,24,1,0,2,3,6,25,19,2,7,10608.6,3858.3,3617.5,2392.2,563.3,177.2,184,46,29,0,4,3,3,0,33.33333333
18,A,NORWAY,UEFA,SWITZERLAND,0?€0,DRAW,12,4_3_3,FW,STARTING,9,7,78%,0,0,0,1,1,100%,0,0,0,5,0,26,0,9,0,0,17,0,2,1,1,4,0,7,40,2,0,2,0,2,56,29,3,0,8853.7,2646.4,2781,2275.4,848.2,303.7,186,69,31.5,0,4,3,3,100,0
18,A,NORWAY,UEFA,SWITZERLAND,0?€0,DRAW,12,4_3_3,GK,STARTING,18,15,83%,0,0,0,4,1,25%,0,0,0,0,0,5,0,0,0,0,0,5,1,0,0,0,0,0,0,0,0,0,0,2,0,0,6,0,4489,3223.5,1001.9,241.1,22,0,25,3,21,0,4,3,3,0,0
18,A,NORWAY,UEFA,SWITZERLAND,0?€0,DRAW,12,4_3_3,GK,Substitutions,0,0,0,0,0,0,0,0,0,0,0,0,0,0,0,0,0,0,0,0,0,0,0,0,0,0,0,0,0,0,0,0,0,0,0,0,0,0,0,0,0,0,0,0,0,0,0,4,3,3,0,0
18,A,NORWAY,UEFA,SWITZERLAND,0?€0,DRAW,12,4_3_3,DF,Substitutions,9,6,67%,0,0,0,1,1,100%,0,0,0,0,0,10,1,0,0,0,1,8,4,2,0,0,0,2,3,0,0,0,0,3,6,1,1,2,2835.1,724.9,1057.2,809.7,187.4,56.1,53,13,28.5,0,4,3,3,0,0
18,A,NORWAY,UEFA,SWITZERLAND,0?€0,DRAW,12,4_3_3,DF,Substitutions,0,0,0,0,0,0,0,0,0,0,0,0,0,0,0,0,0,0,0,0,0,0,0,0,0,0,0,0,0,0,0,0,0,0,0,0,0,0,0,0,0,0,0,0,0,0,0,4,3,3,0,0
18,A,NORWAY,UEFA,SWITZERLAND,0?€0,DRAW,12,4_3_3,DF,Substitutions,0,0,0,0,0,0,0,0,0,0,0,0,0,0,0,0,0,0,0,0,0,0,0,0,0,0,0,0,0,0,0,0,0,0,0,0,0,0,0,0,0,0,0,0,0,0,0,4,3,3,0,0
18,A,NORWAY,UEFA,SWITZERLAND,0?€0,DRAW,12,4_3_3,MF,Substitutions,2,2,100%,0,0,0,0,0,0,0,0,0,0,0,3,1,1,0,0,0,1,1,0,0,0,0,1,3,1,0,1,0,0,2,1,0,0,1068.5,219.3,270.5,457.6,99.2,21.9,27,7,27,0,4,3,3,0,0
18,A,NORWAY,UEFA,SWITZERLAND,0?€0,DRAW,12,4_3_3,FW,Substitutions,0,0,0,0,0,0,0,0,0,0,0,0,0,0,11,0,1,0,1,9,0,0,0,0,0,0,2,4,0,0,0,0,0,5,4,0,0,2418.5,688.8,943.5,543.4,108.8,134,46,12,28.9,0,4,3,3,0,0
18,A,NORWAY,UEFA,SWITZERLAND,0?€0,DRAW,12,4_3_3,FW,Substitutions,14,13,93%,0,4,0,5,3,60%,0,0,0,3,0,18,2,1,1,0,9,5,6,1,0,0,0,1,8,0,0,0,0,2,3,3,0,1,4247.2,1456.8,1556.6,911.4,262.5,59.9,85,21,26,0,4,3,3,0,0
18,A,NORWAY,UEFA,SWITZERLAND,0?€0,DRAW,12,4_3_3,GK,Substitutions,0,0,0,0,0,0,0,0,0,0,0,0,0,0,0,0,0,0,0,0,0,0,0,0,0,0,0,0,0,0,0,0,0,0,0,0,0,0,0,0,0,0,0,0,0,0,0,4,3,3,0,0
18,A,NORWAY,UEFA,SWITZERLAND,0?€0,DRAW,12,4_3_3,FW,Substitutions,0,0,0,0,0,0,0,0,0,0,0,0,0,0,0,0,0,0,0,0,0,0,0,0,0,0,0,0,0,0,0,0,0,0,0,0,0,0,0,0,0,0,0,0,0,0,0,4,3,3,0,0
18,A,NORWAY,UEFA,SWITZERLAND,0?€0,DRAW,12,4_3_3,FW,Substitutions,0,0,0,0,0,0,0,0,0,0,0,0,0,0,0,0,0,0,0,0,0,0,0,0,0,0,0,0,0,0,0,0,0,0,0,0,0,0,0,0,0,0,0,0,0,0,0,4,3,3,0,0
18,A,NORWAY,UEFA,SWITZERLAND,0?€0,DRAW,12,4_3_3,DF,Substitutions,4,2,50%,0,0,0,1,0,0,0,0,0,0,0,0,0,0,0,0,0,0,0,0,0,0,1,0,2,0,0,0,0,1,2,2,1,0,919.2,232.8,332.5,301.1,52.7,0,18,3,29,0,4,3,3,0,0
18,A,NORWAY,UEFA,SWITZERLAND,0?€0,DRAW,12,4_3_3,FW,Substitutions,0,0,0,0,0,0,0,0,0,0,0,0,0,0,0,0,0,0,0,0,0,0,0,0,0,0,0,0,0,0,0,0,0,0,0,0,0,0,0,0,0,0,0,0,0,0,0,4,3,3,0,0
17,A,PHILIPPINES,AFC,NEW ZELAND,1?€0,WIN,46,3_5_2,GK,STARTING,39,10,26%,0,0,0,30,8,26%,0,0,0,0,0,1,0,0,0,0,0,1,0,0,0,0,0,0,0,0,0,0,1,5,0,0,19,0,4718.1,3518.3,919.6,237.3,36.3,6.6,32,4,28.4,1,3,5,2,0,0
17,A,PHILIPPINES,AFC,NEW ZELAND,1?€0,WIN,46,3_5_2,DF,STARTING,15,11,73%,0,0,0,3,1,33%,0,0,0,0,0,11,3,8,0,0,0,0,0,0,0,3,2,1,12,2,0,2,3,10,57,8,2,3,9892.9,2829.4,4111.5,2577.1,322.5,52.4,197,25,26.6,1,3,5,2,0,0
17,A,PHILIPPINES,AFC,NEW ZELAND,1?€0,WIN,46,3_5_2,MF,STARTING,31,24,77%,1,0,0,11,7,63%,2,2,0,0,0,10,6,4,0,0,0,0,2,4,1,2,2,12,33,2,0,2,7,16,41,20,4,9,11345.9,2887.5,4883.3,3050.9,451.6,71.5,203,30,27.8,1,3,5,2,25,0
17,A,PHILIPPINES,AFC,NEW ZELAND,1?€0,WIN,46,3_5_2,DF,STARTING,11,8,73%,0,0,0,6,4,66%,0,0,0,0,0,1,1,0,0,0,0,0,0,0,0,0,2,8,3,4,0,4,13,7,14,5,7,5,9622.9,3554.7,3956.9,1670.5,314.7,127,156,27,27.8,1,3,5,2,0,0
17,A,PHILIPPINES,AFC,NEW ZELAND,1?€0,WIN,46,3_5_2,FW,STARTING,16,6,38%,0,0,0,2,0,0%,1,1,0,1,1,30,1,15,1,2,10,1,7,0,0,2,1,3,25,5,0,6,1,3,17,12,3,1,10003.6,2861,3971.4,2680,382.1,109,216,33,29.6,1,3,5,2,0,0
17,A,PHILIPPINES,AFC,NEW ZELAND,1?€0,WIN,46,3_5_2,MF,STARTING,10,5,50%,0,2,1,3,1,33%,0,0,0,0,0,21,2,3,1,3,2,10,5,5,2,6,0,13,32,1,0,1,4,7,20,13,4,6,8030.3,2131.3,3193.7,1961,596.7,148.6,170,50,28.6,1,3,5,2,40,50
17,A,PHILIPPINES,AFC,NEW ZELAND,1?€0,WIN,46,3_5_2,DF,STARTING,12,7,58%,2,2,0,8,2,25%,0,0,0,0,0,6,1,0,0,0,0,5,2,3,0,0,0,1,4,1,0,1,9,3,7,2,2,7,9374.5,3575.4,4054.5,1381.8,214.7,149.1,125,23,28,1,3,5,2,0,0
17,A,PHILIPPINES,AFC,NEW ZELAND,1?€0,WIN,46,3_5_2,DF,STARTING,21,12,57%,0,1,0,14,10,71%,0,0,0,0,0,5,1,1,0,0,2,1,2,4,1,8,0,9,11,5,0,5,10,4,23,11,7,8,10261.3,3288.8,3717.7,2391.9,630,232.9,204,53,29.2,1,3,5,2,25,0
17,A,PHILIPPINES,AFC,NEW ZELAND,1?€0,WIN,46,3_5_2,DF,STARTING,27,13,48%,1,0,0,8,3,37%,0,0,0,0,0,10,5,0,0,0,0,5,5,2,1,6,0,0,4,1,0,1,11,2,13,4,5,8,7740.8,2583.1,3114.9,1772.6,209,61.2,135,18,27.5,1,3,5,2,50,0
17,A,PHILIPPINES,AFC,NEW ZELAND,1?€0,WIN,46,3_5_2,MF,STARTING,18,10,56%,0,0,0,4,3,75%,0,0,0,0,0,13,2,8,0,1,0,2,6,1,0,5,0,4,52,0,0,2,2,4,37,30,1,6,8583,2327.7,3543.1,2276.2,423.1,13.7,188,32,30.8,1,3,5,2,0,0
17,A,PHILIPPINES,AFC,NEW ZELAND,1?€0,WIN,46,3_5_2,FW,STARTING,13,6,46%,0,0,0,2,0,0%,0,0,0,2,0,13,1,2,0,1,7,2,2,5,1,6,0,2,18,2,0,5,3,6,23,10,4,8,10897.1,3596,3496.9,2910.6,741,151.5,222,53,28,1,3,5,2,20,0
17,A,PHILIPPINES,AFC,NEW ZELAND,1?€0,WIN,46,3_5_2,DF,Substitutions,0,0,0,0,0,0,0,0,0,0,0,0,0,0,0,0,0,0,0,0,0,0,0,0,0,0,0,0,0,0,0,0,0,0,0,0,0,0,0,0,0,0,0,0,0,0,1,3,5,2,0,0
17,A,PHILIPPINES,AFC,NEW ZELAND,1?€0,WIN,46,3_5_2,MF,Substitutions,8,4,50%,0,0,0,3,1,33%,0,0,0,0,0,5,1,0,1,0,0,3,2,0,0,1,0,1,3,1,0,1,1,3,5,4,1,0,3402.5,773.4,1377.3,950,281,20.8,79,17,25,1,3,5,2,0,0
17,A,PHILIPPINES,AFC,NEW ZELAND,1?€0,WIN,46,3_5_2,FW,Substitutions,4,3,75%,0,0,0,1,1,100%,0,0,0,0,0,14,2,4,2,3,3,0,1,2,1,2,0,7,6,0,0,0,1,1,10,3,3,1,3740.4,1163.3,1371.2,816.2,253.6,136.2,72,25,29.2,1,3,5,2,50,0
17,A,PHILIPPINES,AFC,NEW ZELAND,1?€0,WIN,46,3_5_2,FW,Substitutions,0,0,0,0,0,0,0,0,0,0,0,0,0,0,0,0,0,0,0,0,0,0,0,0,0,0,0,0,0,0,0,0,0,0,0,0,0,0,0,0,0,0,0,0,0,0,1,3,5,2,0,0
17,A,PHILIPPINES,AFC,NEW ZELAND,1?€0,WIN,46,3_5_2,MF,Substitutions,0,0,0,0,0,0,0,0,0,0,0,0,0,0,0,0,0,0,0,0,0,0,0,0,0,0,0,0,0,0,0,0,0,0,0,0,0,0,0,0,0,0,0,0,0,0,1,3,5,2,0,0
17,A,PHILIPPINES,AFC,NEW ZELAND,1?€0,WIN,46,3_5_2,MF,Substitutions,2,0,0,0,0,0,1,0,0,0,0,0,0,0,0,0,0,0,0,0,0,0,0,0,0,0,0,2,1,0,1,0,1,6,0,0,0,1539.9,455,545.7,515.6,23.4,0,36,2,23.2,1,3,5,2,0,0
17,A,PHILIPPINES,AFC,NEW ZELAND,1?€0,WIN,46,3_5_2,MF,Substitutions,0,0,0,0,0,0,0,0,0,0,0,0,0,0,0,0,0,0,0,0,0,0,0,0,0,0,0,0,0,0,0,0,0,0,0,0,0,0,0,0,0,0,0,0,0,0,1,3,5,2,0,0
17,A,PHILIPPINES,AFC,NEW ZELAND,1?€0,WIN,46,3_5_2,FW,Substitutions,2,1,50%,0,0,0,0,0,0,0,0,0,1,0,2,0,0,1,1,0,0,0,0,0,1,0,1,4,0,0,0,1,2,2,1,1,1,1854.4,359.4,744.7,461.4,223.6,65.3,31,13,31.2,1,3,5,2,0,0
17,A,PHILIPPINES,AFC,NEW ZELAND,1?€0,WIN,46,3_5_2,GK,Substitutions,0,0,0,0,0,0,0,0,0,0,0,0,0,0,0,0,0,0,0,0,0,0,0,0,0,0,0,0,0,0,0,0,0,0,0,0,0,0,0,0,0,0,0,0,0,0,1,3,5,2,0,0
17,A,PHILIPPINES,AFC,NEW ZELAND,1?€0,WIN,46,3_5_2,DF,Substitutions,11,4,36%,0,0,0,4,2,50%,0,0,0,0,0,0,0,0,0,0,0,0,0,0,0,0,0,1,6,0,0,0,3,4,7,4,0,1,2764.5,847.9,1167.7,592.7,102,54.2,48,11,29.3,1,3,5,2,0,0
17,A,PHILIPPINES,AFC,NEW ZELAND,1?€0,WIN,46,3_5_2,GK,Substitutions,0,0,0,0,0,0,0,0,0,0,0,0,0,0,0,0,0,0,0,0,0,0,0,0,0,0,0,0,0,0,0,0,0,0,0,0,0,0,0,0,0,0,0,0,0,0,1,3,5,2,0,0
17,A,PHILIPPINES,AFC,NEW ZELAND,1?€0,WIN,46,3_5_2,DF,Substitutions,0,0,0,0,0,0,0,0,0,0,0,0,0,0,0,0,0,0,0,0,0,0,0,0,0,0,0,0,0,0,0,0,0,0,0,0,0,0,0,0,0,0,0,0,0,0,1,3,5,2,0,0
34,A,PHILIPPINES,AFC,NORWAY,0?€6,LOSE,46,4_4_2,GK,STARTING,41,13,32%,0,0,0,29,9,31%,0,0,0,0,0,4,0,0,0,0,0,4,3,0,0,0,0,0,0,0,0,0,0,9,0,0,18,0,5403.7,3687.5,1196.9,451.2,68.1,0,42,9,26.4,0,4,4,2,0,0
34,A,PHILIPPINES,AFC,NORWAY,0?€6,LOSE,46,4_4_2,DF,STARTING,30,21,70%,0,0,0,13,8,61%,3,0,3,0,0,3,0,1,0,0,0,2,0,0,0,4,0,0,11,3,0,3,8,10,13,6,2,8,10659.3,3520.8,4369.3,2113.7,508.5,147.1,193,49,31.8,0,4,4,2,0,0
34,A,PHILIPPINES,AFC,NORWAY,0?€6,LOSE,46,4_4_2,MF,STARTING,21,17,81%,0,0,0,5,3,60%,0,0,0,0,0,16,9,5,0,0,0,2,7,1,0,1,0,5,21,0,0,0,5,8,39,15,3,3,8239.3,2231.2,3540.4,1793.7,510.8,162.3,159,44,29.1,0,4,4,2,0,0
34,A,PHILIPPINES,AFC,NORWAY,0?€6,LOSE,46,4_4_2,DF,STARTING,25,16,64%,0,0,0,12,7,58%,1,0,1,0,0,4,1,0,0,0,0,3,0,0,0,3,4,1,3,4,0,4,10,4,10,1,4,8,10387.5,3741.6,3828.8,2145,407.2,265.9,185,42,32,0,4,4,2,0,0
34,A,PHILIPPINES,AFC,NORWAY,0?€6,LOSE,46,4_4_2,FW,STARTING,20,12,60%,0,1,0,2,0,0%,0,0,0,0,0,22,0,5,1,2,11,3,5,1,1,3,0,1,13,1,0,1,1,6,13,6,2,1,8261.3,2465.2,3205.4,2045.5,403.2,142.1,175,42,30.4,0,4,4,2,100,0
34,A,PHILIPPINES,AFC,NORWAY,0?€6,LOSE,46,4_4_2,MF,STARTING,28,18,64%,0,1,0,10,2,20%,0,0,0,1,0,17,6,6,1,1,1,2,7,3,0,2,2,5,36,2,0,2,9,8,42,18,2,11,12362.1,3026.2,5136.4,3222.8,697.2,279.4,253,70,32.6,0,4,4,2,0,0
34,A,PHILIPPINES,AFC,NORWAY,0?€6,LOSE,46,4_4_2,FW,STARTING,2,0,0,0,0,0,0,0,0,0,0,0,0,0,31,1,5,3,4,18,0,3,1,1,0,0,3,52,0,0,0,0,0,14,11,1,0,6762.2,1971.2,2497.3,1664.9,438.2,190.7,155,45,30,0,4,4,2,100,0
34,A,PHILIPPINES,AFC,NORWAY,0?€6,LOSE,46,4_4_2,DF,STARTING,28,17,61%,0,4,0,13,4,30%,0,0,0,2,0,17,4,0,1,1,4,7,3,3,1,3,0,5,22,1,0,3,8,6,36,16,8,2,11662.5,3404.3,4610.2,2520.3,866.5,261.2,206,69,31.1,0,4,4,2,33.33333333,0
34,A,PHILIPPINES,AFC,NORWAY,0?€6,LOSE,46,4_4_2,DF,STARTING,8,4,50%,0,0,0,3,2,66%,0,0,0,0,0,8,5,0,0,0,0,3,2,1,0,1,0,1,7,0,0,0,2,1,10,6,0,2,6258.9,1970.3,2644.4,1201.7,334.8,107,108,29,30.7,0,4,4,2,0,0
34,A,PHILIPPINES,AFC,NORWAY,0?€6,LOSE,46,4_4_2,MF,STARTING,15,12,80%,0,0,0,2,1,50%,3,2,1,0,0,40,5,18,5,3,4,5,13,3,1,1,0,6,29,1,0,1,3,4,35,23,5,2,9077.3,2569.8,3414.9,2299.3,603.6,188.8,195,53,31.7,0,4,4,2,33.33333333,0
34,A,PHILIPPINES,AFC,NORWAY,0?€6,LOSE,46,4_4_2,MF,STARTING,16,7,44%,0,0,0,1,0,0,0,0,0,1,0,49,4,10,1,1,28,5,7,4,1,2,0,9,51,1,0,1,4,8,55,32,1,5,10807.2,3469.1,3996.5,2408.9,676.5,255,210,77,30,0,4,4,2,25,0
34,A,PHILIPPINES,AFC,NORWAY,0?€6,LOSE,46,4_4_2,DF,Substitutions,0,0,0,0,0,0,0,0,0,0,0,0,0,0,0,0,0,0,0,0,0,0,0,0,0,0,0,0,0,0,0,0,0,0,0,0,0,0,0,0,0,0,0,0,0,0,0,4,4,2,0,0
34,A,PHILIPPINES,AFC,NORWAY,0?€6,LOSE,46,4_4_2,MF,Substitutions,0,0,0,0,0,0,0,0,0,0,0,0,0,0,0,0,0,0,0,0,0,0,0,0,0,0,0,0,0,0,0,0,0,0,0,0,0,0,0,0,0,0,0,0,0,0,0,4,4,2,0,0
34,A,PHILIPPINES,AFC,NORWAY,0?€6,LOSE,46,4_4_2,FW,Substitutions,4,3,75%,0,0,0,0,0,0,0,0,0,0,0,8,0,4,0,1,3,0,2,0,0,0,0,0,20,0,0,0,0,3,10,6,0,0,3777.8,778.6,1482.4,1120.9,221.4,174.5,79,24,29,0,4,4,2,0,0
34,A,PHILIPPINES,AFC,NORWAY,0?€6,LOSE,46,4_4_2,MF,Substitutions,0,0,0,0,0,0,0,0,0,0,0,0,0,0,0,0,0,0,0,0,0,0,0,0,0,0,0,0,0,0,0,0,0,0,0,0,0,0,0,0,0,0,0,0,0,0,0,4,4,2,0,0
34,A,PHILIPPINES,AFC,NORWAY,0?€6,LOSE,46,4_4_2,MF,Substitutions,1,1,100%,0,0,0,0,0,0%,0,0,0,0,0,0,0,0,0,0,0,0,0,1,0,1,0,4,12,2,0,2,0,1,14,6,1,0,3647.3,775.1,1497.2,1092.4,224.7,58,81,19,30.7,0,4,4,2,0,0
34,A,PHILIPPINES,AFC,NORWAY,0?€6,LOSE,46,4_4_2,MF,Substitutions,7,4,57%,0,0,0,5,3,60%,0,0,0,0,0,5,0,2,0,1,2,0,0,1,1,1,1,2,8,0,0,0,0,0,11,7,4,0,2621.7,598.8,1089.8,795.9,130.6,6.8,52,7,26.1,0,4,4,2,100,0
34,A,PHILIPPINES,AFC,NORWAY,0?€6,LOSE,46,4_4_2,FW,Substitutions,0,0,0,0,0,0,0,0,0,0,0,0,0,0,0,0,0,0,0,0,0,0,0,0,0,0,0,0,0,0,0,0,0,0,0,0,0,0,0,0,0,0,0,0,0,0,0,4,4,2,0,0
34,A,PHILIPPINES,AFC,NORWAY,0?€6,LOSE,46,4_4_2,DF,Substitutions,1,1,100%,0,1,1,0,0,0,0,0,0,0,0,2,1,0,0,1,0,0,1,2,0,0,0,3,2,0,0,0,0,0,5,3,0,1,1024.6,280.3,308.1,321.7,87.8,26.6,28,7,31.7,0,4,4,2,0,100
34,A,PHILIPPINES,AFC,NORWAY,0?€6,LOSE,46,4_4_2,GK,Substitutions,0,0,0,0,0,0,0,0,0,0,0,0,0,0,0,0,0,0,0,0,0,0,0,0,0,0,0,0,0,0,0,0,0,0,0,0,0,0,0,0,0,0,0,0,0,0,0,4,4,2,0,0
34,A,PHILIPPINES,AFC,NORWAY,0?€6,LOSE,46,4_4_2,DF,Substitutions,11,6,55%,0,1,0,8,4,50%,0,0,0,0,0,7,0,1,1,1,0,4,0,1,1,2,0,3,11,0,0,0,3,4,14,12,4,3,5241.8,1338.2,1697.8,1472.4,496.4,236.9,115,38,31,0,4,4,2,100,0
34,A,PHILIPPINES,AFC,NORWAY,0?€6,LOSE,46,4_4_2,GK,Substitutions,0,0,0,0,0,0,0,0,0,0,0,0,0,0,0,0,0,0,0,0,0,0,0,0,0,0,0,0,0,0,0,0,0,0,0,0,0,0,0,0,0,0,0,0,0,0,0,4,4,2,0,0
34,A,PHILIPPINES,AFC,NORWAY,0?€6,LOSE,46,4_4_2,DF,Substitutions,0,0,0,0,0,0,0,0,0,0,0,0,0,0,0,0,0,0,0,0,0,0,0,0,0,0,0,0,0,0,0,0,0,0,0,0,0,0,0,0,0,0,0,0,0,0,0,4,4,2,0,0
3,A,PHILIPPINES,AFC,SWITZERLAND,0?€2,LOSE,46,3_5_2,GK,STARTING,34,18,53%,0,0,0,18,6,33%,0,0,0,0,0,4,0,0,0,0,0,4,2,0,0,0,0,0,0,0,0,0,0,3,0,0,14,0,4932,3591.4,1012.5,290.5,38,0,33,3,24.4,0,3,5,2,0,0
3,A,PHILIPPINES,AFC,SWITZERLAND,0?€2,LOSE,46,3_5_2,DF,STARTING,28,22,79%,0,0,0,6,2,33%,0,0,0,1,0,25,16,5,0,0,0,4,8,1,0,1,2,3,12,1,0,1,3,6,24,4,2,5,11592.4,3135.8,5224.7,2694.1,459.1,78.8,208,35,30.6,0,3,5,2,0,0
3,A,PHILIPPINES,AFC,SWITZERLAND,0?€2,LOSE,46,3_5_2,MF,STARTING,29,25,86%,0,0,0,2,0,0%,0,0,0,0,0,37,26,8,0,0,0,3,10,8,1,4,1,5,43,1,0,1,5,4,70,29,4,9,12028.8,2618.7,5581.4,3378.9,409,40.9,236,32,25.7,0,3,5,2,12.5,0
3,A,PHILIPPINES,AFC,SWITZERLAND,0?€2,LOSE,46,3_5_2,DF,STARTING,27,26,96%,0,0,0,2,1,50%,0,0,0,1,0,4,2,0,0,0,0,2,2,1,0,2,1,3,6,2,0,2,12,8,7,2,4,7,10232.5,3235.5,4826.7,1723.2,325.4,121.8,165,30,29.5,0,3,5,2,0,0
3,A,PHILIPPINES,AFC,SWITZERLAND,0?€2,LOSE,46,3_5_2,FW,STARTING,14,9,64%,0,0,0,2,0,0%,0,0,0,0,0,24,1,11,1,3,8,0,4,0,0,2,0,1,21,3,0,5,1,2,15,3,1,2,10298.8,2417.1,4655.1,2730.2,441.8,54.6,234,41,28.9,0,3,5,2,0,0
3,A,PHILIPPINES,AFC,SWITZERLAND,0?€2,LOSE,46,3_5_2,MF,STARTING,15,10,67%,0,1,0,5,1,20%,0,0,0,0,0,35,14,11,0,4,1,5,8,7,3,4,0,5,51,1,0,2,1,2,39,31,3,7,9109.7,2150.8,4492.9,1954.9,485.5,24.6,167,41,31.7,0,3,5,2,42.85714286,0
3,A,PHILIPPINES,AFC,SWITZERLAND,0?€2,LOSE,46,3_5_2,DF,STARTING,40,27,68%,0,3,0,13,5,38%,2,1,1,0,0,16,0,0,0,0,0,16,10,1,0,4,1,3,10,2,0,2,6,3,11,5,3,8,10796,2923.6,5492,1691.7,443.7,245.1,164,44,29.4,0,3,5,2,0,0
3,A,PHILIPPINES,AFC,SWITZERLAND,0?€2,LOSE,46,3_5_2,DF,STARTING,31,17,55%,1,1,0,19,9,47%,1,1,0,1,0,23,6,0,0,1,2,14,9,3,1,3,1,6,28,3,0,6,8,6,34,15,9,5,10883.5,3007.1,4761.5,2344.3,601.9,168.7,214,49,27.8,0,3,5,2,33.33333333,0
3,A,PHILIPPINES,AFC,SWITZERLAND,0?€2,LOSE,46,3_5_2,DF,STARTING,17,9,53%,0,0,0,8,3,37%,0,0,0,0,0,14,8,0,0,0,5,1,4,4,1,7,0,8,22,1,0,2,4,2,29,8,2,10,10725.6,3275.6,4874.8,2144.1,338.9,91.2,178,32,28.2,0,3,5,2,25,0
3,A,PHILIPPINES,AFC,SWITZERLAND,0?€2,LOSE,46,3_5_2,MF,STARTING,6,3,50%,0,0,0,2,1,50%,1,0,1,0,0,18,8,4,4,0,2,0,7,1,0,0,1,2,60,0,0,0,2,4,34,28,0,3,8883.2,2163.9,4143.1,2159.5,357.1,58.6,185,26,27.2,0,3,5,2,0,0
3,A,PHILIPPINES,AFC,SWITZERLAND,0?€2,LOSE,46,3_5_2,FW,STARTING,13,9,69%,0,1,1,3,3,100%,1,1,0,0,0,30,3,5,0,1,17,4,2,3,2,1,2,7,39,1,0,4,0,5,36,23,6,0,11146.3,3262.5,4233.4,2803.3,611.9,235.2,229,62,28.1,0,3,5,2,66.66666667,100
3,A,PHILIPPINES,AFC,SWITZERLAND,0?€2,LOSE,46,3_5_2,DF,Substitutions,0,0,0,0,0,0,0,0,0,0,0,0,0,0,0,0,0,0,0,0,0,0,0,0,0,0,0,0,0,0,0,0,0,0,0,0,0,0,0,0,0,0,0,0,0,0,0,3,5,2,0,0
3,A,PHILIPPINES,AFC,SWITZERLAND,0?€2,LOSE,46,3_5_2,MF,Substitutions,0,0,0,0,0,0,0,0,0,0,0,0,0,0,0,0,0,0,0,0,0,0,0,0,0,0,0,0,0,0,0,0,0,0,0,0,0,0,0,0,0,0,0,0,0,0,0,3,5,2,0,0
3,A,PHILIPPINES,AFC,SWITZERLAND,0?€2,LOSE,46,3_5_2,FW,Substitutions,2,0,0,0,1,1,1,0,0,0,0,0,0,0,15,1,2,0,4,5,3,3,0,0,0,0,1,17,0,0,0,0,0,16,13,0,0,3105,842.4,1147.6,678.4,333.2,103.4,68,27,26.5,0,3,5,2,0,100
3,A,PHILIPPINES,AFC,SWITZERLAND,0?€2,LOSE,46,3_5_2,FW,Substitutions,1,0,0,0,0,0,0,0,0,0,0,0,0,0,7,0,7,0,0,0,0,1,1,0,0,0,4,9,1,0,1,0,0,11,5,0,1,1783.5,376,682,543.6,169.3,12.7,43,10,24.8,0,3,5,2,0,0
3,A,PHILIPPINES,AFC,SWITZERLAND,0?€2,LOSE,46,3_5_2,MF,Substitutions,0,0,0,0,0,0,0,0,0,0,0,0,0,0,0,0,0,0,0,0,0,0,0,0,0,0,0,0,0,0,0,0,0,0,0,0,0,0,0,0,0,0,0,0,0,0,0,3,5,2,0,0
3,A,PHILIPPINES,AFC,SWITZERLAND,0?€2,LOSE,46,3_5_2,MF,Substitutions,0,0,0,0,0,0,0,0,0,0,0,0,0,0,0,0,0,0,0,0,0,0,0,0,0,0,0,0,0,0,0,0,0,0,0,0,0,0,0,0,0,0,0,0,0,0,0,3,5,2,0,0
3,A,PHILIPPINES,AFC,SWITZERLAND,0?€2,LOSE,46,3_5_2,MF,Substitutions,7,5,71%,0,0,0,2,1,50%,0,0,0,0,0,4,0,1,0,0,2,1,1,0,0,2,0,1,4,0,0,0,0,3,5,4,0,1,2977.6,731.6,1218.4,890,137.6,0,60,9,22.8,0,3,5,2,0,0
3,A,PHILIPPINES,AFC,SWITZERLAND,0?€2,LOSE,46,3_5_2,FW,Substitutions,0,0,0,0,0,0,0,0,0,0,0,0,0,0,0,0,0,0,0,0,0,0,0,0,0,0,0,0,0,0,0,0,0,0,0,0,0,0,0,0,0,0,0,0,0,0,0,3,5,2,0,0
3,A,PHILIPPINES,AFC,SWITZERLAND,0?€2,LOSE,46,3_5_2,GK,Substitutions,0,0,0,0,0,0,0,0,0,0,0,0,0,0,0,0,0,0,0,0,0,0,0,0,0,0,0,0,0,0,0,0,0,0,0,0,0,0,0,0,0,0,0,0,0,0,0,3,5,2,0,0
3,A,PHILIPPINES,AFC,SWITZERLAND,0?€2,LOSE,46,3_5_2,DF,Substitutions,0,0,0,0,0,0,0,0,0,0,0,0,0,0,0,0,0,0,0,0,0,0,0,0,0,0,0,0,0,0,0,0,0,0,0,0,0,0,0,0,0,0,0,0,0,0,0,3,5,2,0,0
3,A,PHILIPPINES,AFC,SWITZERLAND,0?€2,LOSE,46,3_5_2,GK,Substitutions,0,0,0,0,0,0,0,0,0,0,0,0,0,0,0,0,0,0,0,0,0,0,0,0,0,0,0,0,0,0,0,0,0,0,0,0,0,0,0,0,0,0,0,0,0,0,0,3,5,2,0,0
3,A,PHILIPPINES,AFC,SWITZERLAND,0?€2,LOSE,46,3_5_2,DF,Substitutions,0,0,0,0,0,0,0,0,0,0,0,0,0,0,0,0,0,0,0,0,0,0,0,0,0,0,0,0,0,0,0,0,0,0,0,0,0,0,0,0,0,0,0,0,0,0,0,3,5,2,0,0
33,A,SWITZERLAND,UEFA,NEW ZELAND,0?€0,DRAW,20,4_3_2_1,GK,STARTING,45,34,76%,0,0,0,20,13,65%,0,0,0,0,0,16,0,0,0,0,0,16,10,0,0,0,0,0,0,0,0,0,0,4,0,0,6,0,5015.5,3356.4,1426.9,226.7,5.5,0,27,1,20.1,0,4,5,1,0,0
33,A,SWITZERLAND,UEFA,NEW ZELAND,0?€0,DRAW,20,4_3_2_1,DF,STARTING,55,49,89%,0,1,0,21,15,71%,0,0,0,0,0,14,1,0,0,0,0,13,8,1,0,2,1,3,5,1,0,1,12,2,9,5,5,10,10152.4,3289.4,4958.5,1626.4,216.2,60.9,148,15,30.3,0,4,5,1,0,0
33,A,SWITZERLAND,UEFA,NEW ZELAND,0?€0,DRAW,20,4_3_2_1,DF,STARTING,43,38,88%,0,0,0,19,14,73%,0,0,0,0,0,28,3,0,0,0,0,25,8,0,0,0,0,0,0,1,0,1,8,3,5,0,5,2,9353.4,3153,4249.2,1710.7,213.3,27.1,140,18,28.8,0,4,5,1,0,0
33,A,SWITZERLAND,UEFA,NEW ZELAND,0?€0,DRAW,20,4_3_2_1,MF,STARTING,40,31,78%,0,0,0,12,7,58%,0,0,0,0,0,70,25,17,5,4,5,14,21,1,0,4,1,3,20,0,0,1,4,10,27,10,4,6,8455.9,2415,3728.2,1773.2,292.6,246.9,147,32,30.3,0,4,5,1,0,0
33,A,SWITZERLAND,UEFA,NEW ZELAND,0?€0,DRAW,20,4_3_2_1,DF,STARTING,59,46,78%,0,3,1,17,12,70%,0,0,0,0,0,36,11,1,1,0,7,16,21,4,1,1,1,10,6,4,0,4,6,7,15,7,7,4,10736,3626.6,3903.6,2381.3,426.2,399.4,182,44,28.7,0,4,5,1,25,33.33333333
33,A,SWITZERLAND,UEFA,NEW ZELAND,0?€0,DRAW,20,4_3_2_1,FW,STARTING,40,29,72%,0,0,0,10,5,50%,2,0,2,0,0,61,1,26,6,5,13,10,8,1,1,5,1,2,37,5,0,5,3,12,18,9,3,5,10996,3857.4,3636.4,2793,521.2,188,198,43,29.1,0,4,5,1,100,0
33,A,SWITZERLAND,UEFA,NEW ZELAND,0?€0,DRAW,20,4_3_2_1,FW,STARTING,40,32,80%,0,4,0,13,9,69%,4,2,2,1,0,76,10,40,4,7,3,12,25,2,1,3,0,1,22,0,0,1,1,9,16,10,1,4,8627.2,3451.7,2671,1879.9,425.3,198.4,154,36,29.2,0,4,5,1,50,0
33,A,SWITZERLAND,UEFA,NEW ZELAND,0?€0,DRAW,20,4_3_2_1,MF,STARTING,31,24,77%,0,1,0,7,3,42%,1,1,0,1,0,31,1,8,5,4,8,5,12,8,3,4,1,10,21,11,0,13,6,4,19,7,3,10,11873.2,3788.7,4567.6,2914.9,488,112.8,220,35,28.9,0,4,5,1,37.5,0
33,A,SWITZERLAND,UEFA,NEW ZELAND,0?€0,DRAW,20,4_3_2_1,MF,STARTING,53,45,85%,0,0,0,17,13,76%,0,0,0,0,0,52,32,13,0,1,0,6,24,5,3,3,2,4,8,0,0,3,7,13,10,7,10,4,11700.4,3215.3,4913,3282,230.5,59.7,253,21,29.7,0,4,5,1,60,0
33,A,SWITZERLAND,UEFA,NEW ZELAND,0?€0,DRAW,20,4_3_2_1,FW,STARTING,27,14,52%,0,0,0,4,1,25%,2,2,0,1,0,38,0,10,0,0,22,6,6,5,2,2,1,7,23,0,0,0,2,4,24,14,3,3,9489.1,3501.5,3469.2,1830.5,419.4,267.6,168,41,31.9,0,4,5,1,40,0
33,A,SWITZERLAND,UEFA,NEW ZELAND,0?€0,DRAW,20,4_3_2_1,DF,STARTING,46,33,72%,0,4,2,20,11,55%,0,0,0,0,0,10,3,0,0,0,3,4,3,3,1,2,0,8,4,1,0,1,5,9,17,4,8,4,10747.1,3401.5,4635.2,2306.3,327.8,76.3,199,30,27.6,0,4,5,1,33.33333333,50
33,A,SWITZERLAND,UEFA,NEW ZELAND,0?€0,DRAW,20,4_3_2_1,GK,Substitutions,0,0,0,0,0,0,0,0,0,0,0,0,0,0,0,0,0,0,0,0,0,0,0,0,0,0,0,0,0,0,0,0,0,0,0,0,0,0,0,0,0,0,0,0,0,0,0,4,5,1,0,0
33,A,SWITZERLAND,UEFA,NEW ZELAND,0?€0,DRAW,20,4_3_2_1,DF,Substitutions,0,0,0,0,0,0,0,0,0,0,0,0,0,0,0,0,0,0,0,0,0,0,0,0,0,0,0,0,0,0,0,0,0,0,0,0,0,0,0,0,0,0,0,0,0,0,0,4,5,1,0,0
33,A,SWITZERLAND,UEFA,NEW ZELAND,0?€0,DRAW,20,4_3_2_1,MF,Substitutions,0,0,0,0,0,0,0,0,0,0,0,0,0,0,0,0,0,0,0,0,0,0,0,0,0,0,0,0,0,0,0,0,0,0,0,0,0,0,0,0,0,0,0,0,0,0,0,4,5,1,0,0
33,A,SWITZERLAND,UEFA,NEW ZELAND,0?€0,DRAW,20,4_3_2_1,GK,Substitutions,0,0,0,0,0,0,0,0,0,0,0,0,0,0,0,0,0,0,0,0,0,0,0,0,0,0,0,0,0,0,0,0,0,0,0,0,0,0,0,0,0,0,0,0,0,0,0,4,5,1,0,0
33,A,SWITZERLAND,UEFA,NEW ZELAND,0?€0,DRAW,20,4_3_2_1,DF,Substitutions,0,0,0,0,0,0,0,0,0,0,0,0,0,0,0,0,0,0,0,0,0,0,0,0,0,0,0,0,0,0,0,0,0,0,0,0,0,0,0,0,0,0,0,0,0,0,0,4,5,1,0,0
33,A,SWITZERLAND,UEFA,NEW ZELAND,0?€0,DRAW,20,4_3_2_1,DF,Substitutions,0,0,0,0,0,0,0,0,0,0,0,0,0,0,0,0,0,0,0,0,0,0,0,0,0,0,0,0,0,0,0,0,0,0,0,0,0,0,0,0,0,0,0,0,0,0,0,4,5,1,0,0
33,A,SWITZERLAND,UEFA,NEW ZELAND,0?€0,DRAW,20,4_3_2_1,MF,Substitutions,2,2,100%,0,0,0,0,0,0,1,0,1,0,0,5,0,0,0,1,4,0,1,0,0,2,0,1,0,1,0,1,2,1,4,0,1,3,1622.7,541.2,528.3,380.8,92.3,80,33,9,26.7,0,4,5,1,0,0
33,A,SWITZERLAND,UEFA,NEW ZELAND,0?€0,DRAW,20,4_3_2_1,DF,Substitutions,1,0,0,0,0,0,0,0,0,0,0,0,0,0,1,0,0,0,0,1,0,0,2,0,1,0,2,2,0,0,0,1,0,5,1,0,4,1663.6,460.5,693,397.4,98.8,13.6,32,7,26.2,0,4,5,1,0,0
33,A,SWITZERLAND,UEFA,NEW ZELAND,0?€0,DRAW,20,4_3_2_1,FW,Substitutions,0,0,0,0,0,0,0,0,0,0,0,0,0,0,0,0,0,0,0,0,0,0,0,0,0,0,0,0,0,0,0,0,0,0,0,0,0,0,0,0,0,0,0,0,0,0,0,4,5,1,0,0
33,A,SWITZERLAND,UEFA,NEW ZELAND,0?€0,DRAW,20,4_3_2_1,GK,Substitutions,0,0,0,0,0,0,0,0,0,0,0,0,0,0,0,0,0,0,0,0,0,0,0,0,0,0,0,0,0,0,0,0,0,0,0,0,0,0,0,0,0,0,0,0,0,0,0,4,5,1,0,0
33,A,SWITZERLAND,UEFA,NEW ZELAND,0?€0,DRAW,20,4_3_2_1,FW,Substitutions,3,1,33%,0,0,0,2,1,50%,0,0,0,0,0,2,0,2,0,0,0,0,1,0,0,0,0,2,1,1,0,1,1,0,1,1,0,0,636.6,137.9,214.4,169.5,63.4,51.4,16,5,26.8,0,4,5,1,0,0
33,A,SWITZERLAND,UEFA,NEW ZELAND,0?€0,DRAW,20,4_3_2_1,FW,Substitutions,5,4,80%,0,0,0,1,1,100%,0,0,0,0,0,6,0,0,1,0,5,0,0,0,0,1,0,1,12,0,0,0,0,2,5,5,0,1,3100.5,810.2,1056.3,857.6,267.6,108.8,72,18,27.1,0,4,5,1,0,0
18,A,SWITZERLAND,UEFA,NORWAY,0?€0,DRAW,20,4_3_2_1,GK,STARTING,38,32,84%,0,0,0,6,3,50%,0,0,0,0,0,24,0,0,0,0,1,23,4,0,0,0,0,0,0,0,0,0,0,4,0,0,5,0,5028.1,3285.9,1453.1,264.5,24.1,0,34,2,24.5,0,4,5,1,0,0
18,A,SWITZERLAND,UEFA,NORWAY,0?€0,DRAW,20,4_3_2_1,DF,STARTING,54,43,80%,0,2,0,18,7,38%,0,0,0,0,0,17,0,0,0,0,0,17,9,1,0,2,0,1,2,1,0,1,8,2,8,0,3,9,9568.7,3357.7,4314.5,1709,156.9,30.6,144,14,25.5,0,4,5,1,0,0
18,A,SWITZERLAND,UEFA,NORWAY,0?€0,DRAW,20,4_3_2_1,DF,STARTING,59,50,85%,1,0,0,15,9,60%,7,0,7,0,0,24,2,0,0,0,0,22,12,0,0,1,2,0,1,0,0,0,5,0,3,0,4,3,9422,3284.5,3868.7,2015.4,178.1,75.4,170,18,28.2,0,4,5,1,0,0
18,A,SWITZERLAND,UEFA,NORWAY,0?€0,DRAW,20,4_3_2_1,MF,STARTING,42,37,88%,0,1,0,8,8,100%,1,1,0,1,0,73,38,17,0,2,9,7,28,6,0,3,2,3,12,0,0,0,0,12,15,4,4,3,9075.4,2637.3,3909.7,1950.3,442,137,161,35,30.3,0,4,5,1,0,0
18,A,SWITZERLAND,UEFA,NORWAY,0?€0,DRAW,20,4_3_2_1,DF,STARTING,36,31,86%,0,2,0,12,7,58%,1,0,1,1,0,33,11,0,0,0,12,10,11,1,0,4,1,6,9,1,0,1,5,3,6,3,2,6,10754.3,3477.9,4216.8,2311.1,433.4,316.2,187,39,28.8,0,4,5,1,0,0
18,A,SWITZERLAND,UEFA,NORWAY,0?€0,DRAW,20,4_3_2_1,FW,STARTING,24,13,54%,0,2,1,6,2,33%,3,1,2,1,0,33,2,13,1,2,14,1,11,2,0,4,0,4,44,6,0,7,4,3,21,15,3,7,11152.6,3718.3,4088.5,2836.1,421.6,88.1,206,35,27.7,0,4,5,1,0,50
18,A,SWITZERLAND,UEFA,NORWAY,0?€0,DRAW,20,4_3_2_1,FW,STARTING,48,43,90%,0,2,0,11,10,90%,4,0,4,2,0,91,32,26,1,5,15,12,24,2,1,1,1,5,17,0,0,0,0,6,23,11,3,2,9454.5,3755.3,3251.4,1858.7,405.6,183.4,160,32,27.8,0,4,5,1,50,0
18,A,SWITZERLAND,UEFA,NORWAY,0?€0,DRAW,20,4_3_2_1,MF,STARTING,43,35,81%,0,2,0,7,5,71%,1,1,0,1,0,39,16,10,1,3,9,0,19,5,1,2,0,7,10,4,0,7,2,13,13,3,1,3,11759.7,3427.9,4578,3333.9,383.4,36.5,226,29,25.8,0,4,5,1,20,0
18,A,SWITZERLAND,UEFA,NORWAY,0?€0,DRAW,20,4_3_2_1,MF,STARTING,64,56,88%,2,0,0,17,15,88%,1,0,1,0,0,82,70,6,0,0,0,6,29,6,1,0,1,6,7,2,0,3,8,16,18,8,6,9,11327.1,3016.4,4603.3,3289.4,355.7,62.3,234,27,27.2,0,4,5,1,16.66666667,0
18,A,SWITZERLAND,UEFA,NORWAY,0?€0,DRAW,20,4_3_2_1,FW,STARTING,27,19,70%,0,0,0,3,2,66%,3,3,0,0,0,28,2,5,1,1,16,3,4,0,0,3,1,3,31,0,0,0,0,8,31,18,3,1,9954.1,3549.6,3445.1,2253.6,508.7,197.1,181,39,27.1,0,4,5,1,0,0
18,A,SWITZERLAND,UEFA,NORWAY,0?€0,DRAW,20,4_3_2_1,DF,STARTING,58,44,76%,0,0,0,16,7,43%,0,0,0,0,0,35,14,2,0,0,11,8,11,4,1,3,1,6,7,0,1,1,4,7,19,6,5,2,11255.6,3302.4,4518,2669.8,529,236.4,211,47,29.5,0,4,5,1,25,0
18,A,SWITZERLAND,UEFA,NORWAY,0?€0,DRAW,20,4_3_2_1,DF,Substitutions,0,0,0,0,0,0,0,0,0,0,0,0,0,0,0,0,0,0,0,0,0,0,0,0,0,0,0,0,0,0,0,0,0,0,0,0,0,0,0,0,0,0,0,0,0,0,0,4,5,1,0,0
18,A,SWITZERLAND,UEFA,NORWAY,0?€0,DRAW,20,4_3_2_1,DF,Substitutions,0,0,0,0,0,0,0,0,0,0,0,0,0,0,0,0,0,0,0,0,0,0,0,0,0,0,0,0,0,0,0,0,0,0,0,0,0,0,0,0,0,0,0,0,0,0,0,4,5,1,0,0
18,A,SWITZERLAND,UEFA,NORWAY,0?€0,DRAW,20,4_3_2_1,MF,Substitutions,0,0,0,0,0,0,0,0,0,0,0,0,0,0,0,0,0,0,0,0,0,0,0,0,0,0,0,0,0,0,0,0,0,0,0,0,0,0,0,0,0,0,0,0,0,0,0,4,5,1,0,0
18,A,SWITZERLAND,UEFA,NORWAY,0?€0,DRAW,20,4_3_2_1,GK,Substitutions,0,0,0,0,0,0,0,0,0,0,0,0,0,0,0,0,0,0,0,0,0,0,0,0,0,0,0,0,0,0,0,0,0,0,0,0,0,0,0,0,0,0,0,0,0,0,0,4,5,1,0,0
18,A,SWITZERLAND,UEFA,NORWAY,0?€0,DRAW,20,4_3_2_1,DF,Substitutions,0,0,0,0,0,0,0,0,0,0,0,0,0,0,0,0,0,0,0,0,0,0,0,0,1,0,0,1,0,0,0,0,0,0,0,0,0,303.8,28,112.3,107.8,42.2,13.5,9,4,26.6,0,4,5,1,0,0
18,A,SWITZERLAND,UEFA,NORWAY,0?€0,DRAW,20,4_3_2_1,DF,Substitutions,0,0,0,0,0,0,0,0,0,0,0,0,0,0,0,0,0,0,0,0,0,0,0,0,0,0,0,0,0,0,0,0,0,0,0,0,0,0,0,0,0,0,0,0,0,0,0,4,5,1,0,0
18,A,SWITZERLAND,UEFA,NORWAY,0?€0,DRAW,20,4_3_2_1,MF,Substitutions,6,5,83%,0,0,0,1,1,100%,0,0,0,0,0,9,0,4,0,1,4,0,4,0,0,1,0,1,0,0,0,0,0,1,5,1,1,0,1998.7,482.1,810.5,527.1,110.1,69,37,11,26.8,0,4,5,1,0,0
18,A,SWITZERLAND,UEFA,NORWAY,0?€0,DRAW,20,4_3_2_1,FW,Substitutions,0,0,0,0,0,0,0,0,0,0,0,0,0,0,0,0,0,0,0,0,0,0,0,0,0,0,0,0,0,0,0,0,0,0,0,0,0,0,0,0,0,0,0,0,0,0,0,4,5,1,0,0
18,A,SWITZERLAND,UEFA,NORWAY,0?€0,DRAW,20,4_3_2_1,FW,Substitutions,3,3,100%,0,0,0,1,1,100%,0,0,0,0,0,6,0,1,0,0,4,1,1,0,0,0,0,0,2,1,0,1,0,0,1,1,0,0,1004,215.2,353.3,307.7,66.1,61.7,21,5,28.6,0,4,5,1,0,0
18,A,SWITZERLAND,UEFA,NORWAY,0?€0,DRAW,20,4_3_2_1,FW,Substitutions,0,0,0,0,0,0,0,0,0,0,0,0,0,0,0,0,0,0,0,0,0,0,0,0,0,0,0,0,0,0,0,0,0,0,0,0,0,0,0,0,0,0,0,0,0,0,0,4,5,1,0,0
3,A,SWITZERLAND,UEFA,PHILIPPINES,2?€0,WIN,20,4_3_2_1,GK,STARTING,36,33,92%,0,0,0,8,5,62%,0,0,0,0,0,43,0,0,0,0,0,43,13,0,0,0,0,0,0,0,0,0,0,3,0,0,3,0,4289.6,2974,1062.5,253.1,0,0,0,0,27.7,2,4,5,1,0,0
3,A,SWITZERLAND,UEFA,PHILIPPINES,2?€0,WIN,20,4_3_2_1,DF,STARTING,115,106,92%,1,1,1,48,41,85%,0,0,0,0,0,11,0,0,0,0,1,10,7,0,0,1,2,0,0,1,0,1,1,2,1,0,3,2,9757.9,3557.7,4498.4,1409,174.7,118.1,129,16,27.7,2,4,5,1,0,100
3,A,SWITZERLAND,UEFA,PHILIPPINES,2?€0,WIN,20,4_3_2_1,DF,STARTING,121,111,92%,0,5,1,37,30,81%,3,0,3,1,0,107,27,1,2,0,20,57,56,2,1,1,1,6,4,0,0,0,0,12,4,4,2,0,10574,3190.2,4570.1,2282.9,375.4,155.4,194,32,27,2,4,5,1,50,20
3,A,SWITZERLAND,UEFA,PHILIPPINES,2?€0,WIN,20,4_3_2_1,MF,STARTING,58,51,88%,0,5,2,16,11,68%,2,0,2,3,0,102,33,23,1,7,23,15,38,2,0,2,0,3,9,0,0,2,2,12,10,1,2,3,10622.8,2962.7,4744.1,2292.4,437.7,187,198,38,29,2,4,5,1,0,40
3,A,SWITZERLAND,UEFA,PHILIPPINES,2?€0,WIN,20,4_3_2_1,FW,STARTING,31,27,87%,0,2,0,3,2,66%,0,0,0,4,0,94,2,33,1,3,50,5,17,2,1,1,0,1,30,5,0,6,2,5,13,12,3,2,10870.6,3930.8,4320,1843.6,559.8,216.3,181,52,30.5,2,4,5,1,50,0
3,A,SWITZERLAND,UEFA,PHILIPPINES,2?€0,WIN,20,4_3_2_1,FW,STARTING,52,47,90%,0,3,2,12,10,83%,3,0,3,3,1,95,29,21,2,6,11,26,43,1,1,1,0,3,12,0,0,0,0,1,11,8,1,0,7042.9,2904.5,2453.1,1419.9,229.6,35.9,124,22,26.3,2,4,5,1,100,66.66666667
3,A,SWITZERLAND,UEFA,PHILIPPINES,2?€0,WIN,20,4_3_2_1,MF,STARTING,54,45,83%,1,0,0,10,8,80%,5,2,3,3,0,66,12,21,0,6,20,7,25,6,2,4,0,7,15,3,0,4,3,10,20,9,4,4,11783.3,3530.3,5030.3,2816.2,365.3,41.2,225,29,25.2,2,4,5,1,33.33333333,0
3,A,SWITZERLAND,UEFA,PHILIPPINES,2?€0,WIN,20,4_3_2_1,MF,STARTING,41,35,85%,0,0,0,10,7,70%,2,1,1,0,0,48,32,13,1,2,0,0,15,5,1,2,2,5,6,2,0,2,2,10,12,4,5,2,9313.9,2607.9,4079.5,2355.5,252.4,19.6,203,21,25.3,2,4,5,1,20,0
3,A,SWITZERLAND,UEFA,PHILIPPINES,2?€0,WIN,20,4_3_2_1,DF,STARTING,99,92,93%,3,0,0,26,21,80%,0,0,0,0,0,32,3,0,0,1,1,27,22,3,1,0,4,5,4,2,0,2,4,8,12,4,8,3,9936.2,3559.1,4355,1871,139.1,11.9,171,11,25.1,2,4,5,1,33.33333333,0
3,A,SWITZERLAND,UEFA,PHILIPPINES,2?€0,WIN,20,4_3_2_1,FW,STARTING,46,39,85%,0,5,2,7,6,85%,2,2,0,3,1,58,7,5,4,4,20,18,23,3,0,5,1,2,13,1,0,1,0,4,7,6,1,6,9480.7,3984.7,3236.7,1689.5,412.4,157.4,159,46,28.1,2,4,5,1,0,40
3,A,SWITZERLAND,UEFA,PHILIPPINES,2?€0,WIN,20,4_3_2_1,DF,STARTING,80,73,91%,0,5,0,32,23,71%,2,2,0,0,0,41,5,3,0,0,15,18,17,2,0,3,0,4,7,1,0,2,6,10,9,4,5,4,10927.3,3563.4,4460.5,2263,499.4,139.9,207,47,29.1,2,4,5,1,0,0
3,A,SWITZERLAND,UEFA,PHILIPPINES,2?€0,WIN,20,4_3_2_1,DF,Substitutions,0,0,0,0,0,0,0,0,0,0,0,0,0,0,0,0,0,0,0,0,0,0,0,0,0,0,0,0,0,0,0,0,0,0,0,0,0,0,0,0,0,0,0,0,0,0,2,4,5,1,0,0
3,A,SWITZERLAND,UEFA,PHILIPPINES,2?€0,WIN,20,4_3_2_1,DF,Substitutions,0,0,0,0,0,0,0,0,0,0,0,0,0,0,0,0,0,0,0,0,0,0,0,0,0,0,0,0,0,0,0,0,0,0,0,0,0,0,0,0,0,0,0,0,0,0,2,4,5,1,0,0
3,A,SWITZERLAND,UEFA,PHILIPPINES,2?€0,WIN,20,4_3_2_1,MF,Substitutions,0,0,0,0,0,0,0,0,0,0,0,0,0,0,0,0,0,0,0,0,0,0,0,0,0,0,0,0,0,0,0,0,0,0,0,0,0,0,0,0,0,0,0,0,0,0,2,4,5,1,0,0
3,A,SWITZERLAND,UEFA,PHILIPPINES,2?€0,WIN,20,4_3_2_1,DF,Substitutions,3,3,100%,0,0,0,1,1,100%,0,0,0,0,0,2,0,0,0,0,0,2,0,0,0,0,0,0,0,1,0,1,1,0,0,0,0,0,708,190.4,197.2,225.9,56.1,38.4,16,5,26.4,2,4,5,1,0,0
3,A,SWITZERLAND,UEFA,PHILIPPINES,2?€0,WIN,20,4_3_2_1,GK,Substitutions,0,0,0,0,0,0,0,0,0,0,0,0,0,0,0,0,0,0,0,0,0,0,0,0,0,0,0,0,0,0,0,0,0,0,0,0,0,0,0,0,0,0,0,0,0,0,2,4,5,1,0,0
3,A,SWITZERLAND,UEFA,PHILIPPINES,2?€0,WIN,20,4_3_2_1,DF,Substitutions,0,0,0,0,0,0,0,0,0,0,0,0,0,0,0,0,0,0,0,0,0,0,0,0,0,0,0,0,0,0,0,0,0,0,0,0,0,0,0,0,0,0,0,0,0,0,2,4,5,1,0,0
3,A,SWITZERLAND,UEFA,PHILIPPINES,2?€0,WIN,20,4_3_2_1,MF,Substitutions,4,2,50%,0,1,1,1,0,0,0,0,0,0,0,15,2,6,0,1,6,0,3,0,0,0,0,1,1,0,0,0,1,0,1,1,1,1,2359.8,638.3,1060.5,463.9,125.5,71.5,45,13,26.7,2,4,5,1,0,100
3,A,SWITZERLAND,UEFA,PHILIPPINES,2?€0,WIN,20,4_3_2_1,DF,Substitutions,0,0,0,0,0,0,0,0,0,0,0,0,0,0,0,0,0,0,0,0,0,0,0,0,0,0,0,0,0,0,0,0,0,0,0,0,0,0,0,0,0,0,0,0,0,0,2,4,5,1,0,0
3,A,SWITZERLAND,UEFA,PHILIPPINES,2?€0,WIN,20,4_3_2_1,FW,Substitutions,0,0,0,0,0,0,0,0,0,0,0,0,0,0,0,0,0,0,0,0,0,0,0,0,0,0,0,0,0,0,0,0,0,0,0,0,0,0,0,0,0,0,0,0,0,0,2,4,5,1,0,0
3,A,SWITZERLAND,UEFA,PHILIPPINES,2?€0,WIN,20,4_3_2_1,GK,Substitutions,0,0,0,0,0,0,0,0,0,0,0,0,0,0,0,0,0,0,0,0,0,0,0,0,0,0,0,0,0,0,0,0,0,0,0,0,0,0,0,0,0,0,0,0,0,0,2,4,5,1,0,0
3,A,SWITZERLAND,UEFA,PHILIPPINES,2?€0,WIN,20,4_3_2_1,FW,Substitutions,1,1,100%,0,0,0,0,0,0,0,0,0,1,0,6,0,2,0,0,4,0,3,0,0,0,0,0,0,1,0,1,0,0,0,0,0,0,627.5,182.9,203.7,149,69.9,22,13,4,26.6,2,4,5,1,0,0
3,A,SWITZERLAND,UEFA,PHILIPPINES,2?€0,WIN,20,4_3_2_1,FW,Substitutions,10,6,60%,0,0,0,1,0,0,0,0,0,1,0,26,0,3,2,0,12,9,6,1,0,0,2,2,1,0,0,0,0,2,5,2,2,0,2823,876,1086.6,673.9,130.1,56.5,56,13,25.9,2,4,5,1,0,0
2,B,AUSTRALIA,AFC, IRELAND,1?€0,WIN,10,4_4_2,MF,STARTING,17,13,76%,0,1,0,2,1,50%,2,2,0,0,0,21,2,3,0,1,11,4,9,4,0,2,1,3,14,3,0,3,2,1,14,7,6,1,7981.8,2814.4,2742.5,1554.9,517.2,352.8,147,54,30.8,1,4,4,2,0,0
2,B,AUSTRALIA,AFC, IRELAND,1?€0,WIN,10,4_4_2,DF,STARTING,39,34,87%,0,5,2,12,6,50%,1,0,1,1,1,23,8,1,1,0,4,9,10,2,1,8,0,5,7,1,0,1,5,6,12,3,7,7,10268.2,3288.9,3679.1,2564,525.7,210.5,188,40,27.1,1,4,4,2,50,40
2,B,AUSTRALIA,AFC, IRELAND,1?€0,WIN,10,4_4_2,FW,STARTING,12,8,67%,0,1,0,4,2,50%,7,5,2,4,0,57,5,25,3,0,19,5,15,3,0,1,0,2,25,1,0,2,0,3,16,9,0,2,10178.3,3614.3,3725.2,2126.2,460.1,252.4,165,44,29.8,1,4,4,2,0,0
2,B,AUSTRALIA,AFC, IRELAND,1?€0,WIN,10,4_4_2,FW,STARTING,22,19,86%,0,0,0,7,6,85%,1,1,0,1,0,34,8,19,0,3,2,2,12,3,2,2,0,4,12,2,0,4,1,3,17,6,2,0,9988.7,2874.7,3888.6,2563.1,555.4,106.9,200,38,28,1,4,4,2,66.66666667,0
2,B,AUSTRALIA,AFC, IRELAND,1?€0,WIN,10,4_4_2,DF,STARTING,81,78,96%,0,0,0,13,10,76%,3,0,3,0,0,16,0,0,0,0,2,14,11,2,1,1,1,2,1,6,0,6,7,4,9,2,5,7,9545.1,3474.4,3231,2417.8,340.8,81.1,197,28,28.5,1,4,4,2,50,0
2,B,AUSTRALIA,AFC, IRELAND,1?€0,WIN,10,4_4_2,DF,STARTING,72,67,93%,0,0,0,8,4,50%,0,0,0,1,0,61,6,0,0,0,1,54,36,1,0,2,1,6,4,4,0,4,7,10,8,2,7,6,9524.6,3266.9,3705.1,2143,303.8,104.8,170,25,28.2,1,4,4,2,0,0
2,B,AUSTRALIA,AFC, IRELAND,1?€0,WIN,10,4_4_2,MF,STARTING,22,15,68%,0,0,0,4,2,50%,2,2,0,1,0,31,7,3,0,0,16,5,7,6,3,4,0,8,17,2,0,4,2,7,13,8,6,3,10802.8,3286.2,3328.3,3280.8,650.3,257.1,249,55,30,1,4,4,2,50,0
2,B,AUSTRALIA,AFC, IRELAND,1?€0,WIN,10,4_4_2,GK,STARTING,27,21,78%,0,0,0,6,2,33%,0,0,0,0,0,16,0,0,0,0,0,16,7,0,0,0,0,0,0,0,0,0,0,4,0,0,7,0,4795.7,3398.2,1175.9,204.8,16.8,0,24,2,23.8,1,4,4,2,0,0
2,B,AUSTRALIA,AFC, IRELAND,1?€0,WIN,10,4_4_2,MF,STARTING,55,41,75%,0,3,0,15,6,40%,7,1,6,4,0,57,41,8,1,1,2,4,22,8,2,5,2,12,9,2,0,3,2,14,16,6,7,3,10407.5,3134.7,3744.6,2870.4,481.9,174.8,208,44,27.7,1,4,4,2,25,0
2,B,AUSTRALIA,AFC, IRELAND,1?€0,WIN,10,4_4_2,DF,STARTING,51,37,73%,0,3,1,14,8,57%,1,1,0,0,0,58,19,6,1,1,6,25,15,3,0,2,1,5,6,2,0,2,7,5,10,5,2,6,9703.7,3219.7,3585.5,1966,544.4,388.1,159,49,28.5,1,4,4,2,0,33.33333333
2,B,AUSTRALIA,AFC, IRELAND,1?€0,WIN,10,4_4_2,MF,STARTING,47,40,85%,1,1,1,13,8,61%,3,1,2,1,0,55,32,5,1,1,4,12,24,2,2,1,0,1,6,3,0,3,0,10,16,3,4,0,10270.6,3314.3,4120.6,2245.1,449.9,141.7,181,35,27.6,1,4,4,2,100,100
2,B,AUSTRALIA,AFC, IRELAND,1?€0,WIN,10,4_4_2,GK,Substitutions,0,0,0,0,0,0,0,0,0,0,0,0,0,0,0,0,0,0,0,0,0,0,0,0,0,0,0,0,0,0,0,0,0,0,0,0,0,0,0,0,0,0,0,0,0,0,1,4,4,2,0,0
2,B,AUSTRALIA,AFC, IRELAND,1?€0,WIN,10,4_4_2,DF,Substitutions,0,0,0,0,0,0,0,0,0,0,0,0,0,0,0,0,0,0,0,0,0,0,0,0,0,0,0,0,0,0,0,0,0,0,0,0,0,0,0,0,0,0,0,0,0,0,1,4,4,2,0,0
2,B,AUSTRALIA,AFC, IRELAND,1?€0,WIN,10,4_4_2,DF,Substitutions,0,0,0,0,0,0,0,0,0,0,0,0,0,0,0,0,0,0,0,0,0,0,0,0,0,0,0,0,0,0,0,0,0,0,0,0,0,0,0,0,0,0,0,0,0,0,1,4,4,2,0,0
2,B,AUSTRALIA,AFC, IRELAND,1?€0,WIN,10,4_4_2,DF,Substitutions,1,1,100%,0,0,0,0,0,0,0,0,0,0,0,1,0,0,0,0,0,1,1,0,0,1,0,1,1,0,0,0,4,0,1,1,1,2,1031.8,444.2,300.6,254.8,19.9,12.3,20,2,25.7,1,4,4,2,0,0
2,B,AUSTRALIA,AFC, IRELAND,1?€0,WIN,10,4_4_2,MF,Substitutions,0,0,0,0,0,0,0,0,0,0,0,0,0,0,0,0,0,0,0,0,0,0,0,0,0,0,0,0,0,0,0,0,0,0,0,0,0,0,0,0,0,0,0,0,0,0,1,4,4,2,0,0
2,B,AUSTRALIA,AFC, IRELAND,1?€0,WIN,10,4_4_2,MF,Substitutions,0,0,0,0,0,0,0,0,0,0,0,0,0,0,0,0,0,0,0,0,0,0,0,0,0,0,0,0,0,0,0,0,0,0,0,0,0,0,0,0,0,0,0,0,0,0,1,4,4,2,0,0
2,B,AUSTRALIA,AFC, IRELAND,1?€0,WIN,10,4_4_2,MF,Substitutions,10,8,80%,0,0,0,4,2,50%,0,0,0,0,0,6,0,5,0,0,1,0,1,0,0,1,0,1,3,1,0,1,1,3,0,0,1,1,2168,723.7,675.3,585.1,111.9,71.8,46,11,25.7,1,4,4,2,0,0
2,B,AUSTRALIA,AFC, IRELAND,1?€0,WIN,10,4_4_2,GK,Substitutions,0,0,0,0,0,0,0,0,0,0,0,0,0,0,0,0,0,0,0,0,0,0,0,0,0,0,0,0,0,0,0,0,0,0,0,0,0,0,0,0,0,0,0,0,0,0,1,4,4,2,0,0
2,B,AUSTRALIA,AFC, IRELAND,1?€0,WIN,10,4_4_2,MF,Substitutions,0,0,0,0,0,0,0,0,0,0,0,0,0,0,0,0,0,0,0,0,0,0,0,0,0,0,0,0,0,0,0,0,0,0,0,0,0,0,0,0,0,0,0,0,0,0,1,4,4,2,0,0
2,B,AUSTRALIA,AFC, IRELAND,1?€0,WIN,10,4_4_2,FW,Substitutions,0,0,0,0,0,0,0,0,0,0,0,0,0,0,0,0,0,0,0,0,0,0,0,0,0,0,0,0,0,0,0,0,0,0,0,0,0,0,0,0,0,0,0,0,0,0,1,4,4,2,0,0
2,B,AUSTRALIA,AFC, IRELAND,1?€0,WIN,10,4_4_2,FW,Substitutions,0,0,0,0,0,0,0,0,0,0,0,0,0,0,0,0,0,0,0,0,0,0,0,0,0,0,0,0,0,0,0,0,0,0,0,0,0,0,0,0,0,0,0,0,0,0,1,4,4,2,0,0
2,B,AUSTRALIA,AFC, IRELAND,1?€0,WIN,10,4_4_2,DF,Substitutions,0,0,0,0,0,0,0,0,0,0,0,0,0,0,0,0,0,0,0,0,0,0,0,0,0,0,0,0,0,0,0,0,0,0,0,0,0,0,0,0,0,0,0,0,0,0,1,4,4,2,0,0
35,B,AUSTRALIA,AFC,CANADA,4?€0,WIN,10,4_4_2,DF,STARTING,41,32,78%,0,4,0,23,15,65%,1,0,1,1,1,22,4,1,1,0,5,11,14,1,0,2,0,2,6,3,0,3,6,6,5,2,5,4,8317.1,2967.6,2751.3,1903.8,444.1,250.3,169,49,28.2,4,4,4,2,0,0
35,B,AUSTRALIA,AFC,CANADA,4?€0,WIN,10,4_4_2,MF,STARTING,32,20,62%,0,4,1,8,3,37%,2,0,2,1,0,46,1,5,1,3,24,12,19,3,1,4,0,3,21,0,0,0,2,10,23,14,2,4,11314.2,3233.6,4334.5,2945.1,557.8,243.3,202,43,26.9,4,4,4,2,33.33333333,25
35,B,AUSTRALIA,AFC,CANADA,4?€0,WIN,10,4_4_2,FW,STARTING,15,13,87%,0,0,0,3,2,66%,0,0,0,0,0,25,0,9,0,3,13,0,5,3,3,1,0,5,24,3,0,3,1,2,25,15,4,1,10758,3799.7,3971.9,2237.7,493.8,255,180,50,28.2,4,4,4,2,100,0
35,B,AUSTRALIA,AFC,CANADA,4?€0,WIN,10,4_4_2,FW,STARTING,14,10,71%,1,1,0,8,5,62%,3,3,0,4,1,44,5,25,1,4,8,1,15,4,1,5,0,6,38,0,0,0,1,5,38,10,5,4,10682.4,3753.8,3556.2,2943,369.6,59.8,223,30,27.3,4,4,4,2,25,0
35,B,AUSTRALIA,AFC,CANADA,4?€0,WIN,10,4_4_2,DF,STARTING,21,16,76%,0,0,0,5,2,40%,0,0,0,0,0,1,0,0,1,0,0,0,0,0,0,0,0,1,0,4,0,4,13,3,2,1,10,6,10168,3612.7,3673.7,2360,426,95.6,176,31,27.8,4,4,4,2,0,0
35,B,AUSTRALIA,AFC,CANADA,4?€0,WIN,10,4_4_2,DF,STARTING,27,23,85%,0,0,0,11,8,72%,0,0,0,0,0,0,0,0,0,0,0,0,0,3,1,7,2,4,1,7,0,10,9,13,4,2,13,8,10102.7,3695.6,3821.9,2096.3,355.6,132.3,163,32,30.6,4,4,4,2,33.33333333,0
35,B,AUSTRALIA,AFC,CANADA,4?€0,WIN,10,4_4_2,MF,STARTING,17,12,71%,0,1,0,6,2,33%,1,1,0,3,2,12,1,0,0,0,4,7,2,5,0,2,1,10,28,0,0,1,3,8,30,19,2,4,9367.8,3109.2,3048.3,2470.3,502.1,237,195,49,27.8,4,4,4,2,0,0
35,B,AUSTRALIA,AFC,CANADA,4?€0,WIN,10,4_4_2,GK,STARTING,29,12,41%,0,0,0,24,8,33%,0,0,0,0,0,15,0,0,0,0,0,15,8,0,0,0,0,0,0,0,0,0,0,1,0,0,6,0,5334.8,3599.9,1315,393.2,26.1,0,34,3,24.5,4,4,4,2,0,0
35,B,AUSTRALIA,AFC,CANADA,4?€0,WIN,10,4_4_2,MF,STARTING,29,19,66%,1,3,0,17,11,64%,1,0,1,0,0,26,12,13,1,0,0,0,3,4,1,1,0,4,17,1,0,1,4,15,36,13,5,4,11211.9,3221.2,4302,3092.3,529.2,67.3,209,37,26.3,4,4,4,2,25,0
35,B,AUSTRALIA,AFC,CANADA,4?€0,WIN,10,4_4_2,DF,STARTING,36,21,58%,0,0,0,19,11,57%,0,0,0,0,0,17,5,4,0,0,1,7,5,3,0,4,0,8,15,2,0,2,14,5,21,10,6,12,10662.2,3795.8,3053.7,2344.6,932.9,534.2,184,70,30.2,4,4,4,2,0,0
35,B,AUSTRALIA,AFC,CANADA,4?€0,WIN,10,4_4_2,MF,STARTING,30,27,90%,1,5,2,5,4,80%,2,1,1,1,0,20,8,4,0,4,1,3,9,2,0,3,0,7,16,2,0,3,4,11,12,5,3,5,10852.3,3310,4249.8,2750,426.5,117.2,203,40,26.9,4,4,4,2,0,40
35,B,AUSTRALIA,AFC,CANADA,4?€0,WIN,10,4_4_2,GK,Substitutions,0,0,0,0,0,0,0,0,0,0,0,0,0,0,0,0,0,0,0,0,0,0,0,0,0,0,0,0,0,0,0,0,0,0,0,0,0,0,0,0,0,0,0,0,0,0,4,4,4,2,0,0
35,B,AUSTRALIA,AFC,CANADA,4?€0,WIN,10,4_4_2,DF,Substitutions,0,0,0,0,0,0,0,0,0,0,0,0,0,0,0,0,0,0,0,0,0,0,0,0,0,0,0,0,0,0,0,0,0,0,0,0,0,0,0,0,0,0,0,0,0,0,4,4,4,2,0,0
35,B,AUSTRALIA,AFC,CANADA,4?€0,WIN,10,4_4_2,DF,Substitutions,0,0,0,0,0,0,0,0,0,0,0,0,0,0,0,0,0,0,0,0,0,0,0,0,0,0,0,0,0,0,0,0,0,0,0,0,0,0,0,0,0,0,0,0,0,0,4,4,4,2,0,0
35,B,AUSTRALIA,AFC,CANADA,4?€0,WIN,10,4_4_2,DF,Substitutions,3,1,33%,0,0,0,0,0,0,0,0,0,0,0,1,0,0,0,0,0,1,1,0,0,0,0,0,0,1,0,1,2,2,0,0,3,0,2129,771.3,770.9,459.2,92,35.6,35,6,27.1,4,4,4,2,0,0
35,B,AUSTRALIA,AFC,CANADA,4?€0,WIN,10,4_4_2,FW,Substitutions,2,0,0,0,0,0,0,0,0,1,1,0,0,0,8,0,2,0,0,6,0,2,3,1,1,0,1,5,0,0,0,0,2,6,2,2,1,0,0,0,0,0,0,0,0,0,4,4,4,2,33.33333333,0
35,B,AUSTRALIA,AFC,CANADA,4?€0,WIN,10,4_4_2,MF,Substitutions,0,0,0,0,0,0,0,0,0,0,0,0,0,0,0,0,0,0,0,0,0,0,0,0,0,0,0,0,0,0,0,0,0,0,0,0,0,2108.6,642.7,654.9,557.9,215.7,37.3,48,14,25.8,4,4,4,2,0,0
35,B,AUSTRALIA,AFC,CANADA,4?€0,WIN,10,4_4_2,MF,Substitutions,0,0,0,0,0,0,0,0,0,0,0,0,0,0,0,0,0,0,0,0,0,0,0,0,0,0,0,0,0,0,0,0,0,0,0,0,0,0,0,0,0,0,0,0,0,0,4,4,4,2,0,0
35,B,AUSTRALIA,AFC,CANADA,4?€0,WIN,10,4_4_2,GK,Substitutions,0,0,0,0,0,0,0,0,0,0,0,0,0,0,0,0,0,0,0,0,0,0,0,0,0,0,0,0,0,0,0,0,0,0,0,0,0,0,0,0,0,0,0,0,0,0,4,4,4,2,0,0
35,B,AUSTRALIA,AFC,CANADA,4?€0,WIN,10,4_4_2,MF,Substitutions,0,0,0,0,0,0,0,0,0,0,0,0,0,0,0,0,0,0,0,0,0,0,0,0,0,0,0,0,0,0,0,0,0,0,0,0,0,0,0,0,0,0,0,0,0,0,4,4,4,2,0,0
35,B,AUSTRALIA,AFC,CANADA,4?€0,WIN,10,4_4_2,FW,Substitutions,0,0,0,0,0,0,0,0,0,0,0,0,0,0,0,0,0,0,0,0,0,0,0,0,0,0,0,0,0,0,0,0,0,0,0,0,0,0,0,0,0,0,0,0,0,0,4,4,4,2,0,0
35,B,AUSTRALIA,AFC,CANADA,4?€0,WIN,10,4_4_2,FW,Substitutions,0,0,0,0,0,0,0,0,0,0,0,0,0,0,0,0,0,0,0,0,0,0,0,0,0,0,0,0,0,0,0,0,0,0,0,0,0,0,0,0,0,0,0,0,0,0,4,4,4,2,0,0
35,B,AUSTRALIA,AFC,CANADA,4?€0,WIN,10,4_4_2,DF,Substitutions,2,0,0,0,0,0,1,0,0,0,0,0,0,0,0,0,0,0,0,0,0,0,0,0,0,0,1,0,0,0,0,0,2,1,1,0,0,0,0,0,0,0,0,0,0,0,4,4,4,2,0,0
22,B,AUSTRALIA,AFC,NIGERIA,2?€3,LOSE,10,4_4_2,MF,STARTING,19,16,84%,0,0,0,3,2,66%,4,2,2,2,0,30,4,3,1,1,13,8,8,3,2,2,1,9,17,2,0,2,0,5,14,5,3,3,10923.3,3622.2,3875.6,2639.1,591,196.6,189,46,27.4,2,4,4,2,66.66666667,0
22,B,AUSTRALIA,AFC,NIGERIA,2?€3,LOSE,10,4_4_2,DF,STARTING,36,29,81%,0,11,1,12,6,50%,0,0,0,3,0,27,11,2,0,0,2,12,7,1,0,0,3,0,1,2,0,3,5,3,2,1,5,4,11044.5,3599.4,3963.9,2316,770.9,394.3,189,59,29.8,2,4,4,2,0,9.090909091
22,B,AUSTRALIA,AFC,NIGERIA,2?€3,LOSE,10,4_4_2,FW,STARTING,16,11,69%,0,4,1,6,3,50%,3,3,0,6,0,73,6,25,3,1,29,9,20,1,0,3,0,4,19,3,0,4,0,8,19,12,4,1,9750,3059.5,3382.3,2776.8,473.8,57.5,233,36,25.3,2,4,4,2,0,25
22,B,AUSTRALIA,AFC,NIGERIA,2?€3,LOSE,10,4_4_2,FW,STARTING,31,24,77%,0,1,1,9,7,77%,0,0,0,6,1,54,14,14,0,3,17,6,11,1,0,5,0,4,33,1,0,1,3,7,21,12,3,6,11699.1,3677,4138,2876.8,652.8,354.5,231,56,28.5,2,4,4,2,0,100
22,B,AUSTRALIA,AFC,NIGERIA,2?€3,LOSE,10,4_4_2,DF,STARTING,59,51,86%,1,0,0,10,5,50%,1,0,1,3,1,13,1,0,0,0,1,11,6,0,0,1,2,0,2,6,0,6,7,9,3,1,7,5,10619.4,3486.3,3946.2,2568.8,493.8,124.2,205,32,26.6,2,4,4,2,0,0
22,B,AUSTRALIA,AFC,NIGERIA,2?€3,LOSE,10,4_4_2,DF,STARTING,60,54,90%,1,0,0,13,9,69%,0,0,0,0,0,9,0,0,0,0,2,7,4,1,1,2,1,0,7,3,0,3,8,10,6,5,9,5,10124.1,3293.4,4053.7,2239.5,389.8,147.8,173,30,27.4,2,4,4,2,100,0
22,B,AUSTRALIA,AFC,NIGERIA,2?€3,LOSE,10,4_4_2,MF,STARTING,21,16,76%,0,4,0,5,4,80%,4,2,2,1,0,31,2,2,2,1,11,13,14,4,1,2,1,9,13,1,0,3,1,6,13,10,3,5,8831.2,2677.6,2901,2415.3,551.1,285.2,176,51,28.4,2,4,4,2,25,0
22,B,AUSTRALIA,AFC,NIGERIA,2?€3,LOSE,10,4_4_2,GK,STARTING,26,24,92%,0,0,0,5,3,60%,0,0,0,0,0,2,0,0,0,0,0,2,0,0,0,0,0,0,0,0,0,0,0,5,0,0,4,0,5306.6,3538.4,1515.6,192.1,29.2,30.8,33,3,25.6,2,4,4,2,0,0
22,B,AUSTRALIA,AFC,NIGERIA,2?€3,LOSE,10,4_4_2,MF,STARTING,67,54,81%,0,6,1,19,12,63%,3,1,2,2,0,41,28,6,0,0,1,6,24,5,2,1,0,6,12,5,0,7,2,15,13,3,6,2,11020.2,3000.8,4167.8,3139.6,570.8,141.1,243,48,30.5,2,4,4,2,40,16.66666667
22,B,AUSTRALIA,AFC,NIGERIA,2?€3,LOSE,10,4_4_2,DF,STARTING,55,42,76%,0,7,3,19,15,78%,3,1,2,1,0,75,27,6,0,0,23,19,26,4,2,3,1,10,3,0,0,2,5,8,12,6,6,8,10428.8,3590.6,3811.7,2100.4,528.7,396.3,176,51,30,2,4,4,2,50,42.85714286
22,B,AUSTRALIA,AFC,NIGERIA,2?€3,LOSE,10,4_4_2,MF,STARTING,61,50,82%,0,4,2,16,12,75%,1,0,1,1,0,49,36,4,1,1,0,7,17,3,2,2,0,5,8,2,0,2,2,10,8,3,2,4,11602.9,3214,4724.7,3210.5,349.2,104.4,237,27,29.2,2,4,4,2,66.66666667,50
22,B,AUSTRALIA,AFC,NIGERIA,2?€3,LOSE,10,4_4_2,GK,Substitutions,0,0,0,0,0,0,0,0,0,0,0,0,0,0,0,0,0,0,0,0,0,0,0,0,0,0,0,0,0,0,0,0,0,0,0,0,0,0,0,0,0,0,0,0,0,0,2,4,4,2,0,0
22,B,AUSTRALIA,AFC,NIGERIA,2?€3,LOSE,10,4_4_2,DF,Substitutions,0,0,0,0,0,0,0,0,0,0,0,0,0,0,0,0,0,0,0,0,0,0,0,0,0,0,0,0,0,0,0,0,0,0,0,0,0,0,0,0,0,0,0,0,0,0,2,4,4,2,0,0
22,B,AUSTRALIA,AFC,NIGERIA,2?€3,LOSE,10,4_4_2,DF,Substitutions,0,0,0,0,0,0,0,0,0,0,0,0,0,0,0,0,0,0,0,0,0,0,0,0,0,0,0,0,0,0,0,0,0,0,0,0,0,0,0,0,0,0,0,0,0,0,2,4,4,2,0,0
22,B,AUSTRALIA,AFC,NIGERIA,2?€3,LOSE,10,4_4_2,DF,Substitutions,7,6,86%,0,0,0,2,1,50%,0,0,0,0,0,1,0,0,0,0,0,1,1,1,0,1,0,0,1,1,0,1,2,1,0,0,1,3,1336.2,531.4,488.5,273.5,42.8,0,19,4,25.8,2,4,4,2,0,0
22,B,AUSTRALIA,AFC,NIGERIA,2?€3,LOSE,10,4_4_2,MF,Substitutions,0,0,0,0,0,0,0,0,0,0,0,0,0,0,0,0,0,0,0,0,0,0,0,0,0,0,0,0,0,0,0,0,0,0,0,0,0,2736.2,781.7,888.2,795.7,168.8,102.1,58,17,28.1,2,4,4,2,0,0
22,B,AUSTRALIA,AFC,NIGERIA,2?€3,LOSE,10,4_4_2,MF,Substitutions,7,6,86%,0,0,0,4,3,75%,1,1,0,2,0,12,2,1,2,1,4,2,4,0,0,2,0,0,1,0,0,0,0,2,1,0,0,1,0,0,0,0,0,0,0,0,0,2,4,4,2,0,0
22,B,AUSTRALIA,AFC,NIGERIA,2?€3,LOSE,10,4_4_2,FW,Substitutions,0,0,0,0,0,0,0,0,0,0,0,0,0,0,0,0,0,0,0,0,0,0,0,0,0,0,0,0,0,0,0,0,0,0,0,0,0,0,0,0,0,0,0,0,0,0,2,4,4,2,0,0
22,B,AUSTRALIA,AFC,NIGERIA,2?€3,LOSE,10,4_4_2,GK,Substitutions,0,0,0,0,0,0,0,0,0,0,0,0,0,0,0,0,0,0,0,0,0,0,0,0,0,0,0,0,0,0,0,0,0,0,0,0,0,0,0,0,0,0,0,0,0,0,2,4,4,2,0,0
22,B,AUSTRALIA,AFC,NIGERIA,2?€3,LOSE,10,4_4_2,MF,Substitutions,0,0,0,0,0,0,0,0,0,0,0,0,0,0,0,0,0,0,0,0,0,0,0,0,0,0,0,0,0,0,0,0,0,0,0,0,0,0,0,0,0,0,0,0,0,0,2,4,4,2,0,0
22,B,AUSTRALIA,AFC,NIGERIA,2?€3,LOSE,10,4_4_2,FW,Substitutions,0,0,0,0,0,0,0,0,0,0,0,0,0,0,0,0,0,0,0,0,0,0,0,0,0,0,0,0,0,0,0,0,0,0,0,0,0,0,0,0,0,0,0,0,0,0,2,4,4,2,0,0
22,B,AUSTRALIA,AFC,NIGERIA,2?€3,LOSE,10,4_4_2,FW,Substitutions,0,0,0,0,0,0,0,0,0,0,0,0,0,0,0,0,0,0,0,0,0,0,0,0,0,0,0,0,0,0,0,0,0,0,0,0,0,0,0,0,0,0,0,0,0,0,2,4,4,2,0,0
22,B,AUSTRALIA,AFC,NIGERIA,2?€3,LOSE,10,4_4_2,DF,Substitutions,0,0,0,0,0,0,0,0,0,0,0,0,0,0,0,0,0,0,0,0,0,0,0,0,0,0,0,0,0,0,0,0,0,0,0,0,0,415.9,75,90.7,95.8,83.2,71.2,10,6,27.9,2,4,4,2,0,0
35,B,CANADA,CONCACAF,AUSTRALIA,0?€4,LOSE,7,4_2_3_1,GK,STARTING,46,25,54%,0,0,0,23,5,21%,0,0,0,0,0,29,0,0,0,0,0,29,11,0,0,0,0,0,0,0,0,0,0,6,0,0,6,0,4997.9,3928.9,800.7,236.9,31,0,25,4,23.3,0,4,5,1,0,0
35,B,CANADA,CONCACAF,AUSTRALIA,0?€4,LOSE,7,4_2_3_1,DF,STARTING,63,54,86%,0,0,0,20,13,65%,1,0,1,0,0,7,1,0,0,0,0,6,3,2,0,4,1,3,7,3,0,5,5,12,8,4,6,8,7787,3397.5,2670.2,1272.4,278,168.2,118,27,29.1,0,4,5,1,0,0
35,B,CANADA,CONCACAF,AUSTRALIA,0?€4,LOSE,7,4_2_3_1,MF,STARTING,50,40,80%,0,0,0,13,7,53%,0,0,0,0,0,38,25,7,0,0,0,6,15,2,1,3,0,4,15,2,0,3,2,16,16,7,2,5,10045.6,3479.8,3659.6,2356.7,409.9,139.6,195,29,30.2,0,4,5,1,50,0
35,B,CANADA,CONCACAF,AUSTRALIA,0?€4,LOSE,7,4_2_3_1,MF,STARTING,26,24,92%,0,1,0,6,4,66%,0,0,0,0,0,26,12,8,0,2,2,2,13,3,1,0,0,3,7,0,0,0,1,6,9,3,1,1,4568.6,1910.1,1537.8,789.5,208.3,122.9,81,23,32.2,0,4,5,1,33.33333333,0
35,B,CANADA,CONCACAF,AUSTRALIA,0?€4,LOSE,7,4_2_3_1,DF,STARTING,29,27,93%,0,0,0,8,7,87%,0,0,0,0,0,10,4,0,0,0,2,4,3,3,0,2,1,7,5,1,0,2,5,4,13,8,4,5,8072.5,3127.3,2784.2,1842.1,251.1,67.8,139,21,26.6,0,4,5,1,0,0
35,B,CANADA,CONCACAF,AUSTRALIA,0?€4,LOSE,7,4_2_3_1,MF,STARTING,13,12,92%,0,2,0,3,2,66%,1,0,1,1,0,13,1,1,0,2,8,1,1,1,0,1,0,1,11,2,0,3,0,3,4,2,2,1,6038.2,2542.1,2089.8,987.8,279.6,138.3,94,31,29.2,0,4,5,1,0,0
35,B,CANADA,CONCACAF,AUSTRALIA,0?€4,LOSE,7,4_2_3_1,DF,STARTING,47,32,68%,1,1,0,19,12,63%,3,0,3,0,0,42,9,1,0,2,2,28,14,0,0,2,1,3,13,1,0,1,0,7,25,9,1,1,9828.8,3541.3,2829.7,2392.3,670.3,394.1,211,61,31.5,0,4,5,1,0,0
35,B,CANADA,CONCACAF,AUSTRALIA,0?€4,LOSE,7,4_2_3_1,FW,STARTING,13,11,85%,0,0,0,1,1,100%,0,0,0,0,0,34,1,15,0,5,11,2,6,4,1,0,1,3,13,1,0,2,1,2,20,11,4,1,9517.9,3606.3,2968.6,2239.6,574.9,128.5,175,45,28.5,0,4,5,1,25,0
35,B,CANADA,CONCACAF,AUSTRALIA,0?€4,LOSE,7,4_2_3_1,DF,STARTING,76,63,83%,0,0,0,20,15,75%,0,0,0,3,0,7,0,0,0,0,3,4,3,3,1,4,0,4,2,11,1,12,13,7,8,5,6,10,6954.4,2765,2519.6,1386,223.9,59.1,106,18,26.5,0,4,5,1,33.33333333,0
35,B,CANADA,CONCACAF,AUSTRALIA,0?€4,LOSE,7,4_2_3_1,MF,STARTING,41,30,73%,0,8,3,14,8,57%,3,3,0,0,0,55,12,22,1,3,12,5,8,8,2,4,0,12,15,2,0,5,1,10,13,5,5,6,8621.8,3393.6,3260.8,1543.3,309.5,114.7,142,31,29.1,0,4,5,1,25,37.5
35,B,CANADA,CONCACAF,AUSTRALIA,0?€4,LOSE,7,4_2_3_1,MF,STARTING,11,9,82%,0,5,0,2,1,50%,0,0,0,1,0,29,2,6,0,1,16,4,10,2,0,0,1,4,20,0,0,1,0,2,19,11,2,0,6945,2289.1,2321.7,1743.2,496.6,93.8,137,35,30.7,0,4,5,1,0,0
35,B,CANADA,CONCACAF,AUSTRALIA,0?€4,LOSE,7,4_2_3_1,DF,Substitutions,29,24,83%,0,1,1,7,4,57%,1,1,0,0,0,15,2,1,0,0,2,10,5,2,0,2,0,2,5,1,0,1,4,3,2,1,3,3,2643.5,1090.2,902.7,549.8,44.7,56,50,6,27,0,4,5,1,0,100
35,B,CANADA,CONCACAF,AUSTRALIA,0?€4,LOSE,7,4_2_3_1,DF,Substitutions,0,0,0,0,0,0,0,0,0,0,0,0,0,0,0,0,0,0,0,0,0,0,0,0,0,0,0,0,0,0,0,0,0,0,0,0,0,0,0,0,0,0,0,0,0,0,0,4,5,1,0,0
35,B,CANADA,CONCACAF,AUSTRALIA,0?€4,LOSE,7,4_2_3_1,FW,Substitutions,4,3,75%,0,2,0,0,0,0,1,1,0,1,0,3,0,1,0,1,1,0,0,1,0,0,0,2,6,0,1,2,0,1,5,3,0,0,3350.7,1357.7,1130.2,490.9,205.1,166.9,51,22,30.2,0,4,5,1,0,0
35,B,CANADA,CONCACAF,AUSTRALIA,0?€4,LOSE,7,4_2_3_1,FW,Substitutions,3,2,67%,0,0,0,0,0,0,1,1,0,1,0,12,1,4,0,1,5,1,2,0,0,1,0,2,4,2,0,2,0,2,7,2,0,0,3157.9,907.3,1043.1,874.1,228.6,104.8,73,22,31.7,0,4,5,1,0,0
35,B,CANADA,CONCACAF,AUSTRALIA,0?€4,LOSE,7,4_2_3_1,MF,Substitutions,21,17,81%,0,3,1,8,5,62%,0,0,0,2,0,6,1,2,0,0,1,2,4,3,1,2,0,3,3,2,0,5,3,8,3,0,5,2,1845.7,617.6,561.5,433.9,186.1,46.9,37,18,31.5,0,4,5,1,33.33333333,33.33333333
35,B,CANADA,CONCACAF,AUSTRALIA,0?€4,LOSE,7,4_2_3_1,FW,Substitutions,0,0,0,0,0,0,0,0,0,0,0,0,0,0,0,0,0,0,0,0,0,0,0,0,0,0,0,0,0,0,0,0,0,0,0,0,0,0,0,0,0,0,0,0,0,0,0,4,5,1,0,0
35,B,CANADA,CONCACAF,AUSTRALIA,0?€4,LOSE,7,4_2_3_1,DF,Substitutions,0,0,0,0,0,0,0,0,0,0,0,0,0,0,0,0,0,0,0,0,0,0,0,0,0,0,0,0,0,0,0,0,0,0,0,0,0,0,0,0,0,0,0,0,0,0,0,4,5,1,0,0
35,B,CANADA,CONCACAF,AUSTRALIA,0?€4,LOSE,7,4_2_3_1,GK,Substitutions,0,0,0,0,0,0,0,0,0,0,0,0,0,0,0,0,0,0,0,0,0,0,0,0,0,0,0,0,0,0,0,0,0,0,0,0,0,0,0,0,0,0,0,0,0,0,0,4,5,1,0,0
35,B,CANADA,CONCACAF,AUSTRALIA,0?€4,LOSE,7,4_2_3_1,FW,Substitutions,20,17,85%,0,2,0,1,1,100%,1,1,0,1,0,33,2,4,1,1,13,12,9,2,1,0,3,1,7,2,0,2,1,4,9,6,4,1,5523.4,1722.2,1542.1,1554.3,450.7,254.1,128,48,28.7,0,4,5,1,50,0
35,B,CANADA,CONCACAF,AUSTRALIA,0?€4,LOSE,7,4_2_3_1,MF,Substitutions,0,0,0,0,0,0,0,0,0,0,0,0,0,0,0,0,0,0,0,0,0,0,0,0,0,0,0,0,0,0,0,0,0,0,0,0,0,0,0,0,0,0,0,0,0,0,0,4,5,1,0,0
35,B,CANADA,CONCACAF,AUSTRALIA,0?€4,LOSE,7,4_2_3_1,GK,Substitutions,0,0,0,0,0,0,0,0,0,0,0,0,0,0,0,0,0,0,0,0,0,0,0,0,0,0,0,0,0,0,0,0,0,0,0,0,0,0,0,0,0,0,0,0,0,0,0,4,5,1,0,0
35,B,CANADA,CONCACAF,AUSTRALIA,0?€4,LOSE,7,4_2_3_1,FW,Substitutions,3,3,100%,0,0,0,0,0,0,0,0,0,1,0,3,3,0,0,0,0,0,1,0,0,2,0,0,3,2,0,2,1,1,3,1,3,1,0,0,0,0,0,0,0,0,0,0,4,5,1,0,0
19,B,CANADA,CONCACAF,IRELAND,2?€1,WIN,7,4_2_3_1,GK,STARTING,37,21,57%,0,0,0,18,5,27%,0,0,0,0,0,22,0,0,0,0,0,22,12,0,0,0,0,0,0,0,0,0,0,3,0,0,9,0,5847.5,4011.4,1249.6,542.1,43.9,0,59,5,22,2,4,5,1,0,0
19,B,CANADA,CONCACAF,IRELAND,2?€1,WIN,7,4_2_3_1,DF,STARTING,45,39,87%,0,0,0,7,4,57%,0,0,0,0,0,9,0,0,0,0,0,9,6,2,0,2,1,5,1,1,1,2,1,3,0,0,2,3,4149,1812.3,1556.7,590.8,145.2,43.6,57,12,28,2,4,5,1,0,0
19,B,CANADA,CONCACAF,IRELAND,2?€1,WIN,7,4_2_3_1,MF,STARTING,67,55,82%,0,0,0,17,12,70%,2,0,2,0,0,63,52,4,1,0,0,6,25,5,1,4,2,6,24,2,0,5,6,9,19,8,11,5,11425.9,3562.6,4448.1,2847.3,495.9,73.1,218,36,28.3,2,4,5,1,20,0
19,B,CANADA,CONCACAF,IRELAND,2?€1,WIN,7,4_2_3_1,MF,STARTING,23,19,83%,0,1,0,4,2,50%,0,0,0,0,0,25,18,4,1,0,0,2,9,4,1,3,0,3,5,0,0,0,1,3,4,0,2,2,5593.9,1844.9,2174.9,1276.5,224.9,72.7,102,18,28,2,4,5,1,25,0
19,B,CANADA,CONCACAF,IRELAND,2?€1,WIN,7,4_2_3_1,DF,STARTING,63,48,76%,0,1,0,14,8,57%,2,2,0,0,0,13,3,0,0,0,5,5,5,2,1,6,0,2,6,1,1,2,2,4,7,2,7,4,9148.2,3297,3482.7,1887.3,376.9,104.3,146,35,29.1,2,4,5,1,50,0
19,B,CANADA,CONCACAF,IRELAND,2?€1,WIN,7,4_2_3_1,FW,STARTING,11,11,100%,0,2,0,0,0,0%,8,5,3,6,0,38,3,5,0,3,24,3,8,2,1,7,1,4,26,6,0,7,4,7,16,10,7,4,11315.7,3536.2,3567.9,3332.5,591.8,287.4,242,54,28.7,2,4,5,1,50,0
19,B,CANADA,CONCACAF,IRELAND,2?€1,WIN,7,4_2_3_1,DF,STARTING,55,46,84%,0,2,2,19,13,68%,7,2,5,1,0,30,15,1,0,0,5,9,7,3,2,2,0,10,18,0,0,0,2,8,26,16,3,3,10074.7,3522.1,3860.6,2043.1,470.5,178.3,186,37,27.8,2,4,5,1,66.66666667,100
19,B,CANADA,CONCACAF,IRELAND,2?€1,WIN,7,4_2_3_1,FW,STARTING,3,3,100%,0,0,0,1,1,100%,0,0,0,0,0,65,0,19,1,0,45,0,2,0,0,0,0,0,6,1,0,2,1,2,10,4,0,0,5425.5,1958.1,1927.7,1226.7,249.6,63.5,103,18,29.2,2,4,5,1,0,0
19,B,CANADA,CONCACAF,IRELAND,2?€1,WIN,7,4_2_3_1,DF,STARTING,63,52,83%,1,1,0,8,2,25%,1,0,1,2,0,55,5,0,0,0,0,50,29,1,0,1,1,5,1,10,0,12,15,9,5,1,7,9,9532.4,3318.2,4004.6,1730.1,336.5,143,158,33,27.1,2,4,5,1,0,0
19,B,CANADA,CONCACAF,IRELAND,2?€1,WIN,7,4_2_3_1,MF,STARTING,47,38,81%,0,7,3,12,7,58%,1,1,0,0,0,67,18,25,0,6,12,6,19,7,3,2,2,17,33,4,0,6,0,10,35,18,10,3,12620.7,3772.3,3436.6,4354.1,951.6,106,324,69,28.6,2,4,5,1,42.85714286,42.85714286
19,B,CANADA,CONCACAF,IRELAND,2?€1,WIN,7,4_2_3_1,FW,STARTING,12,10,83%,0,2,0,3,1,33%,1,1,0,3,1,39,5,3,4,4,13,10,8,2,1,1,0,4,13,0,0,0,1,3,16,12,1,2,7420.1,2286.1,2476.1,2056.9,411.1,189.2,150,32,27.8,2,4,5,1,50,0
19,B,CANADA,CONCACAF,IRELAND,2?€1,WIN,7,4_2_3_1,DF,Substitutions,1,0,0%,0,0,0,1,0,0%,0,0,0,0,0,0,0,0,0,0,0,0,0,0,0,0,0,0,0,0,0,0,1,0,0,0,0,1,344,134.5,101.9,107.6,0,0,0,0,18.8,2,4,5,1,0,0
19,B,CANADA,CONCACAF,IRELAND,2?€1,WIN,7,4_2_3_1,DF,Substitutions,18,16,89%,0,0,0,1,1,100%,0,0,0,0,0,12,5,0,0,0,0,7,7,1,1,1,0,1,0,0,0,0,2,4,2,0,1,2,5053.3,1872.2,1728.2,1177.4,224.4,51.5,96,20,29.3,2,4,5,1,100,0
19,B,CANADA,CONCACAF,IRELAND,2?€1,WIN,7,4_2_3_1,FW,Substitutions,0,0,0,0,0,0,0,0,0,0,0,0,0,0,0,0,0,0,0,0,0,0,0,0,0,0,0,0,0,0,0,0,0,0,0,0,0,0,0,0,0,0,0,0,0,0,2,4,5,1,0,0
19,B,CANADA,CONCACAF,IRELAND,2?€1,WIN,7,4_2_3_1,FW,Substitutions,28,20,71%,0,0,0,4,4,100%,0,0,0,2,0,27,4,8,2,5,8,0,7,2,1,1,0,4,15,1,0,1,0,5,16,8,2,1,5618.9,1908.2,1942.5,1319.9,381.5,67.4,96,22,26,2,4,5,1,50,0
19,B,CANADA,CONCACAF,IRELAND,2?€1,WIN,7,4_2_3_1,MF,Substitutions,25,18,72%,1,0,0,7,5,71%,0,0,0,0,0,13,7,4,0,0,2,0,4,1,1,1,2,4,3,5,0,6,4,5,13,3,6,1,5783.5,1718.3,2081.5,1513.5,346.4,123.2,121,29,27.5,2,4,5,1,100,0
19,B,CANADA,CONCACAF,IRELAND,2?€1,WIN,7,4_2_3_1,FW,Substitutions,0,0,0,0,0,0,0,0,0,0,0,0,0,0,0,0,0,0,0,0,0,0,0,0,0,0,0,0,0,0,0,0,0,0,0,0,0,0,0,0,0,0,0,0,0,0,2,4,5,1,0,0
19,B,CANADA,CONCACAF,IRELAND,2?€1,WIN,7,4_2_3_1,DF,Substitutions,0,0,0,0,0,0,0,0,0,0,0,0,0,0,0,0,0,0,0,0,0,0,0,0,0,0,0,0,0,0,0,0,0,0,0,0,0,0,0,0,0,0,0,0,0,0,2,4,5,1,0,0
19,B,CANADA,CONCACAF,IRELAND,2?€1,WIN,7,4_2_3_1,GK,Substitutions,0,0,0,0,0,0,0,0,0,0,0,0,0,0,0,0,0,0,0,0,0,0,0,0,0,0,0,0,0,0,0,0,0,0,0,0,0,0,0,0,0,0,0,0,0,0,2,4,5,1,0,0
19,B,CANADA,CONCACAF,IRELAND,2?€1,WIN,7,4_2_3_1,FW,Substitutions,12,10,83%,0,3,2,2,1,50%,3,1,2,2,0,33,1,8,0,4,10,10,9,1,1,2,0,1,8,2,0,2,0,4,6,0,2,1,4777.6,1265.6,1550.8,1185.8,434.3,341.1,94,32,30.5,2,4,5,1,100,66.66666667
19,B,CANADA,CONCACAF,IRELAND,2?€1,WIN,7,4_2_3_1,MF,Substitutions,0,0,0,0,0,0,0,0,0,0,0,0,0,0,0,0,0,0,0,0,0,0,0,0,0,0,0,0,0,0,0,0,0,0,0,0,0,0,0,0,0,0,0,0,0,0,2,4,5,1,0,0
19,B,CANADA,CONCACAF,IRELAND,2?€1,WIN,7,4_2_3_1,GK,Substitutions,0,0,0,0,0,0,0,0,0,0,0,0,0,0,0,0,0,0,0,0,0,0,0,0,0,0,0,0,0,0,0,0,0,0,0,0,0,0,0,0,0,0,0,0,0,0,2,4,5,1,0,0
19,B,CANADA,CONCACAF,IRELAND,2?€1,WIN,7,4_2_3_1,FW,Substitutions,0,0,0,0,0,0,0,0,0,0,0,0,0,0,0,0,0,0,0,0,0,0,0,0,0,0,0,0,0,0,0,0,0,0,0,0,0,0,0,0,0,0,0,0,0,0,2,4,5,1,0,0
4,B,CANADA,CONCACAF,NIGERIA,0?€0,DRAW,7,4_2_3_1,GK,STARTING,18,15,83%,0,0,0,4,2,50%,0,0,0,0,0,5,0,0,0,0,0,5,2,0,0,0,0,0,0,0,0,0,0,3,0,0,3,0,5998.1,4079.3,1110.8,745,62.4,0,67,5,22.1,0,4,5,1,0,0
4,B,CANADA,CONCACAF,NIGERIA,0?€0,DRAW,7,4_2_3_1,DF,STARTING,71,64,90%,2,0,0,12,8,66%,2,0,2,1,0,28,0,1,0,1,0,26,15,2,1,1,2,2,2,0,0,0,6,7,5,1,4,5,8353.2,3647.9,3104.1,1141.1,252.3,207.2,105,26,28.9,0,4,5,1,50,0
4,B,CANADA,CONCACAF,NIGERIA,0?€0,DRAW,7,4_2_3_1,MF,STARTING,57,49,86%,0,1,1,15,11,73%,1,1,0,1,0,62,41,7,0,0,0,14,28,2,1,3,0,10,11,4,0,4,3,14,11,4,5,3,9320.5,2540.8,3792.5,2643.3,302,41.9,186,20,27.7,0,4,5,1,50,100
4,B,CANADA,CONCACAF,NIGERIA,0?€0,DRAW,7,4_2_3_1,MF,STARTING,4,3,75%,0,1,0,2,1,50%,3,2,1,0,0,27,2,5,2,2,7,9,5,0,0,0,1,4,6,0,1,1,1,2,7,4,2,1,5713.4,1676.9,2193.4,1500.9,295.4,47.4,109,22,26.5,0,4,5,1,0,0
4,B,CANADA,CONCACAF,NIGERIA,0?€0,DRAW,7,4_2_3_1,MF,STARTING,36,32,89%,0,0,0,10,8,80%,1,0,1,2,0,47,23,18,1,2,0,3,18,1,0,0,1,2,11,2,0,4,0,7,6,2,1,1,4622.1,1800.3,1535.9,983.6,244.5,58.2,86,24,28.6,0,4,5,1,0,0
4,B,CANADA,CONCACAF,NIGERIA,0?€0,DRAW,7,4_2_3_1,DF,STARTING,33,26,79%,0,1,0,11,8,72%,3,1,2,0,0,16,5,1,0,0,5,5,4,4,2,5,2,5,10,0,0,1,6,4,13,6,8,4,5524,1787.6,1803.6,1411.4,364.6,156.3,120,29,28.2,0,4,5,1,50,0
4,B,CANADA,CONCACAF,NIGERIA,0?€0,DRAW,7,4_2_3_1,FW,STARTING,25,13,52%,0,3,0,8,4,50%,4,3,1,4,0,43,1,19,1,3,17,2,15,5,0,1,0,4,14,4,0,4,1,6,15,9,2,2,10045.4,3686.6,3303.9,2268.2,577.6,207.9,188,45,28.7,0,4,5,1,0,0
4,B,CANADA,CONCACAF,NIGERIA,0?€0,DRAW,7,4_2_3_1,DF,STARTING,56,48,86%,0,2,1,13,11,84%,6,3,3,0,0,41,9,3,0,2,12,15,13,1,1,3,0,5,6,0,0,0,4,7,13,3,3,3,5752.2,1856.2,2287.7,1359.2,163.9,85.7,94,18,26.7,0,4,5,1,100,50
4,B,CANADA,CONCACAF,NIGERIA,0?€0,DRAW,7,4_2_3_1,MF,STARTING,27,18,67%,0,1,0,6,3,50%,2,1,1,2,0,28,8,7,1,3,6,3,9,1,1,0,0,1,6,1,0,2,0,3,4,3,3,0,9890.6,3244.1,4215.4,1886.1,387.7,158.2,165,36,28.5,0,4,5,1,100,0
4,B,CANADA,CONCACAF,NIGERIA,0?€0,DRAW,7,4_2_3_1,DF,STARTING,73,68,93%,0,0,0,17,14,82%,1,0,1,0,0,8,0,0,0,0,0,8,3,0,0,3,0,0,2,5,0,5,6,9,2,0,3,3,12358.6,3466.6,3284.9,4316.9,883.6,407.8,292,77,28.4,0,4,5,1,0,0
4,B,CANADA,CONCACAF,NIGERIA,0?€0,DRAW,7,4_2_3_1,MF,STARTING,12,10,83%,0,9,0,7,2,28%,1,1,0,1,0,32,1,2,5,2,18,4,8,1,0,2,2,3,8,1,0,1,0,3,8,3,4,1,7374.1,2324.3,2308.1,2108.2,508.8,124.6,155,36,28.1,0,4,5,1,0,0
4,B,CANADA,CONCACAF,NIGERIA,0?€0,DRAW,7,4_2_3_1,DF,Substitutions,9,8,89%,0,2,2,5,4,80%,0,0,0,0,0,5,0,0,0,0,4,1,2,1,0,0,0,2,1,3,0,4,2,3,4,1,1,1,5101.4,1911.5,1460.5,1206.5,307.6,215.8,96,30,27.4,0,4,5,1,0,100
4,B,CANADA,CONCACAF,NIGERIA,0?€0,DRAW,7,4_2_3_1,DF,Substitutions,0,0,0,0,0,0,0,0,0,0,0,0,0,0,0,0,0,0,0,0,0,0,0,0,0,0,0,0,0,0,0,0,0,0,0,0,0,0,0,0,0,0,0,0,0,0,0,4,5,1,0,0
4,B,CANADA,CONCACAF,NIGERIA,0?€0,DRAW,7,4_2_3_1,FW,Substitutions,6,5,83%,0,0,0,1,1,100%,0,0,0,2,0,14,0,4,0,0,7,3,4,0,0,1,0,1,4,0,0,0,0,2,7,2,1,0,5141.7,1802.2,1958,876.7,270.5,234.5,85,31,29.8,0,4,5,1,0,0
4,B,CANADA,CONCACAF,NIGERIA,0?€0,DRAW,7,4_2_3_1,MF,Substitutions,13,11,85%,1,5,2,6,5,83%,0,0,0,0,0,15,5,5,1,1,2,1,4,0,0,0,0,2,3,3,0,3,2,5,5,3,1,1,3486.4,1273.6,1141.8,718.2,256.6,95.9,65,21,27.3,0,4,5,1,0,40
4,B,CANADA,CONCACAF,NIGERIA,0?€0,DRAW,7,4_2_3_1,FW,Substitutions,2,2,100%,0,0,0,0,0,0,0,0,0,0,0,11,0,1,0,1,6,3,2,3,1,2,0,3,1,0,0,0,0,0,2,1,3,2,5244.3,1916.8,1663,1316.3,210.8,137.4,98,21,28.8,0,4,5,1,33.33333333,0
4,B,CANADA,CONCACAF,NIGERIA,0?€0,DRAW,7,4_2_3_1,DF,Substitutions,0,0,0,0,0,0,0,0,0,0,0,0,0,0,0,0,0,0,0,0,0,0,0,0,0,0,0,0,0,0,0,0,0,0,0,0,0,0,0,0,0,0,0,0,0,0,0,4,5,1,0,0
4,B,CANADA,CONCACAF,NIGERIA,0?€0,DRAW,7,4_2_3_1,MF,Substitutions,0,0,0,0,0,0,0,0,0,0,0,0,0,0,0,0,0,0,0,0,0,0,0,0,0,0,0,0,0,0,0,0,0,0,0,0,0,0,0,0,0,0,0,0,0,0,0,4,5,1,0,0
4,B,CANADA,CONCACAF,NIGERIA,0?€0,DRAW,7,4_2_3_1,GK,Substitutions,0,0,0,0,0,0,0,0,0,0,0,0,0,0,0,0,0,0,0,0,0,0,0,0,0,0,0,0,0,0,0,0,0,0,0,0,0,0,0,0,0,0,0,0,0,0,0,4,5,1,0,0
4,B,CANADA,CONCACAF,NIGERIA,0?€0,DRAW,7,4_2_3_1,FW,Substitutions,17,12,71%,0,1,0,3,2,66%,0,0,0,1,0,33,4,5,4,3,12,5,8,2,0,1,0,2,10,0,0,1,0,4,10,7,2,1,5745.9,1736.4,1913.4,1415.8,413.7,267.2,119,37,29.9,0,4,5,1,0,0
4,B,CANADA,CONCACAF,NIGERIA,0?€0,DRAW,7,4_2_3_1,MF,Substitutions,0,0,0,0,0,0,0,0,0,0,0,0,0,0,0,0,0,0,0,0,0,0,0,0,0,0,0,0,0,0,0,0,0,0,0,0,0,0,0,0,0,0,0,0,0,0,0,4,5,1,0,0
4,B,CANADA,CONCACAF,NIGERIA,0?€0,DRAW,7,4_2_3_1,GK,Substitutions,0,0,0,0,0,0,0,0,0,0,0,0,0,0,0,0,0,0,0,0,0,0,0,0,0,0,0,0,0,0,0,0,0,0,0,0,0,0,0,0,0,0,0,0,0,0,0,4,5,1,0,0
4,B,CANADA,CONCACAF,NIGERIA,0?€0,DRAW,7,4_2_3_1,FW,Substitutions,0,0,0,0,0,0,0,0,0,0,0,0,0,0,0,0,0,0,0,0,0,0,0,0,0,0,0,0,0,0,0,0,0,0,0,0,0,2255.5,659.3,866.6,503,207.3,19.4,43,12,26.4,0,4,5,1,0,0
2,B,IRELAND,UEFA,AUSTRALIA,0?€1,LOSE,22,3_4_3,GK,STARTING,29,18,62%,0,0,0,14,7,50%,0,0,0,0,0,8,0,0,0,0,0,8,4,0,0,0,0,0,0,0,0,0,0,7,0,0,2,0,6077.8,4599.1,1197.3,244.3,37.1,0,32,4,22.3,0,3,4,3,0,0
2,B,IRELAND,UEFA,AUSTRALIA,0?€1,LOSE,22,3_4_3,DF,STARTING,10,8,80%,0,0,0,2,0,0,0,0,0,1,0,4,0,0,0,0,0,4,1,2,1,3,0,1,4,6,0,6,7,2,8,2,4,6,9513.1,3777.6,3468.5,1806.5,396.7,63.7,161,29,25.7,0,3,4,3,50,0
2,B,IRELAND,UEFA,AUSTRALIA,0?€1,LOSE,22,3_4_3,DF,STARTING,26,22,85%,1,0,0,11,7,63%,1,0,1,0,0,9,1,0,0,0,0,8,4,0,0,2,1,4,5,0,0,2,8,5,17,4,7,4,9305.4,3507.2,3625.4,1660.1,442.9,69.8,143,34,25.8,0,3,4,3,0,0
2,B,IRELAND,UEFA,AUSTRALIA,0?€1,LOSE,22,3_4_3,DF,STARTING,26,17,65%,2,4,0,15,7,46%,0,0,0,1,0,13,6,0,0,0,1,6,5,1,0,2,1,0,6,0,0,0,3,2,7,0,2,3,9203.8,3370.4,3644.7,1857.3,234.7,96.6,157,22,26.5,0,3,4,3,0,0
2,B,IRELAND,UEFA,AUSTRALIA,0?€1,LOSE,22,3_4_3,MF,STARTING,15,13,87%,1,1,0,4,4,100%,2,1,1,1,0,31,20,9,0,0,1,1,9,8,1,3,0,14,23,2,0,2,0,6,32,20,2,1,10802.7,3315.3,4854.7,2110.8,394.3,127.5,157,37,26.6,0,3,4,3,12.5,0
2,B,IRELAND,UEFA,AUSTRALIA,0?€1,LOSE,22,3_4_3,MF,STARTING,31,26,84%,0,2,0,5,4,80%,1,0,1,1,0,51,17,23,4,2,3,2,18,10,4,2,1,7,37,2,0,2,1,11,42,17,7,4,10803.1,3420.3,3941,2784,582.3,76.7,209,44,26.5,0,3,4,3,40,0
2,B,IRELAND,UEFA,AUSTRALIA,0?€1,LOSE,22,3_4_3,MF,STARTING,36,22,61%,1,7,2,21,12,57%,2,1,1,1,0,28,7,3,0,0,6,12,11,4,1,3,3,12,28,1,0,2,7,8,28,19,5,7,9848,3289.2,3184.8,2550.6,564.3,259,184,46,29,0,3,4,3,25,28.57142857
2,B,IRELAND,UEFA,AUSTRALIA,0?€1,LOSE,22,3_4_3,MF,STARTING,27,15,56%,0,6,1,13,5,38%,3,2,1,1,0,24,5,0,1,0,6,12,11,7,0,1,0,8,10,0,0,0,7,4,18,11,3,5,10496.9,3350.6,3823,2339.8,694.9,288.7,189,55,29.7,0,3,4,3,0,16.66666667
2,B,IRELAND,UEFA,AUSTRALIA,0?€1,LOSE,22,3_4_3,FW,STARTING,16,14,88%,0,0,0,3,2,66%,0,0,0,0,0,24,6,4,3,1,3,7,5,6,3,0,0,5,14,4,0,5,3,5,24,11,3,4,7769.6,2104.8,3020.1,2180.9,382.3,80.8,168,25,26.5,0,3,4,3,50,0
2,B,IRELAND,UEFA,AUSTRALIA,0?€1,LOSE,22,3_4_3,FW,STARTING,13,6,46%,0,0,0,2,0,0,2,2,0,2,0,17,0,3,0,1,9,4,3,1,1,0,0,8,19,2,0,4,0,2,15,7,2,0,9233,3038.6,3616.5,1894.6,543.8,140.3,166,43,27.6,0,3,4,3,100,0
2,B,IRELAND,UEFA,AUSTRALIA,0?€1,LOSE,22,3_4_3,FW,STARTING,8,3,38%,0,3,1,1,1,100%,0,0,0,0,0,28,0,12,2,3,7,4,4,4,1,3,0,6,16,0,0,0,0,3,17,9,2,2,8026.1,2237.7,2905.5,2138.2,477.6,267.3,173,44,28,0,3,4,3,25,33.33333333
2,B,IRELAND,UEFA,AUSTRALIA,0?€1,LOSE,22,3_4_3,DF,Substitutions,0,0,0,0,0,0,0,0,0,0,0,0,0,0,0,0,0,0,0,0,0,0,0,0,0,0,0,0,0,0,0,0,0,0,0,0,0,0,0,0,0,0,0,0,0,0,0,3,4,3,0,0
2,B,IRELAND,UEFA,AUSTRALIA,0?€1,LOSE,22,3_4_3,MF,Substitutions,0,0,0,0,0,0,0,0,0,0,0,0,0,0,0,0,0,0,0,0,0,0,0,0,0,0,0,0,0,0,0,0,0,0,0,0,0,0,0,0,0,0,0,0,0,0,0,3,4,3,0,0
2,B,IRELAND,UEFA,AUSTRALIA,0?€1,LOSE,22,3_4_3,DF,Substitutions,0,0,0,0,0,0,0,0,0,0,0,0,0,0,0,0,0,0,0,0,0,0,0,0,0,0,0,0,0,0,0,0,0,0,0,0,0,0,0,0,0,0,0,0,0,0,0,3,4,3,0,0
2,B,IRELAND,UEFA,AUSTRALIA,0?€1,LOSE,22,3_4_3,FW,Substitutions,0,0,0,0,0,0,0,0,0,0,0,0,0,0,0,0,0,0,0,0,0,0,0,0,0,0,0,0,0,0,0,0,0,0,0,0,0,0,0,0,0,0,0,0,0,0,0,3,4,3,0,0
2,B,IRELAND,UEFA,AUSTRALIA,0?€1,LOSE,22,3_4_3,MF,Substitutions,0,0,0,0,0,0,0,0,0,0,0,0,0,0,0,0,0,0,0,0,0,0,0,0,0,0,0,0,0,0,0,0,0,0,0,0,0,0,0,0,0,0,0,0,0,0,0,3,4,3,0,0
2,B,IRELAND,UEFA,AUSTRALIA,0?€1,LOSE,22,3_4_3,DF,Substitutions,0,0,0,0,0,0,0,0,0,0,0,0,0,0,0,0,0,0,0,0,0,0,0,0,0,0,0,0,0,0,0,0,0,0,0,0,0,0,0,0,0,0,0,0,0,0,0,3,4,3,0,0
2,B,IRELAND,UEFA,AUSTRALIA,0?€1,LOSE,22,3_4_3,MF,Substitutions,5,4,80%,0,1,0,4,3,75%,1,1,0,0,0,12,2,2,0,0,5,3,4,0,0,0,0,0,6,2,0,2,0,1,5,3,0,0,3281.1,1160.5,1061.4,753.3,219.2,86.9,61,16,27.2,0,3,4,3,0,0
2,B,IRELAND,UEFA,AUSTRALIA,0?€1,LOSE,22,3_4_3,GK,Substitutions,0,0,0,0,0,0,0,0,0,0,0,0,0,0,0,0,0,0,0,0,0,0,0,0,0,0,0,0,0,0,0,0,0,0,0,0,0,0,0,0,0,0,0,0,0,0,0,3,4,3,0,0
2,B,IRELAND,UEFA,AUSTRALIA,0?€1,LOSE,22,3_4_3,FW,Substitutions,7,4,57%,0,3,0,5,2,40%,1,0,1,1,0,16,0,2,0,2,5,7,4,1,1,2,0,2,9,0,0,0,0,5,8,5,2,1,3527.3,1189.8,1083.2,849,315.7,89.6,65,20,28.3,0,3,4,3,100,0
2,B,IRELAND,UEFA,AUSTRALIA,0?€1,LOSE,22,3_4_3,MF,Substitutions,0,0,0,0,0,0,0,0,0,0,0,0,0,0,0,0,0,0,0,0,0,0,0,0,0,0,0,0,0,0,0,0,0,0,0,0,0,0,0,0,0,0,0,0,0,0,0,3,4,3,0,0
2,B,IRELAND,UEFA,AUSTRALIA,0?€1,LOSE,22,3_4_3,MF,Substitutions,4,2,50%,0,0,0,3,1,33%,0,0,0,0,0,0,0,0,0,0,0,0,0,0,0,0,0,0,2,0,0,0,0,2,1,1,0,0,1080.1,328,355.7,311.8,58.6,25.9,23,7,25.2,0,3,4,3,0,0
2,B,IRELAND,UEFA,AUSTRALIA,0?€1,LOSE,22,3_4_3,GK,Substitutions,0,0,0,0,0,0,0,0,0,0,0,0,0,0,0,0,0,0,0,0,0,0,0,0,0,0,0,0,0,0,0,0,0,0,0,0,0,0,0,0,0,0,0,0,0,0,0,3,4,3,0,0
19,B,IRELAND,UEFA,CANADA,1?€2,LOSE,22,3_4_3,GK,STARTING,30,20,67%,0,0,0,12,4,33%,0,0,0,0,0,11,0,0,0,0,0,11,4,0,0,0,0,0,0,0,0,0,1,3,0,0,11,0,6489.7,4851.7,1238.9,354.3,28.6,16.9,43,3,26,1,3,4,3,0,0
19,B,IRELAND,UEFA,CANADA,1?€2,LOSE,22,3_4_3,DF,STARTING,5,5,100%,0,0,0,2,2,100%,0,0,0,0,0,5,0,0,0,0,1,4,3,0,0,1,0,1,3,3,0,3,8,1,11,0,6,4,10140.2,3760,4083.5,1778.6,414.7,103.4,160,24,26.1,1,3,4,3,0,0
19,B,IRELAND,UEFA,CANADA,1?€2,LOSE,22,3_4_3,DF,STARTING,33,25,76%,0,0,0,11,9,81%,1,0,1,1,0,9,2,1,0,0,1,5,6,3,0,4,0,4,11,2,0,2,11,9,10,3,7,6,9986.5,3577.2,4400,1688.7,277.6,41.9,153,20,26,1,3,4,3,0,0
19,B,IRELAND,UEFA,CANADA,1?€2,LOSE,22,3_4_3,DF,STARTING,26,14,54%,0,2,0,11,3,27%,0,0,0,0,0,9,3,0,0,0,0,6,3,2,1,2,0,2,4,0,0,0,6,4,11,3,2,5,9702.7,3413.4,3912.1,1948.3,302.7,126.1,169,24,27.2,1,3,4,3,50,0
19,B,IRELAND,UEFA,CANADA,1?€2,LOSE,22,3_4_3,MF,STARTING,24,21,88%,0,0,0,6,6,100%,1,1,0,0,0,26,14,8,1,0,1,2,8,2,0,1,0,2,14,1,1,7,4,5,14,6,2,4,7969.6,2359,3663.6,1723.8,160.2,63,131,17,31.1,1,3,4,3,0,0
19,B,IRELAND,UEFA,CANADA,1?€2,LOSE,22,3_4_3,MF,STARTING,23,19,83%,0,0,0,7,5,71%,3,3,0,2,0,55,19,24,1,4,5,2,13,5,1,1,1,10,34,1,1,3,2,10,33,18,5,5,11363,3549.8,4006.6,3114.6,554.5,138.6,246,43,28.2,1,3,4,3,20,0
19,B,IRELAND,UEFA,CANADA,1?€2,LOSE,22,3_4_3,MF,STARTING,32,23,72%,0,7,1,16,10,62%,9,1,8,4,1,50,12,6,1,4,13,14,14,6,1,3,1,5,28,1,0,1,5,4,28,17,4,8,11438.3,3421.2,4124.7,2786.4,836.1,269.9,228,63,28.1,1,3,4,3,16.66666667,14.28571429
19,B,IRELAND,UEFA,CANADA,1?€2,LOSE,22,3_4_3,MF,STARTING,25,15,60%,0,1,0,12,6,50%,0,0,0,0,0,30,4,0,0,0,5,21,7,2,0,1,1,4,7,1,0,1,3,4,14,6,8,1,7217.5,2167.4,2996.7,1621.1,356.5,75.8,136,26,29.2,1,3,4,3,0,0
19,B,IRELAND,UEFA,CANADA,1?€2,LOSE,22,3_4_3,FW,STARTING,14,8,57%,1,1,1,2,2,100%,3,1,2,0,0,20,3,5,0,1,3,8,10,2,0,0,1,2,12,0,0,0,1,3,14,9,1,1,5261.2,1844.6,2084.5,1019.1,227.3,85.8,92,19,27.2,1,3,4,3,0,100
19,B,IRELAND,UEFA,CANADA,1?€2,LOSE,22,3_4_3,FW,STARTING,24,18,75%,0,1,0,7,5,71%,1,1,0,2,0,35,2,6,1,6,4,16,9,1,0,3,0,1,27,2,0,3,2,7,19,11,3,4,8214.8,2134.2,3452.7,2105.4,410.7,112.5,164,34,27.6,1,3,4,3,0,0
19,B,IRELAND,UEFA,CANADA,1?€2,LOSE,22,3_4_3,FW,STARTING,11,7,64%,0,1,0,1,0,0,0,0,0,3,0,18,0,2,0,0,15,1,4,1,0,0,0,6,14,4,0,4,0,4,11,3,1,1,7296.4,2377.9,2955.1,1476.1,340.7,146.7,142,25,32.4,1,3,4,3,0,0
19,B,IRELAND,UEFA,CANADA,1?€2,LOSE,22,3_4_3,DF,Substitutions,0,0,0,0,0,0,0,0,0,0,0,0,0,0,0,0,0,0,0,0,0,0,0,0,0,0,0,0,0,0,0,0,0,0,0,0,0,0,0,0,0,0,0,0,0,0,1,3,4,3,0,0
19,B,IRELAND,UEFA,CANADA,1?€2,LOSE,22,3_4_3,MF,Substitutions,0,0,0,0,0,0,0,0,0,0,0,0,0,0,0,0,0,0,0,0,0,0,0,0,0,0,0,0,0,0,0,0,0,0,0,0,0,0,0,0,0,0,0,0,0,0,1,3,4,3,0,0
19,B,IRELAND,UEFA,CANADA,1?€2,LOSE,22,3_4_3,DF,Substitutions,0,0,0,0,0,0,0,0,0,0,0,0,0,0,0,0,0,0,0,0,0,0,0,0,0,0,0,0,0,0,0,0,0,0,0,0,0,0,0,0,0,0,0,0,0,0,1,3,4,3,0,0
19,B,IRELAND,UEFA,CANADA,1?€2,LOSE,22,3_4_3,FW,Substitutions,2,1,50%,0,0,0,2,0,0,1,1,0,0,0,10,0,0,0,0,10,0,0,0,0,0,0,0,3,0,1,1,0,0,4,2,0,0,3373.7,1364,963.2,788.1,201.4,57.4,57,13,26.7,1,3,4,3,0,0
19,B,IRELAND,UEFA,CANADA,1?€2,LOSE,22,3_4_3,MF,Substitutions,12,8,67%,1,0,0,3,1,33%,0,0,0,1,0,13,4,3,1,1,3,1,3,5,2,3,0,5,10,3,0,3,0,6,11,5,4,1,3736,955.3,1534.4,1085.3,112.8,47.8,82,8,24.9,1,3,4,3,40,0
19,B,IRELAND,UEFA,CANADA,1?€2,LOSE,22,3_4_3,FW,Substitutions,0,0,0,0,0,0,0,0,0,0,0,0,0,0,0,0,0,0,0,0,0,0,0,0,0,0,0,0,0,0,0,0,0,0,0,0,0,0,0,0,0,0,0,0,0,0,1,3,4,3,0,0
19,B,IRELAND,UEFA,CANADA,1?€2,LOSE,22,3_4_3,GK,Substitutions,0,0,0,0,0,0,0,0,0,0,0,0,0,0,0,0,0,0,0,0,0,0,0,0,0,0,0,0,0,0,0,0,0,0,0,0,0,0,0,0,0,0,0,0,0,0,1,3,4,3,0,0
19,B,IRELAND,UEFA,CANADA,1?€2,LOSE,22,3_4_3,FW,Substitutions,8,3,38%,0,0,0,1,0,0%,3,1,2,0,0,21,5,9,0,3,1,3,6,4,1,0,0,7,12,0,0,1,0,3,12,8,2,1,5566.9,1819.3,2150.5,1217.5,294.5,85.2,97,24,26.8,1,3,4,3,25,0
19,B,IRELAND,UEFA,CANADA,1?€2,LOSE,22,3_4_3,MF,Substitutions,27,14,52%,0,1,0,15,5,33%,0,0,0,0,0,17,5,0,0,0,3,9,6,3,1,1,2,3,2,0,0,0,2,7,3,1,3,3,4638.6,1174.5,1645.3,1232.5,391,195.3,106,31,28.8,1,3,4,3,33.33333333,0
19,B,IRELAND,UEFA,CANADA,1?€2,LOSE,22,3_4_3,MF,Substitutions,0,0,0,0,0,0,0,0,0,0,0,0,0,0,0,0,0,0,0,0,0,0,0,0,0,0,0,0,0,0,0,0,0,0,0,0,0,0,0,0,0,0,0,0,0,0,1,3,4,3,0,0
19,B,IRELAND,UEFA,CANADA,1?€2,LOSE,22,3_4_3,MF,Substitutions,0,0,0,0,0,0,0,0,0,0,0,0,0,0,17,4,0,0,0,3,10,7,1,0,0,0,4,4,0,0,0,2,3,6,5,0,2,3524.2,1198.6,992.4,965.6,248.5,119.1,68,21,28.3,1,3,4,3,0,0
19,B,IRELAND,UEFA,CANADA,1?€2,LOSE,22,3_4_3,GK,Substitutions,0,0,0,0,0,0,0,0,0,0,0,0,0,0,0,0,0,0,0,0,0,0,0,0,0,0,0,0,0,0,0,0,0,0,0,0,0,0,0,0,0,0,0,0,0,0,1,3,4,3,0,0
36,B,IRELAND,UEFA,NIGERIA,0?€0,DRAW,22,5_4_1,GK,STARTING,32,24,75%,0,0,0,4,0,0%,0,0,0,0,0,9,0,0,0,0,0,9,4,0,0,0,0,0,0,0,0,0,1,4,0,0,8,0,5773.7,4640.3,827.9,256.9,48.5,0,30,5,22.8,0,5,4,1,0,0
36,B,IRELAND,UEFA,NIGERIA,0?€0,DRAW,22,5_4_1,DF,STARTING,44,41,93%,0,0,0,4,3,75%,0,0,0,0,0,3,0,0,0,0,0,3,3,0,0,3,0,2,5,1,0,1,7,1,4,0,4,4,9219.7,3759.8,3587.4,1488.1,306.1,78.4,141,25,28.2,0,5,4,1,0,0
36,B,IRELAND,UEFA,NIGERIA,0?€0,DRAW,22,5_4_1,DF,STARTING,87,71,82%,0,0,0,30,18,60%,0,0,0,0,0,57,11,1,0,0,0,45,27,3,0,2,2,3,6,2,0,2,4,13,10,3,6,2,9445.6,3315.4,4024.8,1846.6,233.3,26.4,152,19,30.1,0,5,4,1,0,0
36,B,IRELAND,UEFA,NIGERIA,0?€0,DRAW,22,5_4_1,DF,STARTING,85,77,91%,1,2,0,29,24,82%,3,0,3,0,0,34,4,0,0,0,1,29,23,4,0,1,4,3,6,0,0,1,5,8,2,1,5,6,9153,3296,3667.6,1870,237.1,83.3,156,21,26.9,0,5,4,1,0,0
36,B,IRELAND,UEFA,NIGERIA,0?€0,DRAW,22,5_4_1,MF,STARTING,66,61,92%,3,0,0,12,10,83%,0,0,0,0,0,60,44,7,1,0,0,8,31,7,2,1,1,12,7,1,0,3,1,10,9,5,5,3,10354.8,3377.7,5001.4,1612.2,292,70.4,135,23,27.3,0,5,4,1,28.57142857,0
36,B,IRELAND,UEFA,NIGERIA,0?€0,DRAW,22,5_4_1,FW,STARTING,47,42,89%,0,0,0,10,7,70%,1,0,1,1,0,73,25,31,5,5,5,2,25,6,3,1,2,9,31,0,0,1,0,6,21,13,6,2,10214.6,4143.1,3222.7,2144.1,607.8,97,186,47,26.9,0,5,4,1,50,0
36,B,IRELAND,UEFA,NIGERIA,0?€0,DRAW,22,5_4_1,MF,STARTING,60,50,83%,3,5,1,17,10,58%,5,4,1,1,0,61,23,5,3,1,11,18,30,8,2,1,0,10,15,0,0,0,0,4,19,11,2,2,10197.9,3306.2,3644.7,2524,565,158.1,199,47,26.3,0,5,4,1,25,20
36,B,IRELAND,UEFA,NIGERIA,0?€0,DRAW,22,5_4_1,MF,STARTING,23,21,91%,0,0,0,6,5,83%,2,2,0,0,0,65,49,6,0,0,0,10,15,9,3,3,0,14,21,0,0,0,0,6,30,12,6,3,9329.1,2847.2,4111.3,2085.1,249.1,36.4,174,18,27.2,0,5,4,1,33.33333333,0
36,B,IRELAND,UEFA,NIGERIA,0?€0,DRAW,22,5_4_1,MF,STARTING,43,32,74%,0,3,2,10,6,60%,4,4,0,0,0,22,2,0,0,0,13,7,5,3,1,0,0,5,11,1,0,2,1,2,16,7,4,0,9650.5,2873.9,3735.7,2410.7,470.9,159.2,180,41,27.2,0,5,4,1,33.33333333,66.66666667
36,B,IRELAND,UEFA,NIGERIA,0?€0,DRAW,22,5_4_1,FW,STARTING,45,40,89%,0,1,0,4,2,50%,0,0,0,1,0,73,18,16,5,15,10,9,25,12,2,2,0,11,26,1,0,1,0,6,17,7,5,2,11496.1,3121.2,4698.5,3074.1,524.2,78.2,228,50,25.8,0,5,4,1,16.66666667,0
36,B,IRELAND,UEFA,NIGERIA,0?€0,DRAW,22,5_4_1,FW,STARTING,12,11,92%,0,1,0,0,0,0,0,0,0,1,0,22,0,4,1,1,16,0,8,2,0,1,0,4,12,2,0,2,1,1,5,3,0,3,10059.9,3261.4,4512.9,1949.6,249.5,86.5,167,27,26.4,0,5,4,1,0,0
36,B,IRELAND,UEFA,NIGERIA,0?€0,DRAW,22,5_4_1,DF,Substitutions,0,0,0,0,0,0,0,0,0,0,0,0,0,0,0,0,0,0,0,0,0,0,0,0,0,0,0,0,0,0,0,0,0,0,0,0,0,0,0,0,0,0,0,0,0,0,0,5,4,1,0,0
36,B,IRELAND,UEFA,NIGERIA,0?€0,DRAW,22,5_4_1,MF,Substitutions,0,0,0,0,0,0,0,0,0,0,0,0,0,0,0,0,0,0,0,0,0,0,0,0,0,0,0,0,0,0,0,0,0,0,0,0,0,0,0,0,0,0,0,0,0,0,0,5,4,1,0,0
36,B,IRELAND,UEFA,NIGERIA,0?€0,DRAW,22,5_4_1,DF,Substitutions,1,0,0,0,0,0,1,0,0,0,0,0,0,0,1,1,0,0,0,0,0,1,0,0,0,0,0,1,0,0,0,0,0,1,0,0,0,377.7,109.2,131.7,77.9,50,9,5,3,25.3,0,5,4,1,0,0
36,B,IRELAND,UEFA,NIGERIA,0?€0,DRAW,22,5_4_1,FW,Substitutions,0,0,0,0,0,0,0,0,0,0,0,0,0,0,0,0,0,0,0,0,0,0,0,0,0,0,0,0,0,0,0,0,0,0,0,0,0,0,0,0,0,0,0,0,0,0,0,5,4,1,0,0
36,B,IRELAND,UEFA,NIGERIA,0?€0,DRAW,22,5_4_1,DF,Substitutions,0,0,0,0,0,0,0,0,0,0,0,0,0,0,0,0,0,0,0,0,0,0,0,0,0,0,0,0,0,0,0,0,0,0,0,0,0,0,0,0,0,0,0,0,0,0,0,5,4,1,0,0
36,B,IRELAND,UEFA,NIGERIA,0?€0,DRAW,22,5_4_1,MF,Substitutions,0,0,0,0,0,0,0,0,0,0,0,0,0,0,0,0,0,0,0,0,0,0,0,0,0,0,0,0,0,0,0,0,0,0,0,0,0,0,0,0,0,0,0,0,0,0,0,5,4,1,0,0
36,B,IRELAND,UEFA,NIGERIA,0?€0,DRAW,22,5_4_1,GK,Substitutions,0,0,0,0,0,0,0,0,0,0,0,0,0,0,0,0,0,0,0,0,0,0,0,0,0,0,0,0,0,0,0,0,0,0,0,0,0,0,0,0,0,0,0,0,0,0,0,5,4,1,0,0
36,B,IRELAND,UEFA,NIGERIA,0?€0,DRAW,22,5_4_1,FW,Substitutions,3,2,67%,0,1,0,0,0,0,0,0,0,0,0,15,6,3,2,0,3,1,3,0,0,0,0,0,0,0,0,0,0,0,0,0,0,0,1434.6,568.3,632.2,216.9,17.2,0,15,2,22.9,0,5,4,1,0,0
36,B,IRELAND,UEFA,NIGERIA,0?€0,DRAW,22,5_4_1,MF,Substitutions,9,7,78%,0,1,0,1,0,0,0,0,0,0,0,4,1,0,0,0,3,0,0,1,1,2,0,1,0,0,0,0,0,1,1,0,1,1,1752.4,505.2,567.9,535,86.7,57.7,40,7,25.1,0,5,4,1,100,0
36,B,IRELAND,UEFA,NIGERIA,0?€0,DRAW,22,5_4_1,MF,Substitutions,0,0,0,0,0,0,0,0,0,0,0,0,0,0,0,0,0,0,0,0,0,0,0,0,0,0,0,0,0,0,0,0,0,0,0,0,0,0,0,0,0,0,0,0,0,0,0,5,4,1,0,0
36,B,IRELAND,UEFA,NIGERIA,0?€0,DRAW,22,5_4_1,MF,Substitutions,0,0,0,0,0,0,0,0,0,0,0,0,0,0,0,0,0,0,0,0,0,0,0,0,0,0,0,0,0,0,0,0,0,0,0,0,0,0,0,0,0,0,0,0,0,0,0,5,4,1,0,0
36,B,IRELAND,UEFA,NIGERIA,0?€0,DRAW,22,5_4_1,GK,Substitutions,0,0,0,0,0,0,0,0,0,0,0,0,0,0,0,0,0,0,0,0,0,0,0,0,0,0,0,0,0,0,0,0,0,0,0,0,0,0,0,0,0,0,0,0,0,0,0,5,4,1,0,0
22,B,NIGERIA,CAF,AUSTRALIA,3?€2,WIN,40,4_2_3_1,DF,STARTING,28,22,79%,0,0,0,16,10,62%,1,0,1,0,0,21,8,1,0,2,2,8,5,1,0,6,0,1,7,4,0,4,4,8,22,6,4,5,9471.1,3465.5,3364.1,1922.6,538.9,180,182,44,29.3,3,4,5,1,0,0
22,B,NIGERIA,CAF,AUSTRALIA,3?€2,WIN,40,4_2_3_1,DF,STARTING,24,18,75%,0,0,0,9,4,44%,1,0,1,1,1,5,0,0,0,0,0,5,4,2,2,2,1,3,2,2,0,2,8,3,5,2,6,8,8073.6,3034.1,3357.8,1391.9,212.3,78.3,129,23,31.2,3,4,5,1,100,0
22,B,NIGERIA,CAF,AUSTRALIA,3?€2,WIN,40,4_2_3_1,FW,STARTING,8,6,75%,0,0,0,1,1,100%,1,1,0,0,0,20,0,1,0,1,17,1,1,2,1,0,0,3,17,1,0,2,0,3,13,9,1,0,8068.6,3310.5,2560.2,1627.4,374.4,196.9,140,40,28.1,3,4,5,1,50,0
22,B,NIGERIA,CAF,AUSTRALIA,3?€2,WIN,40,4_2_3_1,MF,STARTING,21,15,71%,0,2,0,5,3,60%,1,0,1,0,0,8,2,0,1,1,4,0,0,0,0,3,0,4,17,1,0,3,0,6,9,5,3,1,9627.9,3184,3932,1987.2,239.7,285.9,160,32,27.5,3,4,5,1,0,0
22,B,NIGERIA,CAF,AUSTRALIA,3?€2,WIN,40,4_2_3_1,MF,STARTING,21,14,67%,0,1,0,12,8,66%,0,0,0,1,0,4,1,0,0,1,0,2,2,10,3,5,0,7,11,2,0,2,6,13,12,4,6,10,8051.6,3568.5,2173.1,1635.3,399.4,275.4,143,38,31.8,3,4,5,1,30,0
22,B,NIGERIA,CAF,AUSTRALIA,3?€2,WIN,40,4_2_3_1,MF,STARTING,12,10,83%,0,1,0,2,2,100%,1,1,0,1,1,22,2,3,2,0,9,6,4,3,0,3,0,6,21,3,0,3,2,6,16,10,2,4,10728.4,3816.1,3787.1,2382.8,469.9,271.4,193,46,30.9,3,4,5,1,0,0
22,B,NIGERIA,CAF,AUSTRALIA,3?€2,WIN,40,4_2_3_1,DF,STARTING,25,21,84%,0,0,0,5,3,60%,0,0,0,0,0,7,1,0,0,0,0,6,3,1,0,3,0,1,1,1,0,2,9,6,6,1,5,7,9314.6,3708.2,2727.3,2297.9,434.1,147.2,190,39,28.8,3,4,5,1,0,0
22,B,NIGERIA,CAF,AUSTRALIA,3?€2,WIN,40,4_2_3_1,MF,STARTING,18,8,44%,0,4,0,7,2,28%,2,2,0,4,0,43,5,11,3,2,7,15,17,3,2,4,0,4,31,2,0,3,2,5,19,8,5,3,7993.3,3134.2,3214.9,1321.3,254.2,69.5,122,21,28.1,3,4,5,1,66.66666667,0
22,B,NIGERIA,CAF,AUSTRALIA,3?€2,WIN,40,4_2_3_1,GK,STARTING,40,17,42%,1,0,0,28,8,28%,0,0,0,0,0,3,0,0,0,0,0,3,2,0,0,0,0,0,0,0,0,0,0,5,0,0,15,0,3353.7,2751.7,538.3,63.7,0,0,0,0,19.1,3,4,5,1,0,0
22,B,NIGERIA,CAF,AUSTRALIA,3?€2,WIN,40,4_2_3_1,MF,STARTING,27,22,81%,0,0,0,8,6,75%,0,0,0,0,0,6,4,2,0,0,0,0,3,6,3,5,1,10,26,0,0,2,3,5,24,14,7,4,6711.4,2739.6,2129.5,1279.2,385.9,176.5,115,36,29,3,4,5,1,50,0
22,B,NIGERIA,CAF,AUSTRALIA,3?€2,WIN,40,4_2_3_1,DF,STARTING,25,8,32%,0,2,0,12,2,16%,4,1,3,1,0,14,5,1,0,1,0,7,6,2,1,3,1,2,3,1,0,2,8,7,5,3,5,6,9902,3453.8,3768.7,1873.4,422.8,384.2,158,46,30.7,3,4,5,1,50,0
22,B,NIGERIA,CAF,AUSTRALIA,3?€2,WIN,40,4_2_3_1,GK,Substitutions,0,0,0,0,0,0,0,0,0,0,0,0,0,0,0,0,0,0,0,0,0,0,0,0,0,0,0,0,0,0,0,0,0,0,0,0,0,0,0,0,0,0,0,0,0,0,3,4,5,1,0,0
22,B,NIGERIA,CAF,AUSTRALIA,3?€2,WIN,40,4_2_3_1,DF,Substitutions,3,2,67%,0,0,0,1,1,100%,0,0,0,0,0,4,2,1,0,0,0,1,2,1,0,2,0,1,2,0,0,0,4,0,10,3,0,5,0,0,0,0,0,0,0,0,0,3,4,5,1,0,0
22,B,NIGERIA,CAF,AUSTRALIA,3?€2,WIN,40,4_2_3_1,DF,Substitutions,0,0,0,0,0,0,0,0,0,0,0,0,0,0,0,0,0,0,0,0,0,0,0,0,0,0,0,0,0,0,0,0,0,0,0,0,0,0,0,0,0,0,0,0,0,0,3,4,5,1,0,0
22,B,NIGERIA,CAF,AUSTRALIA,3?€2,WIN,40,4_2_3_1,FW,Substitutions,7,4,57%,0,0,0,3,2,66%,1,1,0,3,1,8,0,3,0,0,5,0,1,0,0,1,0,1,8,1,0,1,0,6,4,1,1,1,0,0,0,0,0,0,0,0,0,3,4,5,1,0,0
22,B,NIGERIA,CAF,AUSTRALIA,3?€2,WIN,40,4_2_3_1,FW,Substitutions,0,0,0,0,0,0,0,0,0,0,0,0,0,0,0,0,0,0,0,0,0,0,0,0,0,0,0,0,0,0,0,0,0,0,0,0,0,2964.9,864.3,974.3,751.6,245.8,129,63,23,28.9,3,4,5,1,0,0
22,B,NIGERIA,CAF,AUSTRALIA,3?€2,WIN,40,4_2_3_1,FW,Substitutions,0,0,0,0,0,0,0,0,0,0,0,0,0,0,0,0,0,0,0,0,0,0,0,0,0,0,0,0,0,0,0,0,0,0,0,0,0,1012.6,313.8,242.4,269.1,146.1,41.1,25,11,28,3,4,5,1,0,0
22,B,NIGERIA,CAF,AUSTRALIA,3?€2,WIN,40,4_2_3_1,FW,Substitutions,0,0,0,0,0,0,0,0,0,0,0,0,0,0,0,0,0,0,0,0,0,0,0,0,0,0,0,0,0,0,0,0,0,0,0,0,0,0,0,0,0,0,0,0,0,0,3,4,5,1,0,0
22,B,NIGERIA,CAF,AUSTRALIA,3?€2,WIN,40,4_2_3_1,MF,Substitutions,1,0,0,0,0,0,0,0,0,0,0,0,0,0,3,0,2,0,0,1,0,0,1,0,1,0,1,13,1,0,1,3,0,5,3,1,2,1732,518.7,663.5,459.7,90.1,0,39,9,23.1,3,4,5,1,0,0
22,B,NIGERIA,CAF,AUSTRALIA,3?€2,WIN,40,4_2_3_1,DF,Substitutions,0,0,0,0,0,0,0,0,0,0,0,0,0,0,0,0,0,0,0,0,0,0,0,0,0,0,0,0,0,0,0,0,0,0,0,0,0,0,0,0,0,0,0,0,0,0,3,4,5,1,0,0
22,B,NIGERIA,CAF,AUSTRALIA,3?€2,WIN,40,4_2_3_1,FW,Substitutions,5,5,100%,0,0,0,0,0,0,0,0,0,0,0,9,1,0,2,1,3,2,1,1,0,0,0,1,9,0,0,0,2,1,5,3,2,1,0,0,0,0,0,0,0,0,0,3,4,5,1,0,0
22,B,NIGERIA,CAF,AUSTRALIA,3?€2,WIN,40,4_2_3_1,GK,Substitutions,0,0,0,0,0,0,0,0,0,0,0,0,0,0,0,0,0,0,0,0,0,0,0,0,0,0,0,0,0,0,0,0,0,0,0,0,0,2455.8,921.2,985,435.2,86.7,27.5,37,8,26.6,3,4,5,1,0,0
4,B,NIGERIA,CAF,CANDA,0?€0,DRAW,40,4_2_3_1,DF,STARTING,38,25,66%,0,1,0,22,14,63%,4,3,1,0,0,27,10,2,1,0,3,11,13,2,1,4,0,2,11,2,0,3,6,6,25,9,8,4,8023.2,2776,3065.6,1778.7,324.9,77.8,143,26,26.8,0,4,5,1,50,0
4,B,NIGERIA,CAF,CANDA,0?€0,DRAW,40,4_2_3_1,DF,STARTING,12,7,58%,0,0,0,3,0,0%,0,0,0,0,0,0,0,0,0,0,0,0,0,2,1,2,1,6,4,1,0,1,5,3,7,3,6,4,8902,3511.9,3779.8,1244.5,268.8,96.1,120,24,25.9,0,4,5,1,50,0
4,B,NIGERIA,CAF,CANDA,0?€0,DRAW,40,4_2_3_1,FW,STARTING,22,15,68%,0,0,0,6,2,33%,0,0,0,3,0,17,1,2,0,1,8,5,8,1,0,2,2,3,16,2,0,2,1,3,21,13,2,2,7126.3,2403.7,2584,1514.3,461.1,163.2,118,34,29.2,0,4,5,1,0,0
4,B,NIGERIA,CAF,CANDA,0?€0,DRAW,40,4_2_3_1,MF,STARTING,17,11,65%,0,4,0,5,2,40%,4,0,4,1,0,39,9,11,2,3,12,2,7,1,0,4,0,1,34,1,0,2,0,4,24,8,2,2,9454.5,3054.8,3655.1,1954.3,567.3,224.1,151,38,29,0,4,5,1,0,0
4,B,NIGERIA,CAF,CANDA,0?€0,DRAW,40,4_2_3_1,FW,STARTING,10,6,60%,0,0,0,1,1,100%,2,1,1,2,0,25,0,4,0,1,19,1,3,4,1,2,0,4,18,3,0,4,0,4,21,4,1,4,11789.2,3945.8,4227.6,2881.3,489.3,245.2,230,50,29.9,0,4,5,1,25,0
4,B,NIGERIA,CAF,CANDA,0?€0,DRAW,40,4_2_3_1,MF,STARTING,13,7,54%,0,3,2,5,1,20%,1,1,0,1,0,12,9,3,0,0,0,0,5,10,3,8,2,6,13,1,0,1,7,12,14,6,13,6,7448.4,2379,2539.9,1613.3,493.8,422.3,148,52,30.8,0,4,5,1,30,66.66666667
4,B,NIGERIA,CAF,CANDA,0?€0,DRAW,40,4_2_3_1,MF,STARTING,26,14,54%,0,0,0,9,2,22%,1,1,0,1,0,14,7,4,0,3,0,0,9,9,2,6,0,9,21,1,0,2,5,6,27,6,8,5,8907.8,3691.4,3649.5,1129.5,362.5,74.8,118,28,27.3,0,4,5,1,22.22222222,0
4,B,NIGERIA,CAF,CANDA,0?€0,DRAW,40,4_2_3_1,DF,STARTING,8,4,50%,0,0,0,3,1,33%,0,0,0,0,0,0,0,0,0,0,0,0,0,5,3,3,1,7,5,0,0,0,3,3,1,1,6,2,11130.2,4044.7,3627.3,2511,655.6,290.5,190,58,28.6,0,4,5,1,60,0
4,B,NIGERIA,CAF,CANDA,0?€0,DRAW,40,4_2_3_1,GK,STARTING,28,9,32%,0,0,0,26,8,30%,0,0,0,0,0,0,0,0,0,0,0,0,0,0,0,0,0,0,0,0,0,0,0,3,0,0,8,0,3943.3,3227.6,552.5,136.4,26.4,0,19,2,20.9,0,4,5,1,0,0
4,B,NIGERIA,CAF,CANDA,0?€0,DRAW,40,4_2_3_1,FW,STARTING,8,4,50%,0,2,1,1,1,100%,0,0,0,0,0,19,0,2,0,0,11,6,3,9,1,0,0,3,13,1,0,1,1,6,12,9,1,2,7631.6,2690.2,2362.8,2049.9,323.6,205.3,168,35,30.9,0,4,5,1,11.11111111,50
4,B,NIGERIA,CAF,CANDA,0?€0,DRAW,40,4_2_3_1,DF,STARTING,26,14,54%,0,1,1,11,8,72%,2,0,2,2,0,13,6,0,0,0,2,5,4,9,1,0,1,11,10,0,0,0,9,7,13,7,3,7,10441.3,3476.9,4359.2,2007.9,443.8,153.5,183,48,28.7,0,4,5,1,11.11111111,100
4,B,NIGERIA,CAF,CANDA,0?€0,DRAW,40,4_2_3_1,GK,Substitutions,0,0,0,0,0,0,0,0,0,0,0,0,0,0,0,0,0,0,0,0,0,0,0,0,0,0,0,0,0,0,0,0,0,0,0,0,0,0,0,0,0,0,0,0,0,0,0,4,5,1,0,0
4,B,NIGERIA,CAF,CANDA,0?€0,DRAW,40,4_2_3_1,DF,Substitutions,0,0,0,0,0,0,0,0,0,0,0,0,0,0,0,0,0,0,0,0,0,0,0,0,0,0,0,0,0,0,0,0,0,0,0,0,0,3776.8,1673.5,970.6,761.4,243.6,127.7,60,19,29.5,0,4,5,1,0,0
4,B,NIGERIA,CAF,CANDA,0?€0,DRAW,40,4_2_3_1,DF,Substitutions,0,0,0,0,0,0,0,0,0,0,0,0,0,0,0,0,0,0,0,0,0,0,0,0,0,0,0,0,0,0,0,0,0,0,0,0,0,0,0,0,0,0,0,0,0,0,0,4,5,1,0,0
4,B,NIGERIA,CAF,CANDA,0?€0,DRAW,40,4_2_3_1,FW,Substitutions,0,0,0,0,0,0,0,0,0,0,0,0,0,0,0,0,0,0,0,0,0,0,0,0,0,0,0,0,0,0,0,0,0,0,0,0,0,0,0,0,0,0,0,0,0,0,0,4,5,1,0,0
4,B,NIGERIA,CAF,CANDA,0?€0,DRAW,40,4_2_3_1,FW,Substitutions,5,3,60%,0,0,0,0,0,0%,2,2,0,0,0,9,0,4,0,2,1,2,3,1,0,1,0,2,5,0,0,0,0,2,5,2,0,0,0,0,0,0,0,0,0,0,0,0,4,5,1,0,0
4,B,NIGERIA,CAF,CANDA,0?€0,DRAW,40,4_2_3_1,MF,Substitutions,3,3,100%,0,0,0,2,2,100%,0,0,0,0,0,2,0,1,0,1,0,0,0,0,0,1,0,0,5,0,0,0,0,2,6,3,0,1,3065.8,951.6,963.3,747.7,278.7,124.2,63,19,27.9,0,4,5,1,0,0
4,B,NIGERIA,CAF,CANDA,0?€0,DRAW,40,4_2_3_1,DF,Substitutions,0,0,0,0,0,0,0,0,0,0,0,0,0,0,0,0,0,0,0,0,0,0,0,0,0,0,0,0,0,0,0,0,0,0,0,0,0,0,0,0,0,0,0,0,0,0,0,4,5,1,0,0
4,B,NIGERIA,CAF,CANDA,0?€0,DRAW,40,4_2_3_1,FW,Substitutions,5,3,60%,0,0,0,0,0,0%,0,0,0,0,0,4,0,1,1,0,0,2,0,1,0,0,0,1,2,0,0,0,0,3,2,1,0,0,4357.5,1237.1,1435.4,1319.9,278,87.2,85,21,26.7,0,4,5,1,0,0
4,B,NIGERIA,CAF,CANDA,0?€0,DRAW,40,4_2_3_1,GK,Substitutions,0,0,0,0,0,0,0,0,0,0,0,0,0,0,0,0,0,0,0,0,0,0,0,0,0,0,0,0,0,0,0,0,0,0,0,0,0,0,0,0,0,0,0,0,0,0,0,4,5,1,0,0
36,B,NIGERIA,CAF,IRELAND,2?€3,LOSE,40,4_2_3_1,DF,STARTING,56,48,86%,0,1,0,16,13,81%,6,3,3,1,0,7,2,0,0,0,1,4,2,5,1,5,0,3,10,1,0,1,7,15,15,4,3,9,9693.5,3848.3,3675.8,1818.5,281.1,70.8,158,29,25.4,2,4,5,1,20,0
36,B,NIGERIA,CAF,IRELAND,2?€3,LOSE,40,4_2_3_1,DF,STARTING,48,44,92%,0,0,0,8,5,62%,0,0,0,0,0,4,1,0,0,0,0,3,2,0,0,0,0,2,1,1,0,1,1,4,5,1,2,0,8285.8,3077.3,4110.6,979.4,68.8,49.7,97,8,30.4,2,4,5,1,0,0
36,B,NIGERIA,CAF,IRELAND,2?€3,LOSE,40,4_2_3_1,MF,STARTING,20,13,65%,0,7,1,7,1,14%,1,1,0,1,0,46,11,21,1,1,9,3,9,3,2,1,0,1,33,0,0,0,0,4,28,12,3,1,10296.3,3249.5,4263.7,2225,404.6,153.4,172,40,29,2,4,5,1,66.66666667,14.28571429
36,B,NIGERIA,CAF,IRELAND,2?€3,LOSE,40,4_2_3_1,FW,STARTING,7,6,86%,0,0,0,1,1,100%,1,1,0,2,0,37,0,7,1,0,29,0,9,1,1,0,0,2,18,0,0,0,0,3,21,7,2,0,6796.8,3018.4,2013.2,1342.4,226.3,196.4,108,28,30.9,2,4,5,1,100,0
36,B,NIGERIA,CAF,IRELAND,2?€3,LOSE,40,4_2_3_1,MF,STARTING,35,30,86%,0,1,1,10,6,60%,4,4,0,1,0,36,24,4,0,0,0,8,9,6,2,4,0,9,42,1,0,2,3,8,45,15,3,5,11096.8,3764,4304.5,2543.4,362.9,123.2,202,37,29.3,2,4,5,1,33.33333333,100
36,B,NIGERIA,CAF,IRELAND,2?€3,LOSE,40,4_2_3_1,MF,STARTING,20,15,75%,0,2,0,5,3,60%,5,0,5,1,0,49,9,3,5,5,10,17,14,5,2,5,0,8,26,0,0,1,1,5,23,12,4,5,7385.2,2570.8,2741.4,1390.6,461.6,220.8,146,45,27.5,2,4,5,1,40,0
36,B,NIGERIA,CAF,IRELAND,2?€3,LOSE,40,4_2_3_1,DF,STARTING,40,37,92%,0,0,0,8,6,75%,1,0,1,0,0,1,0,0,0,0,0,1,1,0,0,1,1,3,2,0,0,1,5,2,3,2,2,5,7306.8,2932.2,3419.6,833.7,110.3,11,87,11,25,2,4,5,1,0,0
36,B,NIGERIA,CAF,IRELAND,2?€3,LOSE,40,4_2_3_1,MF,STARTING,21,16,76%,2,2,0,7,2,28%,3,1,2,1,0,72,27,9,1,7,11,17,17,6,1,3,2,9,40,0,0,0,1,1,30,24,5,1,11282,3743.4,4173.2,2738.1,490.8,136.5,204,46,29.8,2,4,5,1,16.66666667,0
36,B,NIGERIA,CAF,IRELAND,2?€3,LOSE,40,4_2_3_1,GK,STARTING,16,16,100%,0,0,0,1,1,100%,0,0,0,0,0,4,0,0,0,0,0,4,2,0,0,0,0,0,0,0,0,0,0,1,0,0,4,0,3020.3,2631.3,335.9,53.2,0,0,0,0,19.1,2,4,5,1,0,0
36,B,NIGERIA,CAF,IRELAND,2?€3,LOSE,40,4_2_3_1,MF,STARTING,44,40,91%,1,0,0,14,13,92%,1,1,0,1,0,9,8,1,0,0,0,0,4,6,4,1,0,13,17,1,0,3,1,14,16,7,6,4,10128.6,3689.8,3661.5,2241.5,409.2,126.6,197,40,27.2,2,4,5,1,66.66666667,0
36,B,NIGERIA,CAF,IRELAND,2?€3,LOSE,40,4_2_3_1,DF,STARTING,55,43,78%,1,2,0,21,14,66%,7,2,5,1,0,19,8,1,0,0,3,7,9,0,0,0,1,2,13,0,0,2,2,3,22,7,3,0,9674.3,3536,3969.4,1595.3,337.6,236.1,136,32,29.8,2,4,5,1,0,0
36,B,NIGERIA,CAF,IRELAND,2?€3,LOSE,40,4_2_3_1,GK,Substitutions,0,0,0,0,0,0,0,0,0,0,0,0,0,0,0,0,0,0,0,0,0,0,0,0,0,0,0,0,0,0,0,0,0,0,0,0,0,0,0,0,0,0,0,0,0,0,2,4,5,1,0,0
36,B,NIGERIA,CAF,IRELAND,2?€3,LOSE,40,4_2_3_1,DF,Substitutions,0,0,0,0,0,0,0,0,0,0,0,0,0,0,0,0,0,0,0,0,0,0,0,0,0,0,0,0,0,0,0,0,0,0,0,0,0,0,0,0,0,0,0,0,0,0,2,4,5,1,0,0
36,B,NIGERIA,CAF,IRELAND,2?€3,LOSE,40,4_2_3_1,DF,Substitutions,2,1,50%,0,0,0,0,0,0,0,0,0,0,0,0,0,0,0,0,0,0,0,0,0,0,0,2,0,0,0,0,0,1,0,0,0,0,1127.5,490,514.1,112.3,11,0,8,1,23,2,4,5,1,0,0
36,B,NIGERIA,CAF,IRELAND,2?€3,LOSE,40,4_2_3_1,FW,Substitutions,2,1,50%,0,0,0,1,0,0,0,0,0,1,0,14,1,7,0,0,6,0,2,0,0,1,0,2,16,0,0,0,0,1,18,9,1,0,3283.5,1143,1032.7,862.3,152.4,93.6,58,16,30.3,2,4,5,1,0,0
36,B,NIGERIA,CAF,IRELAND,2?€3,LOSE,40,4_2_3_1,FW,Substitutions,0,0,0,0,0,0,0,0,0,0,0,0,0,0,0,0,0,0,0,0,0,0,0,0,0,0,0,0,0,0,0,0,0,0,0,0,0,0,0,0,0,0,0,0,0,0,2,4,5,1,0,0
36,B,NIGERIA,CAF,IRELAND,2?€3,LOSE,40,4_2_3_1,FW,Substitutions,8,7,88%,0,1,0,2,1,50%,0,0,0,0,0,8,1,1,1,0,4,1,5,4,2,3,0,4,6,0,0,0,0,2,6,6,3,2,2821.8,1046.9,1131.8,510.5,115.4,17.5,48,9,27.6,2,4,5,1,50,0
36,B,NIGERIA,CAF,IRELAND,2?€3,LOSE,40,4_2_3_1,FW,Substitutions,0,0,0,0,0,0,0,0,0,0,0,0,0,0,0,0,0,0,0,0,0,0,0,0,0,0,0,0,0,0,0,0,0,0,0,0,0,0,0,0,0,0,0,0,0,0,2,4,5,1,0,0
36,B,NIGERIA,CAF,IRELAND,2?€3,LOSE,40,4_2_3_1,MF,Substitutions,0,0,0,0,0,0,0,0,0,0,0,0,0,0,0,0,0,0,0,0,0,0,0,0,0,0,0,0,0,0,0,0,0,0,0,0,0,0,0,0,0,0,0,0,0,0,2,4,5,1,0,0
36,B,NIGERIA,CAF,IRELAND,2?€3,LOSE,40,4_2_3_1,DF,Substitutions,0,0,0,0,0,0,0,0,0,0,0,0,0,0,0,0,0,0,0,0,0,0,0,0,0,0,0,0,0,0,0,0,0,0,0,0,0,0,0,0,0,0,0,0,0,0,2,4,5,1,0,0
36,B,NIGERIA,CAF,IRELAND,2?€3,LOSE,40,4_2_3_1,FW,Substitutions,0,0,0,0,0,0,0,0,0,0,0,0,0,0,0,0,0,0,0,0,0,0,0,0,0,0,0,0,0,0,0,0,0,0,0,0,0,0,0,0,0,0,0,0,0,0,2,4,5,1,0,0
36,B,NIGERIA,CAF,IRELAND,2?€3,LOSE,40,4_2_3_1,GK,Substitutions,0,0,0,0,0,0,0,0,0,0,0,0,0,0,0,0,0,0,0,0,0,0,0,0,0,0,0,0,0,0,0,0,0,0,0,0,0,0,0,0,0,0,0,0,0,0,2,4,5,1,0,0
21,C,COSTARICA,CONCACAF,JAPAN,0?€2,LOSE,36,4_4_1_1,MF,STARTING,4,2,50%,0,0,0,0,0,0%,1,0,1,1,0,23,4,5,6,0,5,3,4,0,0,1,0,1,17,1,0,1,0,2,16,10,1,0,5271.4,1768.5,2120.1,1112.8,248.3,21.6,93,17,25.2,0,4,5,1,0,0
21,C,COSTARICA,CONCACAF,JAPAN,0?€2,LOSE,36,4_4_1_1,DF,STARTING,44,34,77%,0,0,0,15,13,86%,0,0,0,0,0,13,4,0,0,0,2,7,2,4,0,3,0,7,18,5,0,5,9,5,55,15,8,5,10461,3921.8,3831.9,2255.4,398.6,53.4,200,33,25.2,0,4,5,1,0,0
21,C,COSTARICA,CONCACAF,JAPAN,0?€2,LOSE,36,4_4_1_1,DF,STARTING,83,70,84%,0,0,0,13,6,46%,1,0,1,1,0,18,3,0,0,0,0,15,12,1,1,0,2,1,9,1,0,1,8,4,25,6,4,5,9585.4,3221.6,4740.9,1466.6,131.3,24.9,139,11,26.8,0,4,5,1,100,0
21,C,COSTARICA,CONCACAF,JAPAN,0?€2,LOSE,36,4_4_1_1,MF,STARTING,19,14,74%,0,0,0,4,1,25%,0,0,0,1,0,48,12,4,0,3,12,17,6,5,1,3,0,17,55,0,0,0,4,7,35,18,2,6,10807.4,3682.1,3632.4,2707.3,592.2,194.5,232,60,27.8,0,4,5,1,20,0
21,C,COSTARICA,CONCACAF,JAPAN,0?€2,LOSE,36,4_4_1_1,FW,STARTING,13,10,77%,0,0,0,1,1,100%,2,2,0,0,0,15,3,10,0,2,0,0,5,0,0,1,0,2,28,4,0,5,1,1,31,15,1,1,9218.6,2534.2,4231.3,2378.4,74.7,0,169,6,25.4,0,4,5,1,0,0
21,C,COSTARICA,CONCACAF,JAPAN,0?€2,LOSE,36,4_4_1_1,DF,STARTING,48,34,71%,0,1,0,17,7,41%,0,0,0,0,0,14,9,0,0,0,1,4,4,1,0,2,1,2,10,0,0,0,4,1,16,7,2,2,9516.1,3582.8,4013.9,1555.9,270.3,94.2,128,21,28.1,0,4,5,1,0,0
21,C,COSTARICA,CONCACAF,JAPAN,0?€2,LOSE,36,4_4_1_1,FW,STARTING,14,13,93%,0,0,0,1,1,100%,1,1,0,0,0,19,0,8,2,1,6,2,4,3,0,2,2,8,46,0,0,0,1,3,43,26,3,1,10281.3,3539.9,3965.5,2118,522.3,134.7,200,49,27.9,0,4,5,1,0,0
21,C,COSTARICA,CONCACAF,JAPAN,0?€2,LOSE,36,4_4_1_1,MF,STARTING,21,18,86%,0,0,0,3,2,66%,1,0,1,0,0,49,29,18,0,1,0,1,8,0,0,1,0,2,22,1,0,1,2,5,28,10,1,2,8111.5,2356.4,3320.9,2336.1,99,0,149,10,22,0,4,5,1,0,0
21,C,COSTARICA,CONCACAF,JAPAN,0?€2,LOSE,36,4_4_1_1,MF,STARTING,46,39,85%,0,0,0,6,3,50%,0,0,0,0,0,66,37,9,0,0,0,20,17,2,0,4,0,11,19,1,0,1,9,9,22,6,3,11,10903.5,3785.7,4287.3,2247.2,484.1,99.2,193,34,26.2,0,4,5,1,0,0
21,C,COSTARICA,CONCACAF,JAPAN,0?€2,LOSE,36,4_4_1_1,DF,STARTING,81,64,79%,0,0,0,16,8,50%,1,1,0,0,0,17,1,0,0,0,0,16,7,4,1,5,3,5,4,2,0,2,10,8,12,3,9,9,9230.7,3238.1,3777.2,1809.2,307.4,99.7,155,29,29.4,0,4,5,1,25,0
21,C,COSTARICA,CONCACAF,JAPAN,0?€2,LOSE,36,4_4_1_1,GK,STARTING,49,36,73%,0,0,0,10,3,30%,0,0,0,0,0,3,0,0,0,0,0,3,3,0,0,0,0,0,0,0,0,0,0,1,0,0,14,0,3515.6,2944.4,509.4,62.2,0,0,8,0,18.9,0,4,5,1,0,0
21,C,COSTARICA,CONCACAF,JAPAN,0?€2,LOSE,36,4_4_1_1,GK,Substitutions,0,0,0,0,0,0,0,0,0,0,0,0,0,0,0,0,0,0,0,0,0,0,0,0,0,0,0,0,0,0,0,0,0,0,0,0,0,0,0,0,0,0,0,0,0,0,0,4,5,1,0,0
21,C,COSTARICA,CONCACAF,JAPAN,0?€2,LOSE,36,4_4_1_1,DF,Substitutions,0,0,0,0,0,0,0,0,0,0,0,0,0,0,0,0,0,0,0,0,0,0,0,0,0,0,0,0,0,0,0,0,0,0,0,0,0,0,0,0,0,0,0,0,0,0,0,4,5,1,0,0
21,C,COSTARICA,CONCACAF,JAPAN,0?€2,LOSE,36,4_4_1_1,DF,Substitutions,0,0,0,0,0,0,0,0,0,0,0,0,0,0,0,0,0,0,0,0,0,0,0,0,0,0,0,0,0,0,0,0,0,0,0,0,0,0,0,0,0,0,0,0,0,0,0,4,5,1,0,0
21,C,COSTARICA,CONCACAF,JAPAN,0?€2,LOSE,36,4_4_1_1,MF,Substitutions,0,0,0,0,0,0,0,0,0,0,0,0,0,0,0,0,0,0,0,0,0,0,0,0,0,0,0,0,0,0,0,0,0,0,0,0,0,0,0,0,0,0,0,0,0,0,0,4,5,1,0,0
21,C,COSTARICA,CONCACAF,JAPAN,0?€2,LOSE,36,4_4_1_1,MF,Substitutions,14,14,100%,0,0,0,2,2,100%,1,0,1,2,0,27,11,13,0,2,0,1,5,1,1,0,0,1,18,0,0,0,0,1,19,8,1,0,5885.5,1633.2,2648.5,1491.4,94.8,17.7,116,9,26.6,0,4,5,1,100,0
21,C,COSTARICA,CONCACAF,JAPAN,0?€2,LOSE,36,4_4_1_1,MF,Substitutions,11,8,73%,0,0,0,2,1,50%,1,1,0,0,0,30,16,10,1,0,0,3,7,3,0,0,1,5,4,1,1,2,2,4,15,5,2,1,3651.6,1135.6,1272.9,1056,179.3,7.7,86,12,24.8,0,4,5,1,0,0
21,C,COSTARICA,CONCACAF,JAPAN,0?€2,LOSE,36,4_4_1_1,DF,Substitutions,0,0,0,0,0,0,0,0,0,0,0,0,0,0,0,0,0,0,0,0,0,0,0,0,0,0,0,0,0,0,0,0,0,0,0,0,0,0,0,0,0,0,0,0,0,0,0,4,5,1,0,0
21,C,COSTARICA,CONCACAF,JAPAN,0?€2,LOSE,36,4_4_1_1,FW,Substitutions,0,0,0,0,0,0,0,0,0,0,0,0,0,0,0,0,0,0,0,0,0,0,0,0,0,0,0,0,0,0,0,0,0,0,0,0,0,0,0,0,0,0,0,0,0,0,0,4,5,1,0,0
21,C,COSTARICA,CONCACAF,JAPAN,0?€2,LOSE,36,4_4_1_1,GK,Substitutions,0,0,0,0,0,0,0,0,0,0,0,0,0,0,0,0,0,0,0,0,0,0,0,0,0,0,0,0,0,0,0,0,0,0,0,0,0,0,0,0,0,0,0,0,0,0,0,4,5,1,0,0
21,C,COSTARICA,CONCACAF,JAPAN,0?€2,LOSE,36,4_4_1_1,MF,Substitutions,0,0,0,0,0,0,0,0,0,0,0,0,0,0,0,0,0,0,0,0,0,0,0,0,0,0,0,0,0,0,0,0,0,0,0,0,0,0,0,0,0,0,0,0,0,0,0,4,5,1,0,0
21,C,COSTARICA,CONCACAF,JAPAN,0?€2,LOSE,36,4_4_1_1,MF,Substitutions,5,4,80%,1,0,0,0,0,0%,3,3,0,1,0,9,1,7,0,0,1,0,4,0,0,1,0,1,17,0,0,0,0,0,19,11,1,0,2861,610.8,1079.2,1068,103,0,59,8,22.2,0,4,5,1,0,0
21,C,COSTARICA,CONCACAF,JAPAN,0?€2,LOSE,36,4_4_1_1,FW,Substitutions,0,0,0,0,0,0,0,0,0,0,0,0,0,0,0,0,0,0,0,0,0,0,0,0,0,0,0,0,0,0,0,0,0,0,0,0,0,0,0,0,0,0,0,0,0,0,0,4,5,1,0,0
5,C,COSTARICA,CONCACAF,SPAIN,0?€3,LOSE,36,3_4_3,MF,STARTING,16,9,56%,0,0,0,10,4,40%,0,0,0,0,0,4,2,0,0,0,0,2,2,3,0,4,1,3,7,4,0,4,13,8,19,9,5,12,10409.3,3722.4,3846.2,2295.3,476.7,69.7,206,37,32.2,0,3,4,3,0,0
5,C,COSTARICA,CONCACAF,SPAIN,0?€3,LOSE,36,3_4_3,DF,STARTING,21,10,48%,0,0,0,16,6,37%,0,0,0,0,0,3,0,0,0,0,0,3,0,1,0,5,0,9,10,1,0,1,7,5,21,4,0,9,8768.3,3426.7,3496.8,1543.2,204.3,96.5,135,20,32.8,0,3,4,3,0,0
5,C,COSTARICA,CONCACAF,SPAIN,0?€3,LOSE,36,3_4_3,DF,STARTING,5,3,60%,0,0,0,2,2,100%,1,0,1,0,0,2,2,0,0,0,0,0,0,6,0,7,0,4,16,0,0,0,8,1,27,9,4,11,9120.1,3339.8,3243.1,2026.5,295.5,215.2,167,46,29.7,0,3,4,3,0,0
5,C,COSTARICA,CONCACAF,SPAIN,0?€3,LOSE,36,3_4_3,FW,STARTING,12,6,50%,0,3,0,5,0,0%,2,1,1,1,0,19,3,1,3,1,4,7,3,0,0,2,1,8,50,0,0,0,3,9,44,24,2,2,11008.1,3625,3523.7,2596.8,911.5,350.1,203,75,31.5,0,3,4,3,0,0
5,C,COSTARICA,CONCACAF,SPAIN,0?€3,LOSE,36,3_4_3,FW,STARTING,12,7,58%,0,0,0,3,2,66%,0,0,0,0,0,3,0,1,1,0,1,0,2,1,1,3,0,3,13,0,0,0,2,4,4,3,2,4,8346.6,2506.5,3342,2236.1,234.5,25.9,172,22,31,0,3,4,3,100,0
5,C,COSTARICA,CONCACAF,SPAIN,0?€3,LOSE,36,3_4_3,MF,STARTING,9,7,78%,0,0,0,1,1,100%,2,1,1,0,0,6,0,3,1,0,1,1,2,3,1,3,1,3,16,2,0,2,2,3,3,1,8,2,8230.3,2653.5,3250.1,1930,336.6,60.1,162,23,28.4,0,3,4,3,33.33333333,0
5,C,COSTARICA,CONCACAF,SPAIN,0?€3,LOSE,36,3_4_3,MF,STARTING,8,3,38%,0,0,0,5,2,40%,1,1,0,0,0,1,0,0,0,0,0,1,0,4,1,6,0,4,14,0,0,0,3,3,17,11,2,5,6356.2,2042.9,2511.3,1563.6,234.5,4.4,118,23,32.7,0,3,4,3,25,0
5,C,COSTARICA,CONCACAF,SPAIN,0?€3,LOSE,36,3_4_3,FW,STARTING,10,5,50%,0,1,0,3,2,66%,5,3,2,0,0,10,0,2,2,0,6,0,5,4,2,2,0,8,66,2,1,4,6,7,37,25,3,4,10632,3460.7,3692.5,2483.6,628.4,366.8,205,71,32.4,0,3,4,3,50,0
5,C,COSTARICA,CONCACAF,SPAIN,0?€3,LOSE,36,3_4_3,MF,STARTING,11,9,82%,1,1,0,5,4,80%,0,0,0,0,0,12,5,7,0,0,0,0,2,5,1,7,0,10,33,2,0,2,6,4,40,18,4,10,10915.1,3767.9,3717.7,2560.7,591.6,277.2,199,49,29.2,0,3,4,3,20,0
5,C,COSTARICA,CONCACAF,SPAIN,0?€3,LOSE,36,3_4_3,DF,STARTING,17,4,24%,0,0,0,10,3,30%,0,0,0,0,0,0,0,0,0,0,0,0,0,6,0,10,0,4,8,1,0,1,9,3,16,5,6,12,9048.1,3230.2,3470.8,1951.7,270.5,124.9,173,31,30.6,0,3,4,3,0,0
5,C,COSTARICA,CONCACAF,SPAIN,0?€3,LOSE,36,3_4_3,GK,STARTING,29,8,28%,0,0,0,19,4,21%,0,0,0,0,0,2,0,0,0,0,0,2,1,0,0,0,0,0,0,0,0,0,0,3,0,0,11,0,3976.4,3177.5,665.2,126.8,0,6.8,24,1,24.9,0,3,4,3,0,0
5,C,COSTARICA,CONCACAF,SPAIN,0?€3,LOSE,36,3_4_3,GK,Substitutions,0,0,0,0,0,0,0,0,0,0,0,0,0,0,0,0,0,0,0,0,0,0,0,0,0,0,0,0,0,0,0,0,0,0,0,0,0,0,0,0,0,0,0,0,0,0,0,3,4,3,0,0
5,C,COSTARICA,CONCACAF,SPAIN,0?€3,LOSE,36,3_4_3,DF,Substitutions,0,0,0,0,0,0,0,0,0,0,0,0,0,0,0,0,0,0,0,0,0,0,0,0,0,0,0,0,0,0,0,0,0,0,0,0,0,0,0,0,0,0,0,0,0,0,0,3,4,3,0,0
5,C,COSTARICA,CONCACAF,SPAIN,0?€3,LOSE,36,3_4_3,DF,Substitutions,0,0,0,0,0,0,0,0,0,0,0,0,0,0,0,0,0,0,0,0,0,0,0,0,0,0,0,0,0,0,0,0,0,0,0,0,0,0,0,0,0,0,0,0,0,0,0,3,4,3,0,0
5,C,COSTARICA,CONCACAF,SPAIN,0?€3,LOSE,36,3_4_3,MF,Substitutions,0,0,0,0,0,0,0,0,0,0,0,0,0,0,0,0,0,0,0,0,0,0,0,0,0,0,0,0,0,0,0,0,0,0,0,0,0,0,0,0,0,0,0,0,0,0,0,3,4,3,0,0
5,C,COSTARICA,CONCACAF,SPAIN,0?€3,LOSE,36,3_4_3,MF,Substitutions,0,0,0,0,0,0,0,0,0,0,0,0,0,0,0,0,0,0,0,0,0,0,0,0,0,0,0,0,0,0,0,0,0,0,0,0,0,0,0,0,0,0,0,0,0,0,0,3,4,3,0,0
5,C,COSTARICA,CONCACAF,SPAIN,0?€3,LOSE,36,3_4_3,DF,Substitutions,0,0,0,0,0,0,0,0,0,0,0,0,0,0,0,0,0,0,0,0,0,0,0,0,0,0,0,0,0,0,0,0,0,0,0,0,0,0,0,0,0,0,0,0,0,0,0,3,4,3,0,0
5,C,COSTARICA,CONCACAF,SPAIN,0?€3,LOSE,36,3_4_3,MF,Substitutions,5,5,100%,0,0,0,1,1,100%,0,0,0,0,0,6,1,3,0,1,1,0,1,1,0,1,0,1,18,0,0,0,0,3,16,9,0,2,4506.8,1303.8,1367.8,1329.5,391.2,114.5,93,31,30.7,0,3,4,3,0,0
5,C,COSTARICA,CONCACAF,SPAIN,0?€3,LOSE,36,3_4_3,FW,Substitutions,0,0,0,0,0,0,0,0,0,0,0,0,0,0,0,0,0,0,0,0,0,0,0,0,0,0,0,0,0,0,0,0,0,0,0,0,0,0,0,0,0,0,0,0,0,0,0,3,4,3,0,0
5,C,COSTARICA,CONCACAF,SPAIN,0?€3,LOSE,36,3_4_3,GK,Substitutions,0,0,0,0,0,0,0,0,0,0,0,0,0,0,0,0,0,0,0,0,0,0,0,0,0,0,0,0,0,0,0,0,0,0,0,0,0,0,0,0,0,0,0,0,0,0,0,3,4,3,0,0
5,C,COSTARICA,CONCACAF,SPAIN,0?€3,LOSE,36,3_4_3,MF,Substitutions,1,0,0,0,0,0,1,0,0,0,0,0,0,0,2,0,0,0,1,1,0,1,0,0,0,0,1,5,2,0,2,1,2,4,3,0,1,2804.9,667.8,1114.7,843.7,151.5,27.2,61,11,31.2,0,3,4,3,0,0
5,C,COSTARICA,CONCACAF,SPAIN,0?€3,LOSE,36,3_4_3,MF,Substitutions,2,0,0,0,0,0,0,0,0,0,0,0,0,0,2,0,0,0,0,1,1,1,0,0,1,0,0,4,0,0,0,1,0,4,4,0,2,2959.6,776,1102.2,829.9,176.7,74.6,60,17,31.7,0,3,4,3,0,0
5,C,COSTARICA,CONCACAF,SPAIN,0?€3,LOSE,36,3_4_3,FW,Substitutions,0,0,0,0,0,0,0,0,0,0,0,0,0,0,0,0,0,0,0,0,0,0,0,0,0,0,0,0,0,0,0,0,0,0,0,0,0,0,0,0,0,0,0,0,0,0,0,3,4,3,0,0
38,C,COSTARICA,CONCACAF,ZAMBIA,1?€3,LOSE,36,4_2_3_1,DF,STARTING,55,42,0.76,0,0,0,22,13,0.59,2,1,1,3,0,5,2,0,0,0,1,2,1,2,0,5,0,4,10,3,0,3,5,5,21,9,6,5,10099.3,3489.3,3627.7,2408.7,471.6,102,188,39,28.2,1,4,5,1,0,0
38,C,COSTARICA,CONCACAF,ZAMBIA,1?€3,LOSE,36,4_2_3_1,DF,STARTING,50,40,0.8,0,0,0,11,4,0.36,0,0,0,0,0,12,2,0,0,0,0,10,2,2,1,2,0,2,3,0,0,0,4,6,4,1,2,4,8507,3449.6,3117.8,1629.9,262.9,46.8,143,21,25.7,1,4,5,1,50,0
38,C,COSTARICA,CONCACAF,ZAMBIA,1?€3,LOSE,36,4_2_3_1,DF,STARTING,45,33,0.73,0,2,0,19,10,0.52,0,0,0,2,0,28,16,0,0,0,5,7,7,13,2,10,1,8,8,0,0,0,5,13,11,2,7,14,10155.5,3630.6,2937,2911.6,573.8,102.6,201,42,30.2,1,4,5,1,15.38461538,0
38,C,COSTARICA,CONCACAF,ZAMBIA,1?€3,LOSE,36,4_2_3_1,MF,STARTING,32,26,0.81,0,11,1,10,5,0.5,1,1,0,3,1,57,8,2,1,1,20,25,20,1,1,3,3,4,24,2,0,2,3,8,21,13,5,2,10044.5,3947.5,2933,2137.5,620.8,406.8,184,58,29.4,1,4,5,1,100,9.090909091
38,C,COSTARICA,CONCACAF,ZAMBIA,1?€3,LOSE,36,4_2_3_1,MF,STARTING,19,19,1,0,0,0,4,4,1,1,1,0,0,0,55,22,18,1,3,2,9,11,2,0,1,0,1,6,0,0,1,1,5,13,3,0,3,7076.3,2481,2730.7,1599.2,264.7,0,109,20,25.2,1,4,5,1,0,0
38,C,COSTARICA,CONCACAF,ZAMBIA,1?€3,LOSE,36,4_2_3_1,MF,STARTING,47,38,0.81,0,1,0,11,9,0.81,8,4,4,1,0,33,18,11,1,0,3,0,9,5,1,7,1,4,16,3,2,6,0,15,13,6,5,7,10493,4212.9,3016.7,2839.4,391.4,32.5,217,29,29.8,1,4,5,1,20,0
38,C,COSTARICA,CONCACAF,ZAMBIA,1?€3,LOSE,36,4_2_3_1,MF,STARTING,20,15,0.75,0,6,2,4,2,0.5,2,2,0,0,0,25,3,4,1,2,7,8,7,0,0,4,1,3,6,0,0,0,0,7,7,2,4,2,9839.7,3701.7,3217.6,2080.1,453.6,385.7,165,53,29.4,1,4,5,1,0,33.33333333
38,C,COSTARICA,CONCACAF,ZAMBIA,1?€3,LOSE,36,4_2_3_1,MF,STARTING,44,32,0.73,0,7,5,18,11,0.61,1,1,0,0,0,32,17,7,0,0,2,6,8,1,0,4,2,6,8,0,0,1,3,6,10,3,6,5,8903.3,3513.2,2859.7,1688.9,626.8,214.6,148,41,27,1,4,5,1,0,71.42857143
38,C,COSTARICA,CONCACAF,ZAMBIA,1?€3,LOSE,36,4_2_3_1,DF,STARTING,41,32,0.78,1,0,0,14,9,0.64,2,0,2,5,0,3,0,0,0,0,0,3,1,4,0,1,0,2,5,0,0,1,8,10,4,1,1,3,8908.4,3228.4,2993.2,2082.8,379.5,224.5,164,33,28.4,1,4,5,1,0,0
38,C,COSTARICA,CONCACAF,ZAMBIA,1?€3,LOSE,36,4_2_3_1,FW,STARTING,19,17,0.89,0,0,0,4,4,1,0,0,0,2,0,58,5,33,1,2,14,3,7,2,1,0,1,2,37,5,0,7,0,9,21,10,3,0,9351.5,2944.8,3261.8,2577.3,494.7,72.9,192,45,26.5,1,4,5,1,50,0
38,C,COSTARICA,CONCACAF,ZAMBIA,1?€3,LOSE,36,4_2_3_1,GK,STARTING,23,18,0.78,0,0,0,6,1,0.16,0,0,0,0,0,4,0,0,0,0,0,4,2,0,0,0,0,0,0,0,0,0,0,1,0,0,8,0,3187,2478.2,551.3,149.2,8.3,0,19,1,23.2,1,4,5,1,0,0
38,C,COSTARICA,CONCACAF,ZAMBIA,1?€3,LOSE,36,4_2_3_1,GK,Substitutions,0,0,0,0,0,0,0,0,0,0,0,0,0,0,0,0,0,0,0,0,0,0,0,0,0,0,0,0,0,0,0,0,0,0,0,0,0,0,0,0,0,0,0,0,0,0,1,4,5,1,0,0
38,C,COSTARICA,CONCACAF,ZAMBIA,1?€3,LOSE,36,4_2_3_1,DF,Substitutions,0,0,0,0,0,0,0,0,0,0,0,0,0,0,0,0,0,0,0,0,0,0,0,0,0,0,0,0,0,0,0,0,0,0,0,0,0,0,0,0,0,0,0,0,0,0,1,4,5,1,0,0
38,C,COSTARICA,CONCACAF,ZAMBIA,1?€3,LOSE,36,4_2_3_1,DF,Substitutions,0,0,0,0,0,0,0,0,0,0,0,0,0,0,0,0,0,0,0,0,0,0,0,0,0,0,0,0,0,0,0,0,0,0,0,0,0,0,0,0,0,0,0,0,0,0,1,4,5,1,0,0
38,C,COSTARICA,CONCACAF,ZAMBIA,1?€3,LOSE,36,4_2_3_1,MF,Substitutions,0,0,0,0,0,0,0,0,0,0,0,0,0,0,0,0,0,0,0,0,0,0,0,0,0,0,0,0,0,0,0,0,0,0,0,0,0,0,0,0,0,0,0,0,0,0,1,4,5,1,0,0
38,C,COSTARICA,CONCACAF,ZAMBIA,1?€3,LOSE,36,4_2_3_1,FW,Substitutions,6,4,0.67,0,0,0,3,2,0.66,1,1,0,1,0,15,0,10,0,1,3,1,7,2,0,0,0,1,10,2,0,2,1,2,10,5,1,0,3691.4,966.4,1494.7,1077.2,152.8,0,70,10,24.2,1,4,5,1,0,0
38,C,COSTARICA,CONCACAF,ZAMBIA,1?€3,LOSE,36,4_2_3_1,DF,Substitutions,0,0,0,0,0,0,0,0,0,0,0,0,0,0,0,0,0,0,0,0,0,0,0,0,0,0,0,0,0,0,0,0,0,0,0,0,0,0,0,0,0,0,0,0,0,0,1,4,5,1,0,0
38,C,COSTARICA,CONCACAF,ZAMBIA,1?€3,LOSE,36,4_2_3_1,DF,Substitutions,7,5,0.71,1,0,0,2,1,0.5,0,0,0,0,0,3,1,0,1,1,0,0,2,1,0,0,0,1,3,0,0,0,1,3,0,0,0,2,2043.3,543.1,848.8,531.7,104.8,14.9,37,6,24.7,1,4,5,1,0,0
38,C,COSTARICA,CONCACAF,ZAMBIA,1?€3,LOSE,36,4_2_3_1,MF,Substitutions,0,0,0,0,0,0,0,0,0,0,0,0,0,0,0,0,0,0,0,0,0,0,0,0,0,0,0,0,0,0,0,0,0,0,0,0,0,0,0,0,0,0,0,0,0,0,1,4,5,1,0,0
38,C,COSTARICA,CONCACAF,ZAMBIA,1?€3,LOSE,36,4_2_3_1,FW,Substitutions,0,0,0,0,0,0,0,0,0,0,0,0,0,0,0,0,0,0,0,0,0,0,0,0,0,0,0,0,0,0,0,0,0,0,0,0,0,0,0,0,0,0,0,0,0,0,1,4,5,1,0,0
38,C,COSTARICA,CONCACAF,ZAMBIA,1?€3,LOSE,36,4_2_3_1,GK,Substitutions,0,0,0,0,0,0,0,0,0,0,0,0,0,0,0,0,0,0,0,0,0,0,0,0,0,0,0,0,0,0,0,0,0,0,0,0,0,0,0,0,0,0,0,0,0,0,1,4,5,1,0,0
38,C,COSTARICA,CONCACAF,ZAMBIA,1?€3,LOSE,36,4_2_3_1,MF,Substitutions,5,4,0.8,0,0,0,2,1,0.5,0,0,0,0,0,5,3,2,0,0,0,0,2,1,0,0,1,0,3,1,0,1,0,2,5,3,2,0,1293.7,312.6,521,357.8,70.6,31.8,25,6,28.1,1,4,5,1,0,0
38,C,COSTARICA,CONCACAF,ZAMBIA,1?€3,LOSE,36,4_2_3_1,FW,Substitutions,0,0,0,0,0,0,0,0,0,0,0,0,0,0,0,0,0,0,0,0,0,0,0,0,0,0,0,0,0,0,0,0,0,0,0,0,0,0,0,0,0,0,0,0,0,0,1,4,5,1,0,0
21,C,JAPAN,AFC,COSTARICA,2?€0,WIN,11,3_4_3,GK,STARTING,13,12,92%,0,0,0,2,2,100%,0,0,0,0,0,5,0,0,0,0,0,5,2,0,0,0,0,0,0,0,0,0,0,2,0,0,4,0,3731.4,3173.5,481,66.8,10.1,0,9,1,22.5,2,3,4,3,0,0
21,C,JAPAN,AFC,COSTARICA,2?€0,WIN,11,3_4_3,MF,STARTING,52,40,77%,0,3,0,14,8,57%,2,1,1,1,0,32,7,1,0,0,11,13,12,0,0,2,1,1,3,0,0,1,1,4,21,3,5,1,10035.5,3274.6,3878.7,2005.1,679.4,197.7,175,47,31.7,2,3,4,3,0,0
21,C,JAPAN,AFC,COSTARICA,2?€0,WIN,11,3_4_3,DF,STARTING,69,59,86%,0,0,0,23,18,78%,0,0,0,0,0,32,2,1,0,0,0,29,22,3,2,1,1,2,2,2,0,2,11,6,17,2,12,4,10300,3488.6,4676.2,2001.3,115.4,18.5,179,10,24.6,2,3,4,3,66.66666667,0
21,C,JAPAN,AFC,COSTARICA,2?€0,WIN,11,3_4_3,DF,STARTING,41,40,98%,0,0,0,6,5,83%,0,0,0,1,0,24,0,0,0,0,1,23,17,2,0,2,0,5,3,2,0,2,5,2,2,1,4,7,9674.5,3459.6,4567.4,1534.4,113.2,0,122,10,23.8,2,3,4,3,0,0
21,C,JAPAN,AFC,COSTARICA,2?€0,WIN,11,3_4_3,DF,STARTING,63,53,84%,0,1,0,30,21,70%,2,0,2,1,0,19,5,1,0,0,0,13,11,0,0,1,1,1,2,7,0,7,6,3,9,3,7,5,9996.2,3454.7,5007.1,1429.5,106,0,133,9,22.4,2,3,4,3,0,0
21,C,JAPAN,AFC,COSTARICA,2?€0,WIN,11,3_4_3,MF,STARTING,62,52,84%,0,7,3,17,8,47%,5,2,3,1,0,74,18,3,1,0,14,38,30,1,0,1,2,4,8,1,0,1,4,12,25,9,4,4,11393.8,3148.1,5064.6,2317.5,648.3,214.2,208,55,27.6,2,3,4,3,0,42.85714286
21,C,JAPAN,AFC,COSTARICA,2?€0,WIN,11,3_4_3,FW,STARTING,29,21,72%,0,4,2,6,3,50%,1,1,0,5,1,35,1,6,1,0,16,11,7,2,1,6,0,4,16,2,0,3,1,5,19,13,1,4,8840.1,2698.9,3715.5,1856.4,429.6,139.7,170,40,27.5,2,3,4,3,50,50
21,C,JAPAN,AFC,COSTARICA,2?€0,WIN,11,3_4_3,FW,STARTING,26,23,88%,0,0,0,3,3,100%,1,0,1,4,0,36,5,17,0,0,14,0,13,1,0,1,0,5,45,3,0,3,0,4,25,18,1,0,7293.4,2214.3,2980.8,1518.5,487.9,91.2,138,45,27,2,3,4,3,0,0
21,C,JAPAN,AFC,COSTARICA,2?€0,WIN,11,3_4_3,MF,STARTING,62,54,87%,0,5,0,19,14,73%,0,0,0,1,0,53,28,20,0,0,3,2,15,5,1,4,2,11,8,0,0,1,3,10,32,6,7,3,11717.4,3033.6,5622,2765.3,239,56.2,239,26,26.6,2,3,4,3,20,0
21,C,JAPAN,AFC,COSTARICA,2?€0,WIN,11,3_4_3,FW,STARTING,16,15,94%,0,4,2,3,1,33%,1,0,1,3,1,33,1,13,3,5,10,1,7,1,0,1,0,2,31,0,0,0,0,6,28,25,0,0,7661.9,1945.4,3428,1684.9,464.3,139.4,142,38,28.6,2,3,4,3,0,50
21,C,JAPAN,AFC,COSTARICA,2?€0,WIN,11,3_4_3,MF,STARTING,44,39,89%,0,0,0,16,13,81%,1,0,1,2,0,39,18,17,1,1,2,0,11,1,1,1,0,2,10,1,0,1,3,10,10,3,3,2,9224.6,2224.1,4443.5,2328.3,228.8,0,185,16,30.4,2,3,4,3,100,0
21,C,JAPAN,AFC,COSTARICA,2?€0,WIN,11,3_4_3,MF,Substitutions,20,18,90%,0,1,1,5,4,80%,0,0,0,2,0,25,4,7,2,2,6,4,16,2,0,0,0,1,8,0,0,0,1,4,10,6,0,2,4316.1,1198.2,1699.3,987.1,354.8,76.8,91,26,27.1,2,3,4,3,0,100
21,C,JAPAN,AFC,COSTARICA,2?€0,WIN,11,3_4_3,FW,Substitutions,12,11,92%,0,1,0,2,2,100%,1,1,0,3,0,24,0,6,1,1,14,2,6,2,2,0,0,4,17,3,0,3,0,3,12,9,3,0,3910.6,1294.8,1313.6,885.7,318.3,98.2,87,31,29.3,2,3,4,3,100,0
21,C,JAPAN,AFC,COSTARICA,2?€0,WIN,11,3_4_3,MF,Substitutions,15,12,80%,0,0,0,6,5,83%,0,0,0,0,0,8,4,3,0,1,0,0,4,0,0,0,0,2,2,0,0,0,0,1,6,2,1,0,2716.5,701.1,1222.2,694.9,91.8,6.5,65,6,24.3,2,3,4,3,0,0
21,C,JAPAN,AFC,COSTARICA,2?€0,WIN,11,3_4_3,DF,Substitutions,0,0,0,0,0,0,0,0,0,0,0,0,0,0,0,0,0,0,0,0,0,0,0,0,0,0,0,0,0,0,0,0,0,0,0,0,0,0,0,0,0,0,0,0,0,0,2,3,4,3,0,0
21,C,JAPAN,AFC,COSTARICA,2?€0,WIN,11,3_4_3,DF,Substitutions,0,0,0,0,0,0,0,0,0,0,0,0,0,0,0,0,0,0,0,0,0,0,0,0,0,0,0,0,0,0,0,0,0,0,0,0,0,0,0,0,0,0,0,0,0,0,2,3,4,3,0,0
21,C,JAPAN,AFC,COSTARICA,2?€0,WIN,11,3_4_3,MF,Substitutions,6,5,83%,0,1,0,2,1,50%,1,1,0,1,0,21,2,6,3,1,9,0,5,1,0,0,1,2,8,0,0,0,0,1,7,6,1,0,2537,795.8,1006.7,560.7,128.6,45.4,58,13,26.7,2,3,4,3,0,0
21,C,JAPAN,AFC,COSTARICA,2?€0,WIN,11,3_4_3,GK,Substitutions,0,0,0,0,0,0,0,0,0,0,0,0,0,0,0,0,0,0,0,0,0,0,0,0,0,0,0,0,0,0,0,0,0,0,0,0,0,0,0,0,0,0,0,0,0,0,2,3,4,3,0,0
21,C,JAPAN,AFC,COSTARICA,2?€0,WIN,11,3_4_3,DF,Substitutions,4,4,100%,0,0,0,1,1,100%,0,0,0,0,0,7,1,0,0,0,5,1,2,2,1,0,0,1,0,0,0,0,0,0,1,0,1,0,754.5,139.3,203.8,285.5,98.3,27.6,18,7,25.6,2,3,4,3,50,0
21,C,JAPAN,AFC,COSTARICA,2?€0,WIN,11,3_4_3,FW,Substitutions,0,0,0,0,0,0,0,0,0,0,0,0,0,0,0,0,0,0,0,0,0,0,0,0,0,0,0,0,0,0,0,0,0,0,0,0,0,0,0,0,0,0,0,0,0,0,2,3,4,3,0,0
21,C,JAPAN,AFC,COSTARICA,2?€0,WIN,11,3_4_3,GK,Substitutions,0,0,0,0,0,0,0,0,0,0,0,0,0,0,0,0,0,0,0,0,0,0,0,0,0,0,0,0,0,0,0,0,0,0,0,0,0,0,0,0,0,0,0,0,0,0,2,3,4,3,0,0
21,C,JAPAN,AFC,COSTARICA,2?€0,WIN,11,3_4_3,FW,Substitutions,0,0,0,0,0,0,0,0,0,0,0,0,0,0,0,0,0,0,0,0,0,0,0,0,0,0,0,0,0,0,0,0,0,0,0,0,0,0,0,0,0,0,0,0,0,0,2,3,4,3,0,0
21,C,JAPAN,AFC,COSTARICA,2?€0,WIN,11,3_4_3,DF,Substitutions,0,0,0,0,0,0,0,0,0,0,0,0,0,0,0,0,0,0,0,0,0,0,0,0,0,0,0,0,0,0,0,0,0,0,0,0,0,0,0,0,0,0,0,0,0,0,2,3,4,3,0,0
37,C,JAPAN,AFC,SPAIN,4?€0,WIN,11,3_4_3,GK,STARTING,33,11,33%,0,0,0,24,4,16%,0,0,0,0,0,3,0,0,0,0,0,3,2,0,0,0,0,0,0,0,0,0,0,2,0,0,9,0,3685.7,2981,523.4,141.9,39.4,0,20,2,23.8,4,3,4,3,0,0
37,C,JAPAN,AFC,SPAIN,4?€0,WIN,11,3_4_3,MF,STARTING,15,10,67%,0,1,1,3,2,66%,0,0,0,0,0,10,2,0,0,0,4,4,3,2,0,2,0,6,8,0,0,0,4,2,22,11,1,5,6590,2314.4,2645.9,1275.2,298.5,56,118,26,29.5,4,3,4,3,0,100
37,C,JAPAN,AFC,SPAIN,4?€0,WIN,11,3_4_3,DF,STARTING,13,10,77%,1,0,0,5,3,60%,1,0,1,0,0,4,1,0,0,0,0,3,2,4,1,1,0,3,4,0,0,0,10,1,10,3,2,8,9872.3,3327.9,4321.1,2079.1,130.3,13.8,167,14,26.8,4,3,4,3,25,0
37,C,JAPAN,AFC,SPAIN,4?€0,WIN,11,3_4_3,DF,STARTING,19,14,74%,0,0,0,7,2,28%,0,0,0,0,0,9,1,0,0,0,0,8,6,0,0,0,0,0,2,0,0,0,5,7,12,0,1,3,9166.3,3449.3,4280.7,1315.4,106.3,15.6,115,10,27.3,4,3,4,3,0,0
37,C,JAPAN,AFC,SPAIN,4?€0,WIN,11,3_4_3,FW,STARTING,12,8,67%,0,0,0,0,0,0%,1,1,0,2,2,12,1,1,2,2,3,3,3,3,1,5,1,1,28,0,0,1,1,6,19,14,4,4,6073.5,1512.9,2690.5,1419.4,301.2,148.8,120,32,29.4,4,3,4,3,33.33333333,0
37,C,JAPAN,AFC,SPAIN,4?€0,WIN,11,3_4_3,FW,STARTING,17,11,65%,0,1,0,9,4,44%,2,0,2,2,0,37,2,9,2,4,15,5,7,9,1,7,0,13,60,0,0,0,3,2,63,48,3,7,11510.6,3295.5,4545.5,2701.5,777,191.1,239,59,28.5,4,3,4,3,11.11111111,0
37,C,JAPAN,AFC,SPAIN,4?€0,WIN,11,3_4_3,FW,STARTING,18,13,72%,0,0,0,1,1,100%,1,0,1,1,1,20,0,4,0,1,15,0,7,4,1,3,0,5,69,2,0,3,1,3,36,21,5,0,8156.1,2468,2796.7,2092,541.6,258.5,199,65,28.6,4,3,4,3,25,0
37,C,JAPAN,AFC,SPAIN,4?€0,WIN,11,3_4_3,MF,STARTING,13,10,77%,0,0,0,8,5,62%,0,0,0,1,0,16,11,5,0,0,0,0,6,0,0,6,0,4,33,0,0,1,3,8,47,23,3,7,7308.9,1988,3399.4,1668.6,230.2,22.7,143,18,24.6,4,3,4,3,0,0
37,C,JAPAN,AFC,SPAIN,4?€0,WIN,11,3_4_3,DF,STARTING,21,21,100%,0,0,0,9,9,100%,0,0,0,0,0,15,7,0,0,0,0,8,7,8,2,0,0,6,4,0,0,0,8,6,27,4,5,6,10092.5,3383,5008.9,1457.4,201.9,41.4,131,22,27,4,3,4,3,25,0
37,C,JAPAN,AFC,SPAIN,4?€0,WIN,11,3_4_3,MF,STARTING,32,21,66%,2,1,0,17,12,70%,4,3,1,0,0,5,2,0,0,0,0,3,2,5,0,5,1,7,8,0,0,1,10,9,29,12,6,9,9752.2,2996.8,4456.7,1698.8,458.4,141.4,149,41,26.7,4,3,4,3,0,0
37,C,JAPAN,AFC,SPAIN,4?€0,WIN,11,3_4_3,MF,STARTING,28,18,64%,0,0,0,10,5,50%,1,1,0,0,0,13,7,5,0,1,0,0,2,7,0,6,1,5,57,1,0,2,2,14,64,26,6,11,11812.8,2811.5,5546.1,3148.1,274.1,34.3,236,21,31.7,4,3,4,3,0,0
37,C,JAPAN,AFC,SPAIN,4?€0,WIN,11,3_4_3,DF,Substitutions,0,0,0,0,0,0,0,0,0,0,0,0,0,0,0,0,0,0,0,0,0,0,0,0,0,0,0,0,0,0,0,0,0,0,0,0,0,0,0,0,0,0,0,0,0,0,4,3,4,3,0,0
37,C,JAPAN,AFC,SPAIN,4?€0,WIN,11,3_4_3,MF,Substitutions,0,0,0%,0,0,0,0,0,0%,0,0,0,0,0,2,0,0,0,0,2,0,0,0,0,1,0,0,0,0,0,0,0,0,3,0,0,1,1248.6,226,457.5,406.2,86,73,22,6,26.8,4,3,4,3,0,0
37,C,JAPAN,AFC,SPAIN,4?€0,WIN,11,3_4_3,FW,Substitutions,9,5,56%,0,0,0,4,3,75%,1,0,1,1,1,6,3,2,0,0,1,0,4,0,0,1,0,0,23,0,0,1,0,1,6,3,2,0,3211,872.4,1240.4,900.7,89.9,107.2,69,13,26.6,4,3,4,3,0,0
37,C,JAPAN,AFC,SPAIN,4?€0,WIN,11,3_4_3,MF,Substitutions,15,10,67%,0,0,0,7,4,57%,0,0,0,1,0,10,1,3,0,0,5,1,5,1,0,1,1,3,16,1,0,1,0,7,17,8,2,0,4440.1,926.6,2064.2,1205,217.6,26.2,97,18,25.1,4,3,4,3,0,0
37,C,JAPAN,AFC,SPAIN,4?€0,WIN,11,3_4_3,MF,Substitutions,5,3,60%,0,1,0,1,1,100%,2,2,0,0,0,0,0,0,0,0,0,0,0,0,0,3,0,7,36,0,0,0,0,2,26,20,1,2,6115.7,1522.8,2531.3,1558.3,416.5,86.8,133,31,26.2,4,3,4,3,0,0
37,C,JAPAN,AFC,SPAIN,4?€0,WIN,11,3_4_3,MF,Substitutions,0,0,0,0,0,0,0,0,0,0,0,0,0,0,0,0,0,0,0,0,0,0,0,0,0,0,0,0,0,0,0,0,0,0,0,0,0,0,0,0,0,0,0,0,0,0,4,3,4,3,0,0
37,C,JAPAN,AFC,SPAIN,4?€0,WIN,11,3_4_3,GK,Substitutions,0,0,0,0,0,0,0,0,0,0,0,0,0,0,13,2,0,0,0,5,6,5,0,0,0,0,0,0,0,0,0,0,0,0,0,0,0,0,0,0,0,0,0,0,0,0,4,3,4,3,0,0
37,C,JAPAN,AFC,SPAIN,4?€0,WIN,11,3_4_3,DF,Substitutions,15,9,60%,1,2,0,7,5,71%,0,0,0,0,0,0,0,0,0,0,0,0,0,6,2,2,0,9,8,0,0,1,1,1,15,9,4,1,4185.1,1027.5,1684.1,1139.6,200,134.3,91,18,28.9,4,3,4,3,33.33333333,0
37,C,JAPAN,AFC,SPAIN,4?€0,WIN,11,3_4_3,FW,Substitutions,0,0,0,0,0,0,0,0,0,0,0,0,0,0,0,0,0,0,0,0,0,0,0,0,0,0,0,0,0,0,0,0,0,0,0,0,0,0,0,0,0,0,0,0,0,0,4,3,4,3,0,0
37,C,JAPAN,AFC,SPAIN,4?€0,WIN,11,3_4_3,GK,Substitutions,0,0,0,0,0,0,0,0,0,0,0,0,0,0,0,0,0,0,0,0,0,0,0,0,0,0,0,0,0,0,0,0,0,0,0,0,0,0,0,0,0,0,0,0,0,0,4,3,4,3,0,0
37,C,JAPAN,AFC,SPAIN,4?€0,WIN,11,3_4_3,FW,Substitutions,0,0,0,0,0,0,0,0,0,0,0,0,0,0,0,0,0,0,0,0,0,0,0,0,0,0,0,0,0,0,0,0,0,0,0,0,0,0,0,0,0,0,0,0,0,0,4,3,4,3,0,0
37,C,JAPAN,AFC,SPAIN,4?€0,WIN,11,3_4_3,DF,Substitutions,0,0,0,0,0,0,0,0,0,0,0,0,0,0,9,2,4,0,0,3,0,4,0,0,0,0,0,0,0,0,0,0,0,0,0,0,0,0,0,0,0,0,0,0,0,0,4,3,4,3,0,0
6,C,JAPAN,AFC,ZAMBIA,5?€0,WIN,11,3_4_3,GK,STARTING,24,21,88%,0,0,0,2,1,50%,0,0,0,0,0,6,0,0,0,0,0,6,2,0,0,0,0,0,0,0,0,0,0,2,0,0,1,0,4454.1,3607.8,556.8,269.5,20,0,23,2,23,5,3,4,3,0,0
6,C,JAPAN,AFC,ZAMBIA,5?€0,WIN,11,3_4_3,MF,STARTING,54,44,81%,0,3,1,19,12,63%,0,0,0,1,0,66,18,0,0,0,22,26,16,1,1,1,1,0,10,2,0,2,3,9,23,3,3,2,11595.4,3565.6,4344.8,2657.7,669.1,359.5,229,57,27.3,5,3,4,3,100,33.33333333
6,C,JAPAN,AFC,ZAMBIA,5?€0,WIN,11,3_4_3,DF,STARTING,70,61,87%,0,0,0,27,22,81%,1,0,1,0,0,32,8,0,0,0,0,24,13,2,1,1,1,4,0,3,0,3,8,5,8,1,3,8,10729.8,3624.5,4671.8,2127.7,245.7,60.1,176,20,28.9,5,3,4,3,50,0
6,C,JAPAN,AFC,ZAMBIA,5?€0,WIN,11,3_4_3,DF,STARTING,54,49,91%,0,0,0,8,5,62%,0,0,0,0,0,29,2,0,0,0,0,27,18,2,0,1,0,1,1,2,0,2,10,3,1,0,4,8,10163.2,3734,4488.1,1757.2,158.5,24.4,135,15,26.2,5,3,4,3,0,0
6,C,JAPAN,AFC,ZAMBIA,5?€0,WIN,11,3_4_3,FW,STARTING,45,39,87%,0,2,0,6,2,33%,1,0,1,4,2,58,9,14,1,2,24,8,23,3,1,5,1,5,39,0,0,1,2,9,35,22,3,4,12719.9,3110,5407.2,2998.1,700.9,503.7,251,74,29.1,5,3,4,3,33.33333333,0
6,C,JAPAN,AFC,ZAMBIA,5?€0,WIN,11,3_4_3,MF,STARTING,77,67,87%,1,0,0,17,9,52%,0,0,0,1,0,57,42,12,0,1,1,1,22,6,1,1,1,6,14,2,0,3,8,15,29,6,5,9,11575.8,3295.6,5186,2704.1,378.5,10.4,210,27,27.3,5,3,4,3,16.66666667,0
6,C,JAPAN,AFC,ZAMBIA,5?€0,WIN,11,3_4_3,FW,STARTING,26,17,65%,1,3,1,2,1,50%,1,1,0,5,1,46,3,23,0,0,20,0,16,2,0,2,0,3,41,0,0,0,0,5,15,10,1,2,8761.2,2299,3711.3,2114.1,468.7,168.2,175,41,29.3,5,3,4,3,0,33.33333333
6,C,JAPAN,AFC,ZAMBIA,5?€0,WIN,11,3_4_3,MF,STARTING,63,50,79%,0,7,4,20,14,70%,3,3,0,2,1,44,9,0,1,0,20,14,16,3,0,2,1,3,5,1,0,2,4,3,19,2,2,6,9878.7,2898.4,3898.1,2290.9,524.6,266.7,177,46,29.5,5,3,4,3,0,57.14285714
6,C,JAPAN,AFC,ZAMBIA,5?€0,WIN,11,3_4_3,MF,STARTING,76,61,80%,0,1,0,19,15,78%,1,0,1,1,0,94,53,25,2,5,6,3,32,5,2,4,0,9,21,0,0,0,5,17,53,15,5,7,12821.1,3155.3,5511.8,3633.5,460.3,59,260,34,28.9,5,3,4,3,40,0
6,C,JAPAN,AFC,ZAMBIA,5?€0,WIN,11,3_4_3,FW,STARTING,24,21,88%,0,6,2,7,5,71%,2,1,1,5,0,47,3,11,5,1,23,4,13,3,3,3,0,4,19,0,0,0,1,10,20,12,6,0,10025.8,2582.6,4100.5,2413.2,678.7,250.6,199,60,29.8,5,3,4,3,100,33.33333333
6,C,JAPAN,AFC,ZAMBIA,5?€0,WIN,11,3_4_3,DF,STARTING,59,45,76%,0,0,0,17,11,64%,2,0,2,0,0,22,5,0,0,0,0,17,18,2,0,3,1,3,2,1,0,1,9,9,11,2,8,8,10236.7,3678,4295.3,1904,310.2,49.1,182,22,25.9,5,3,4,3,0,0
6,C,JAPAN,AFC,ZAMBIA,5?€0,WIN,11,3_4_3,DF,Substitutions,0,0,0,0,0,0,0,0,0,0,0,0,0,0,0,0,0,0,0,0,0,0,0,0,0,0,0,0,0,0,0,0,0,0,0,0,0,0,0,0,0,0,0,0,0,0,5,3,4,3,0,0
6,C,JAPAN,AFC,ZAMBIA,5?€0,WIN,11,3_4_3,MF,Substitutions,0,0,0,0,0,0,0,0,0,0,0,0,0,0,0,0,0,0,0,0,0,0,0,0,0,0,0,0,0,0,0,0,0,0,0,0,0,0,0,0,0,0,0,0,0,0,5,3,4,3,0,0
6,C,JAPAN,AFC,ZAMBIA,5?€0,WIN,11,3_4_3,MF,Substitutions,10,8,80%,0,2,2,4,2,50%,0,0,0,0,0,8,0,1,0,0,5,2,3,2,0,0,1,3,11,0,0,0,0,2,12,10,1,0,2755.7,771.3,1011.9,752.9,158.2,61.7,61,14,29,5,3,4,3,0,100
6,C,JAPAN,AFC,ZAMBIA,5?€0,WIN,11,3_4_3,FW,Substitutions,6,6,100%,0,1,0,1,1,100%,1,0,1,4,1,23,0,6,0,0,17,0,8,1,0,0,0,1,20,3,0,3,0,2,8,5,2,0,3966.3,1244.2,1393,761.1,381.6,186.4,72,34,30,5,3,4,3,0,0
6,C,JAPAN,AFC,ZAMBIA,5?€0,WIN,11,3_4_3,DF,Substitutions,0,0,0,0,0,0,0,0,0,0,0,0,0,0,0,0,0,0,0,0,0,0,0,0,0,0,0,0,0,0,0,0,0,0,0,0,0,0,0,0,0,0,0,0,0,0,5,3,4,3,0,0
6,C,JAPAN,AFC,ZAMBIA,5?€0,WIN,11,3_4_3,MF,Substitutions,0,0,0,0,0,0,0,0,0,0,0,0,0,0,0,0,0,0,0,0,0,0,0,0,0,0,0,0,0,0,0,0,0,0,0,0,0,0,0,0,0,0,0,0,0,0,5,3,4,3,0,0
6,C,JAPAN,AFC,ZAMBIA,5?€0,WIN,11,3_4_3,MF,Substitutions,14,12,86%,0,0,0,4,2,50%,0,0,0,1,0,11,2,1,0,0,5,3,5,1,0,0,0,1,4,0,0,0,1,2,7,2,0,1,2504.8,764.7,859.7,614.2,115,151.3,51,14,30.8,5,3,4,3,0,0
6,C,JAPAN,AFC,ZAMBIA,5?€0,WIN,11,3_4_3,GK,Substitutions,0,0,0,0,0,0,0,0,0,0,0,0,0,0,0,0,0,0,0,0,0,0,0,0,0,0,0,0,0,0,0,0,0,0,0,0,0,0,0,0,0,0,0,0,0,0,5,3,4,3,0,0
6,C,JAPAN,AFC,ZAMBIA,5?€0,WIN,11,3_4_3,DF,Substitutions,0,0,0,0,0,0,0,0,0,0,0,0,0,0,0,0,0,0,0,0,0,0,0,0,0,0,0,0,0,0,0,0,0,0,0,0,0,0,0,0,0,0,0,0,0,0,5,3,4,3,0,0
6,C,JAPAN,AFC,ZAMBIA,5?€0,WIN,11,3_4_3,FW,Substitutions,0,0,0,0,0,0,0,0,0,0,0,0,0,0,0,0,0,0,0,0,0,0,0,0,0,0,0,0,0,0,0,0,0,0,0,0,0,0,0,0,0,0,0,0,0,0,5,3,4,3,0,0
6,C,JAPAN,AFC,ZAMBIA,5?€0,WIN,11,3_4_3,GK,Substitutions,0,0,0,0,0,0,0,0,0,0,0,0,0,0,0,0,0,0,0,0,0,0,0,0,0,0,0,0,0,0,0,0,0,0,0,0,0,0,0,0,0,0,0,0,0,0,5,3,4,3,0,0
6,C,JAPAN,AFC,ZAMBIA,5?€0,WIN,11,3_4_3,DF,Substitutions,3,3,100%,0,0,0,1,1,100%,0,0,0,2,0,9,0,2,0,0,7,0,3,0,0,1,0,0,3,0,0,0,0,0,4,2,0,1,806,218.2,255.7,189.4,67.1,75.8,15,8,28.3,5,3,4,3,0,0
5,C,SPAIN,UEFA,COSTARICA,3?€0,WIN,6,4_3_2_1,GK,STARTING,13,11,85%,0,0,0,5,3,60%,0,0,0,0,0,5,0,0,0,0,0,5,2,0,0,0,0,0,0,0,0,0,0,1,0,0,0,0,4724.4,3898.6,736.5,78.9,10.9,0,9,2,23.1,3,4,5,1,0,0
5,C,SPAIN,UEFA,COSTARICA,3?€0,WIN,6,4_3_2_1,DF,STARTING,74,65,88%,0,8,5,17,14,82%,2,0,2,0,0,43,10,4,0,0,6,23,24,0,0,0,0,0,0,0,0,0,0,1,0,0,0,0,9492.3,3040.4,2786,2454.7,771.7,440.4,200,70,31.1,3,4,5,1,0,62.5
5,C,SPAIN,UEFA,COSTARICA,3?€0,WIN,6,4_3_2_1,MF,STARTING,74,69,93%,0,23,15,25,18,72%,5,0,5,2,0,49,18,8,0,1,1,21,19,0,0,0,0,0,0,0,0,0,0,1,0,0,0,0,9631,2460.7,4081.6,2749.7,262.9,76.1,183,20,30.8,3,4,5,1,0,65.2173913
5,C,SPAIN,UEFA,COSTARICA,3?€0,WIN,6,4_3_2_1,DF,STARTING,67,61,91%,1,1,0,15,9,60%,2,0,2,3,0,6,2,0,0,0,0,4,4,0,0,0,0,0,0,0,0,0,0,1,0,0,0,0,10479,3438.1,3562.8,2697.3,625.6,155.1,213,54,30.1,3,4,5,1,0,0
5,C,SPAIN,UEFA,COSTARICA,3?€0,WIN,6,4_3_2_1,DF,STARTING,55,50,91%,1,1,0,11,7,63%,2,0,2,4,0,14,0,1,0,0,1,12,7,0,0,0,0,0,0,0,0,0,0,1,0,0,0,0,9922.7,3450.1,3506.7,2343.7,472.3,149.8,184,36,32.7,3,4,5,1,0,0
5,C,SPAIN,UEFA,COSTARICA,3?€0,WIN,6,4_3_2_1,MF,STARTING,63,57,90%,0,4,0,20,18,90%,5,0,5,7,1,109,33,45,3,5,17,6,38,0,0,0,0,0,0,0,0,0,0,1,0,0,0,0,10858.6,3804.8,3430.2,2651.7,527.7,445.2,224,55,32.7,3,4,5,1,0,0
5,C,SPAIN,UEFA,COSTARICA,3?€0,WIN,6,4_3_2_1,FW,STARTING,10,7,70%,0,1,0,1,1,100%,0,0,0,9,1,74,1,27,0,0,45,1,8,0,0,0,0,0,0,0,0,0,0,1,0,0,0,0,6446,2408.2,2223.9,1259.6,405.5,148.9,128,35,32.7,3,4,5,1,0,0
5,C,SPAIN,UEFA,COSTARICA,3?€0,WIN,6,4_3_2_1,MF,STARTING,49,43,88%,0,4,2,20,18,90%,3,2,1,6,0,59,18,12,0,1,21,7,25,0,0,0,0,0,0,0,0,0,0,1,0,0,0,0,10663.1,3616.9,3930.4,2558.1,488.4,70.4,206,41,28.6,3,4,5,1,0,50
5,C,SPAIN,UEFA,COSTARICA,3?€0,WIN,6,4_3_2_1,FW,STARTING,24,20,83%,0,5,1,5,2,40%,6,3,3,5,0,46,1,10,4,2,20,9,13,0,0,0,0,0,0,0,0,0,0,1,0,0,0,0,8544.8,2889,2930,1895.2,537.5,292.2,193,54,28.6,3,4,5,1,0,20
5,C,SPAIN,UEFA,COSTARICA,3?€0,WIN,6,4_3_2_1,DF,STARTING,63,57,90%,0,11,4,13,9,69%,6,2,4,5,0,47,14,3,0,0,5,25,12,0,0,0,0,0,0,0,0,0,0,1,0,0,0,0,10830.3,3188.4,3893.5,2768.2,632.5,348.7,231,59,31.9,3,4,5,1,0,36.36363636
5,C,SPAIN,UEFA,COSTARICA,3?€0,WIN,6,4_3_2_1,FW,STARTING,20,18,90%,0,6,2,7,5,71%,6,3,3,2,0,68,2,13,0,1,33,19,19,0,0,0,0,0,0,0,0,0,0,1,0,0,0,0,7521.4,2387.3,2681.4,1790.9,493.4,169.2,148,45,31.4,3,4,5,1,0,33.33333333
5,C,SPAIN,UEFA,COSTARICA,3?€0,WIN,6,4_3_2_1,MF,Substitutions,0,0,0,0,0,0,0,0,0,0,0,0,0,0,0,0,0,0,0,0,0,0,0,0,0,0,0,0,0,0,0,0,0,0,0,0,0,0,0,0,0,0,0,0,0,0,3,4,5,1,0,0
5,C,SPAIN,UEFA,COSTARICA,3?€0,WIN,6,4_3_2_1,FW,Substitutions,22,21,95%,0,2,0,4,4,100%,1,1,0,1,0,30,4,5,1,2,12,6,9,1,0,0,0,1,2,0,0,0,0,4,3,1,0,1,3547.7,1202,1129.9,896.1,234.1,85.5,71,21,28.3,3,4,5,1,0,0
5,C,SPAIN,UEFA,COSTARICA,3?€0,WIN,6,4_3_2_1,MF,Substitutions,17,15,88%,0,0,0,6,5,83%,1,1,0,1,0,18,8,6,0,0,1,3,8,0,0,0,0,0,2,0,0,0,0,3,3,0,0,0,2127,683.8,818.7,429,140.4,55.1,32,10,28.1,3,4,5,1,0,0
5,C,SPAIN,UEFA,COSTARICA,3?€0,WIN,6,4_3_2_1,DF,Substitutions,6,6,100%,0,2,0,0,0,0,0,0,0,0,0,1,0,0,0,0,1,0,1,0,0,1,0,0,1,0,0,0,0,1,0,0,1,0,1058,325,386.2,179.6,88.7,78.5,17,6,28,3,4,5,1,0,0
5,C,SPAIN,UEFA,COSTARICA,3?€0,WIN,6,4_3_2_1,GK,Substitutions,0,0,0,0,0,0,0,0,0,0,0,0,0,0,0,0,0,0,0,0,0,0,0,0,0,0,0,0,0,0,0,0,0,0,0,0,0,0,0,0,0,0,0,0,0,0,3,4,5,1,0,0
5,C,SPAIN,UEFA,COSTARICA,3?€0,WIN,6,4_3_2_1,DF,Substitutions,0,0,0,0,0,0,0,0,0,0,0,0,0,0,0,0,0,0,0,0,0,0,0,0,0,0,0,0,0,0,0,0,0,0,0,0,0,0,0,0,0,0,0,0,0,0,3,4,5,1,0,0
5,C,SPAIN,UEFA,COSTARICA,3?€0,WIN,6,4_3_2_1,FW,Substitutions,0,0,0,0,0,0,0,0,0,0,0,0,0,0,0,0,0,0,0,0,0,0,0,0,0,0,0,0,0,0,0,0,0,0,0,0,0,0,0,0,0,0,0,0,0,0,3,4,5,1,0,0
5,C,SPAIN,UEFA,COSTARICA,3?€0,WIN,6,4_3_2_1,MF,Substitutions,0,0,0,0,0,0,0,0,0,0,0,0,0,0,0,0,0,0,0,0,0,0,0,0,0,0,0,0,0,0,0,0,0,0,0,0,0,0,0,0,0,0,0,0,0,0,3,4,5,1,0,0
5,C,SPAIN,UEFA,COSTARICA,3?€0,WIN,6,4_3_2_1,FW,Substitutions,7,7,100%,0,1,0,2,2,100%,0,0,0,1,0,28,1,5,0,2,18,2,5,1,1,1,0,1,3,1,0,1,0,3,4,2,2,0,3613.5,1225.3,1217.7,813.8,255.1,101.5,75,21,29.4,3,4,5,1,100,0
5,C,SPAIN,UEFA,COSTARICA,3?€0,WIN,6,4_3_2_1,DF,Substitutions,0,0,0,0,0,0,0,0,0,0,0,0,0,0,0,0,0,0,0,0,0,0,0,0,0,0,0,0,0,0,0,0,0,0,0,0,0,0,0,0,0,0,0,0,0,0,3,4,5,1,0,0
5,C,SPAIN,UEFA,COSTARICA,3?€0,WIN,6,4_3_2_1,MF,Substitutions,17,14,82%,1,1,0,10,8,80%,0,0,0,0,0,10,7,1,0,0,0,2,5,0,0,0,0,0,0,2,0,2,1,2,0,0,3,1,2340.6,647.6,911.2,696.8,85,0,41,6,23.2,3,4,5,1,0,0
5,C,SPAIN,UEFA,COSTARICA,3?€0,WIN,6,4_3_2_1,GK,Substitutions,0,0,0,0,0,0,0,0,0,0,0,0,0,0,0,0,0,0,0,0,0,0,0,0,0,0,0,0,0,0,0,0,0,0,0,0,0,0,0,0,0,0,0,0,0,0,3,4,5,1,0,0
37,C,SPAIN,UEFA,JAPAN,0?€4,LOSE,6,4_3_3,GK,STARTING,18,18,100%,0,0,0,1,1,100%,0,0,0,0,0,2,0,0,0,0,0,2,1,0,0,0,0,0,0,0,0,0,0,4,0,0,3,0,4038.1,3231.7,660.6,125.6,19.8,0,16,2,20.6,0,4,3,3,0,0
37,C,SPAIN,UEFA,JAPAN,0?€4,LOSE,6,4_3_3,DF,STARTING,125,114,91%,0,4,2,23,18,78%,6,0,6,1,0,101,46,3,0,0,23,29,46,6,2,7,3,7,13,2,2,6,4,13,17,9,8,7,10523.4,3292.8,4091.5,2151,725.1,263.1,214,65,27.6,0,4,3,3,33.33333333,50
37,C,SPAIN,UEFA,JAPAN,0?€4,LOSE,6,4_3_3,MF,STARTING,122,115,94%,1,1,0,26,20,76%,0,0,0,1,0,98,78,8,0,0,0,12,35,3,2,1,0,9,15,1,0,1,1,13,18,7,3,1,9354,2346,4597.5,2103.7,197.4,108.5,170,20,27.1,0,4,3,3,66.66666667,0
37,C,SPAIN,UEFA,JAPAN,0?€4,LOSE,6,4_3_3,DF,STARTING,132,120,91%,0,3,0,26,17,65%,1,0,1,0,0,4,1,0,0,0,0,3,1,1,1,2,3,1,4,6,0,8,4,4,3,1,11,3,10304.9,3330.5,3994.2,2285.6,554.4,140.1,196,45,29.5,0,4,3,3,100,0
37,C,SPAIN,UEFA,JAPAN,0?€4,LOSE,6,4_3_3,MF,STARTING,84,74,88%,0,1,0,13,9,69%,0,0,0,1,0,151,88,38,3,3,17,2,56,3,1,2,0,9,18,2,0,3,0,8,20,10,3,1,11285.6,3614.8,4486,2670.2,414.2,99.3,234,34,27.7,0,4,3,3,33.33333333,0
37,C,SPAIN,UEFA,JAPAN,0?€4,LOSE,6,4_3_3,FW,STARTING,63,56,89%,0,1,1,20,15,75%,0,0,0,0,0,98,46,21,3,3,13,12,27,1,0,2,0,2,6,2,0,2,0,6,11,5,1,1,7257.9,2327.6,2919.1,1737.5,221.4,52.3,149,22,28.2,0,4,3,3,0,100
37,C,SPAIN,UEFA,JAPAN,0?€4,LOSE,6,4_3_3,FW,STARTING,66,58,88%,0,1,1,10,8,80%,2,0,2,2,0,69,37,17,0,2,9,4,25,3,1,0,0,3,15,1,0,2,0,11,11,2,2,1,10934.6,3460.8,4781.7,2453.7,237.3,0,202,22,27.7,0,4,3,3,33.33333333,100
37,C,SPAIN,UEFA,JAPAN,0?€4,LOSE,6,4_3_3,MF,STARTING,55,49,89%,0,0,0,8,7,87%,1,1,0,1,0,94,44,38,2,1,9,0,26,1,1,1,1,1,6,0,0,0,1,8,13,1,3,1,6772.3,2317.5,3137.6,1187.2,113.8,16.3,105,10,25,0,4,3,3,100,0
37,C,SPAIN,UEFA,JAPAN,0?€4,LOSE,6,4_3_3,FW,STARTING,32,26,81%,0,2,0,2,2,100%,7,6,1,2,0,70,7,9,2,3,29,20,23,2,1,2,0,8,10,0,0,1,0,4,8,2,1,2,8989.8,2959.4,3465.6,1892.4,428.8,243.6,174,44,30,0,4,3,3,50,0
37,C,SPAIN,UEFA,JAPAN,0?€4,LOSE,6,4_3_3,DF,STARTING,36,33,92%,1,1,0,6,4,66%,3,1,2,1,0,47,18,3,1,0,6,19,12,1,0,1,1,1,7,0,0,0,0,4,6,2,1,1,5269.1,1624.5,2108.7,1184.5,246.6,104.9,103,24,30.9,0,4,3,3,0,0
37,C,SPAIN,UEFA,JAPAN,0?€4,LOSE,6,4_3_3,DF,STARTING,107,103,96%,0,1,1,11,10,90%,8,0,8,0,0,26,1,0,0,0,0,25,12,2,0,5,1,6,3,2,0,2,4,9,33,4,4,5,9730.3,3393.9,4214.2,1588,397,137.2,142,33,29.8,0,4,3,3,0,100
37,C,SPAIN,UEFA,JAPAN,0?€4,LOSE,6,4_3_3,DF,Substitutions,0,0,0,0,0,0,0,0,0,0,0,0,0,0,0,0,0,0,0,0,0,0,0,0,0,0,0,0,0,0,0,0,0,0,0,0,0,0,0,0,0,0,0,0,0,0,0,4,3,3,0,0
37,C,SPAIN,UEFA,JAPAN,0?€4,LOSE,6,4_3_3,MF,Substitutions,0,0,0,0,0,0,0,0,0,0,0,0,0,0,0,0,0,0,0,0,0,0,0,0,0,0,0,0,0,0,0,0,0,0,0,0,0,0,0,0,0,0,0,0,0,0,0,4,3,3,0,0
37,C,SPAIN,UEFA,JAPAN,0?€4,LOSE,6,4_3_3,FW,Substitutions,2,2,100%,0,0,0,0,0,0%,0,0,0,1,0,8,0,2,0,0,5,1,1,0,0,0,0,0,3,1,0,1,0,0,0,0,0,0,1458.9,318.3,494.1,430.4,199,16.9,36,14,26.2,0,4,3,3,0,0
37,C,SPAIN,UEFA,JAPAN,0?€4,LOSE,6,4_3_3,DF,Substitutions,40,36,90%,0,3,2,6,4,66%,2,2,0,0,0,30,11,3,0,0,5,11,12,2,1,1,0,1,8,0,0,0,1,8,7,3,1,1,5453.5,1854.7,2024.3,1165.4,242.7,165.8,115,22,30.4,0,4,3,3,50,66.66666667
37,C,SPAIN,UEFA,JAPAN,0?€4,LOSE,6,4_3_3,GK,Substitutions,0,0,0,0,0,0,0,0,0,0,0,0,0,0,0,0,0,0,0,0,0,0,0,0,0,0,0,0,0,0,0,0,0,0,0,0,0,0,0,0,0,0,0,0,0,0,0,4,3,3,0,0
37,C,SPAIN,UEFA,JAPAN,0?€4,LOSE,6,4_3_3,DF,Substitutions,0,0,0,0,0,0,0,0,0,0,0,0,0,0,0,0,0,0,0,0,0,0,0,0,0,0,0,0,0,0,0,0,0,0,0,0,0,0,0,0,0,0,0,0,0,0,0,4,3,3,0,0
37,C,SPAIN,UEFA,JAPAN,0?€4,LOSE,6,4_3_3,FW,Substitutions,14,10,71%,0,1,0,2,0,0%,0,0,0,0,0,24,4,6,1,0,5,8,5,1,0,0,0,2,3,0,0,0,0,3,6,2,0,0,3537.2,1113.2,1371,760.9,165.9,125.9,61,16,29.1,0,4,3,3,0,0
37,C,SPAIN,UEFA,JAPAN,0?€4,LOSE,6,4_3_3,MF,Substitutions,0,0,0,0,0,0,0,0,0,0,0,0,0,0,0,0,0,0,0,0,0,0,0,0,0,0,0,0,0,0,0,0,0,0,0,0,0,0,0,0,0,0,0,0,0,0,0,4,3,3,0,0
37,C,SPAIN,UEFA,JAPAN,0?€4,LOSE,6,4_3_3,FW,Substitutions,4,2,50%,0,0,0,0,0,0%,0,0,0,0,0,30,0,12,0,2,13,3,3,0,0,0,0,1,5,1,0,1,0,2,5,2,1,0,3564.9,963.2,1588.9,862,94.8,56.3,71,12,28.1,0,4,3,3,0,0
37,C,SPAIN,UEFA,JAPAN,0?€4,LOSE,6,4_3_3,MF,Substitutions,25,18,72%,0,2,0,5,2,40%,0,0,0,0,0,22,14,1,0,0,0,7,8,0,0,1,1,2,9,0,0,0,0,1,2,2,1,1,2609.6,667.3,1207.2,611.7,123.7,0,42,6,25.1,0,4,3,3,0,0
37,C,SPAIN,UEFA,JAPAN,0?€4,LOSE,6,4_3_3,FW,Substitutions,0,0,0,0,0,0,0,0,0,0,0,0,0,0,0,0,0,0,0,0,0,0,0,0,0,0,0,0,0,0,0,0,0,0,0,0,0,0,0,0,0,0,0,0,0,0,0,4,3,3,0,0
37,C,SPAIN,UEFA,JAPAN,0?€4,LOSE,6,4_3_3,GK,Substitutions,0,0,0,0,0,0,0,0,0,0,0,0,0,0,0,0,0,0,0,0,0,0,0,0,0,0,0,0,0,0,0,0,0,0,0,0,0,0,0,0,0,0,0,0,0,0,0,4,3,3,0,0
20,C,SPAIN,UEFA,ZAMBIA,5?€0,WIN,6,4_3_3,GK,STARTING,27,27,100%,0,0,0,1,1,100%,0,0,0,0,0,6,0,0,0,0,0,6,3,0,0,0,0,0,0,0,0,0,0,3,0,0,5,0,4491.4,3541,766.2,163.9,20.2,0,19,2,21,5,4,3,3,0,0
20,C,SPAIN,UEFA,ZAMBIA,5?€0,WIN,6,4_3_3,DF,STARTING,38,37,97%,0,2,1,11,11,100%,1,1,0,0,0,19,8,0,0,0,8,3,7,3,1,2,1,3,4,0,0,1,2,8,4,2,2,2,5824.4,1579,2341.4,1299.4,397.2,207.3,121,33,31.2,5,4,3,3,33.33333333,50
20,C,SPAIN,UEFA,ZAMBIA,5?€0,WIN,6,4_3_3,MF,STARTING,106,96,91%,3,5,1,23,17,73%,1,0,1,2,1,153,108,32,0,2,1,10,53,3,1,2,1,6,10,7,1,8,8,16,21,4,9,9,12256.6,3125.4,5707.9,2794.5,498.8,128.7,208,34,30.8,5,4,3,3,33.33333333,20
20,C,SPAIN,UEFA,ZAMBIA,5?€0,WIN,6,4_3_3,DF,STARTING,72,68,94%,0,0,0,17,14,82%,0,0,0,1,0,38,7,0,0,0,0,31,21,4,1,2,0,5,2,1,0,1,9,9,4,1,5,5,10581.4,3300.4,3688.7,2518.4,644.4,429.6,208,52,30.5,5,4,3,3,25,0
20,C,SPAIN,UEFA,ZAMBIA,5?€0,WIN,6,4_3_3,DF,STARTING,66,61,92%,3,0,0,20,18,90%,5,0,5,0,0,9,2,0,0,0,0,7,4,0,0,4,1,5,2,0,0,0,9,6,8,1,4,7,9981.8,3368.8,3597.4,2285.8,573,156.7,193,41,31,5,4,3,3,0,0
20,C,SPAIN,UEFA,ZAMBIA,5?€0,WIN,6,4_3_3,MF,STARTING,39,34,87%,0,1,0,7,6,85%,1,0,1,3,0,78,17,26,5,5,20,5,25,1,0,2,0,4,6,1,0,1,0,7,10,4,0,3,7981.6,2298.7,3030.6,2171.8,389.5,90.2,158,36,28.9,5,4,3,3,0,0
20,C,SPAIN,UEFA,ZAMBIA,5?€0,WIN,6,4_3_3,MF,STARTING,81,74,91%,0,3,1,21,18,85%,2,2,0,1,0,101,30,14,12,4,24,17,44,5,2,2,0,11,10,1,0,1,1,7,17,11,2,2,9928.9,3148.5,3562.5,2445.5,598.7,173.8,214,52,28.4,5,4,3,3,40,33.33333333
20,C,SPAIN,UEFA,ZAMBIA,5?€0,WIN,6,4_3_3,FW,STARTING,71,65,92%,0,1,0,18,15,83%,3,2,1,5,2,76,25,20,0,9,14,8,22,4,1,3,0,6,24,1,0,1,1,9,16,5,3,3,11741,3808.8,4300.7,3050.3,483.7,97.4,249,43,27.4,5,4,3,3,25,0
20,C,SPAIN,UEFA,ZAMBIA,5?€0,WIN,6,4_3_3,MF,STARTING,43,37,86%,0,3,1,14,10,71%,2,1,1,1,0,31,10,12,0,0,8,1,14,1,0,3,1,1,8,1,0,2,0,7,2,1,3,2,5614.9,1635.1,2614.9,1151.1,213.4,0,93,19,24.2,5,4,3,3,0,33.33333333
20,C,SPAIN,UEFA,ZAMBIA,5?€0,WIN,6,4_3_3,FW,STARTING,25,19,76%,1,1,0,4,2,50%,8,7,1,1,0,26,1,1,3,0,17,4,7,3,1,2,1,4,9,1,0,1,0,7,8,2,2,1,5754.5,1838.6,2279.4,1116.4,394.8,124.9,101,38,28.7,5,4,3,3,33.33333333,0
20,C,SPAIN,UEFA,ZAMBIA,5?€0,WIN,6,4_3_3,DF,STARTING,72,65,90%,0,6,3,17,14,82%,2,1,1,1,0,44,7,2,1,2,16,16,16,5,2,5,1,7,6,2,0,2,8,7,8,4,5,10,11515.5,3401.7,4167.5,3025.1,600,321.3,246,53,30.1,5,4,3,3,40,50
20,C,SPAIN,UEFA,ZAMBIA,5?€0,WIN,6,4_3_3,MF,Substitutions,29,27,93%,0,3,2,6,5,83%,0,0,0,2,0,35,11,12,3,1,4,4,13,2,0,2,0,2,4,0,0,1,2,2,6,1,1,4,4708.9,1167.8,1759.7,1303.9,300.4,177.1,110,23,27.4,5,4,3,3,0,66.66666667
20,C,SPAIN,UEFA,ZAMBIA,5?€0,WIN,6,4_3_3,FW,Substitutions,0,0,0,0,0,0,0,0,0,0,0,0,0,0,0,0,0,0,0,0,0,0,0,0,0,0,0,0,0,0,0,0,0,0,0,0,0,0,0,0,0,0,0,0,0,0,5,4,3,3,0,0
20,C,SPAIN,UEFA,ZAMBIA,5?€0,WIN,6,4_3_3,FW,Substitutions,42,38,90%,1,2,1,16,14,87%,3,1,2,0,0,11,1,1,0,0,4,5,5,5,1,1,1,3,3,0,0,1,3,6,1,0,4,7,5772.8,1787.2,2186.1,1309.8,351,139.1,113,29,28.8,5,4,3,3,20,50
20,C,SPAIN,UEFA,ZAMBIA,5?€0,WIN,6,4_3_3,GK,Substitutions,0,0,0,0,0,0,0,0,0,0,0,0,0,0,0,0,0,0,0,0,0,0,0,0,0,0,0,0,0,0,0,0,0,0,0,0,0,0,0,0,0,0,0,0,0,0,5,4,3,3,0,0
20,C,SPAIN,UEFA,ZAMBIA,5?€0,WIN,6,4_3_3,DF,Substitutions,0,0,0,0,0,0,0,0,0,0,0,0,0,0,0,0,0,0,0,0,0,0,0,0,0,0,0,0,0,0,0,0,0,0,0,0,0,0,0,0,0,0,0,0,0,0,5,4,3,3,0,0
20,C,SPAIN,UEFA,ZAMBIA,5?€0,WIN,6,4_3_3,FW,Substitutions,27,20,74%,0,7,3,7,5,71%,0,0,0,1,0,49,3,4,1,2,27,12,19,0,1,0,3,7,0,0,0,0,4,13,6,0,0,0,5974.3,2038.4,2123.9,1165.6,324.4,322,100,33,31,5,4,3,3,0,42.85714286
20,C,SPAIN,UEFA,ZAMBIA,5?€0,WIN,6,4_3_3,MF,Substitutions,0,0,0,0,0,0,0,0,0,0,0,0,0,0,0,0,0,0,0,0,0,0,0,0,0,0,0,0,0,0,0,0,0,0,0,0,0,0,0,0,0,0,0,0,0,0,5,4,3,3,0,0
20,C,SPAIN,UEFA,ZAMBIA,5?€0,WIN,6,4_3_3,FW,Substitutions,7,5,71%,0,3,1,1,1,100%,2,2,0,4,2,32,3,5,1,1,20,2,10,0,0,2,0,1,9,1,1,2,0,3,6,3,3,1,5689.9,1842.4,1977.8,1274,425,170.7,109,34,27.6,5,4,3,3,0,33.33333333
20,C,SPAIN,UEFA,ZAMBIA,5?€0,WIN,6,4_3_3,DF,Substitutions,0,0,0,0,0,0,0,0,0,0,0,0,0,0,0,0,0,0,0,0,0,0,0,0,0,0,0,0,0,0,0,0,0,0,0,0,0,0,0,0,0,0,0,0,0,0,5,4,3,3,0,0
20,C,SPAIN,UEFA,ZAMBIA,5?€0,WIN,6,4_3_3,MF,Substitutions,0,0,0,0,0,0,0,0,0,0,0,0,0,0,0,0,0,0,0,0,0,0,0,0,0,0,0,0,0,0,0,0,0,0,0,0,0,0,0,0,0,0,0,0,0,0,5,4,3,3,0,0
20,C,SPAIN,UEFA,ZAMBIA,5?€0,WIN,6,4_3_3,FW,Substitutions,3,1,33%,0,0,0,1,0,0%,2,1,1,0,0,9,0,0,0,1,6,2,0,1,0,0,0,1,6,0,0,0,0,3,5,3,0,0,1370.9,388.7,455.8,304.1,140.8,81.7,29,11,29.7,5,4,3,3,0,0
20,C,SPAIN,UEFA,ZAMBIA,5?€0,WIN,6,4_3_3,GK,Substitutions,0,0,0,0,0,0,0,0,0,0,0,0,0,0,0,0,0,0,0,0,0,0,0,0,0,0,0,0,0,0,0,0,0,0,0,0,0,0,0,0,0,0,0,0,0,0,5,4,3,3,0,0
38,C,ZAMBIA,CAF,COSTARICA,3?€1,WIN,77,4_1_4_1,GK,STARTING,21,18,0.86,0,0,0,5,2,0.4,0,0,0,0,0,0,0,0,0,0,0,0,0,0,0,0,0,0,0,0,0,0,0,2,0,0,8,0,3760.5,3028,488.1,174.1,69.9,0,20,8,26.9,3,4,5,1,0,0
38,C,ZAMBIA,CAF,COSTARICA,3?€1,WIN,77,4_1_4_1,DF,STARTING,33,18,0.55,0,0,0,22,8,0.36,0,0,0,1,1,4,0,0,0,0,0,4,3,0,0,4,0,2,2,3,0,3,10,5,4,1,4,8,8483.2,3130.3,3512.9,1472.7,288.4,78.9,127,27,29.3,3,4,5,1,0,0
38,C,ZAMBIA,CAF,COSTARICA,3?€1,WIN,77,4_1_4_1,MF,STARTING,23,18,0.78,0,4,0,6,3,0.5,0,0,0,1,0,23,13,9,0,0,0,1,4,2,0,1,0,6,24,1,0,1,4,9,29,9,3,4,10298.7,2976.3,4569.6,2520.1,223.5,8.2,189,17,24.6,3,4,5,1,0,0
38,C,ZAMBIA,CAF,COSTARICA,3?€1,WIN,77,4_1_4_1,DF,STARTING,46,25,0.54,0,2,0,26,14,0.53,1,0,1,0,0,17,8,1,0,0,0,8,8,3,0,4,6,2,7,4,0,5,6,11,8,5,12,7,8865.7,3489.5,2815.7,1773.1,474.3,313,160,48,30.4,3,4,5,1,0,0
38,C,ZAMBIA,CAF,COSTARICA,3?€1,WIN,77,4_1_4_1,FW,STARTING,15,12,0.8,0,6,1,9,6,0.66,9,3,6,5,1,21,1,5,1,0,14,0,5,3,1,1,0,4,26,1,0,1,0,7,17,8,2,0,9948.4,3747.6,2842.3,1908.1,777,673.5,171,73,32.6,3,4,5,1,33.33333333,16.66666667
38,C,ZAMBIA,CAF,COSTARICA,3?€1,WIN,77,4_1_4_1,MF,STARTING,19,12,0.63,0,1,1,5,3,0.6,1,0,1,0,0,58,8,38,2,2,2,6,11,6,1,3,0,9,19,1,0,1,0,4,49,10,3,4,8191.6,2160.1,3196.4,2231.4,544.7,59,175,38,27.8,3,4,5,1,16.66666667,100
38,C,ZAMBIA,CAF,COSTARICA,3?€1,WIN,77,4_1_4_1,DF,STARTING,41,26,0.63,0,0,0,16,11,0.68,2,1,1,1,0,12,0,0,1,1,0,10,11,5,2,5,1,5,11,0,0,0,10,8,12,4,7,9,8969.8,3299.1,3554.7,1502.4,480.8,132.8,141,37,27,3,4,5,1,40,0
38,C,ZAMBIA,CAF,COSTARICA,3?€1,WIN,77,4_1_4_1,DF,STARTING,18,14,0.78,0,0,0,8,5,0.62,0,0,0,0,0,2,0,0,0,0,0,2,1,1,0,3,0,1,2,0,0,0,4,4,3,0,5,2,8221.3,3330.5,3410.2,1225,194,60.8,126,13,27.5,3,4,5,1,0,0
38,C,ZAMBIA,CAF,COSTARICA,3?€1,WIN,77,4_1_4_1,FW,STARTING,23,16,0.7,1,1,0,17,12,0.7,8,6,2,5,1,17,1,3,1,2,6,4,7,7,1,6,0,14,24,1,0,1,1,13,15,11,4,5,11467.4,3558.3,4245.2,2435.7,743.1,483.9,196,66,31,3,4,5,1,14.28571429,0
38,C,ZAMBIA,CAF,COSTARICA,3?€1,WIN,77,4_1_4_1,MF,STARTING,11,5,0.45,0,0,0,5,1,0.2,0,0,0,2,0,14,1,9,2,1,1,0,3,8,2,2,0,10,20,1,0,4,2,6,23,8,3,3,10526.7,3437,3560.1,2846.4,605.3,77.9,210,54,27.4,3,4,5,1,25,0
38,C,ZAMBIA,CAF,COSTARICA,3?€1,WIN,77,4_1_4_1,FW,STARTING,17,10,0.59,0,3,2,5,3,0.6,3,0,3,1,0,14,4,1,0,0,2,7,2,4,2,1,0,5,24,0,0,0,3,5,26,11,2,3,9066.6,2626.6,3651.1,2167.8,478.7,142.3,161,40,28.2,3,4,5,1,50,66.66666667
38,C,ZAMBIA,CAF,COSTARICA,3?€1,WIN,77,4_1_4_1,DF,Substitutions,0,0,0,0,0,0,0,0,0,0,0,0,0,0,0,0,0,0,0,0,0,0,0,0,0,0,0,0,0,0,0,0,0,0,0,0,0,0,0,0,0,0,0,0,0,0,3,4,5,1,0,0
38,C,ZAMBIA,CAF,COSTARICA,3?€1,WIN,77,4_1_4_1,DF,Substitutions,0,0,0,0,0,0,0,0,0,0,0,0,0,0,0,0,0,0,0,0,0,0,0,0,0,0,0,0,0,0,0,0,0,0,0,0,0,0,0,0,0,0,0,0,0,0,3,4,5,1,0,0
38,C,ZAMBIA,CAF,COSTARICA,3?€1,WIN,77,4_1_4_1,MF,Substitutions,6,6,1,1,0,0,2,2,1,0,0,0,0,0,12,5,4,2,0,0,1,1,0,0,1,0,1,5,0,0,0,4,3,16,3,3,1,3143.9,1004.5,1098.5,852.3,136.8,51.9,66,11,25.9,3,4,5,1,0,0
38,C,ZAMBIA,CAF,COSTARICA,3?€1,WIN,77,4_1_4_1,FW,Substitutions,0,0,0,0,0,0,0,0,0,0,0,0,0,0,0,0,0,0,0,0,0,0,0,0,0,0,0,0,0,0,0,0,0,0,0,0,0,0,0,0,0,0,0,0,0,0,3,4,5,1,0,0
38,C,ZAMBIA,CAF,COSTARICA,3?€1,WIN,77,4_1_4_1,FW,Substitutions,3,2,0.67,0,0,0,0,0,0,1,1,0,0,0,4,1,1,1,0,0,1,3,0,0,0,0,1,2,0,0,0,0,0,0,0,0,0,429.2,120,130.9,160.4,17.9,0,12,2,26.3,3,4,5,1,0,0
38,C,ZAMBIA,CAF,COSTARICA,3?€1,WIN,77,4_1_4_1,MF,Substitutions,0,0,0,0,0,0,0,0,0,0,0,0,0,0,0,0,0,0,0,0,0,0,0,0,0,0,0,0,0,0,0,0,0,0,0,0,0,0,0,0,0,0,0,0,0,0,3,4,5,1,0,0
38,C,ZAMBIA,CAF,COSTARICA,3?€1,WIN,77,4_1_4_1,MF,Substitutions,0,0,0,0,0,0,0,0,0,0,0,0,0,0,0,0,0,0,0,0,0,0,0,0,0,0,0,0,0,0,0,0,0,0,0,0,0,0,0,0,0,0,0,0,0,0,3,4,5,1,0,0
38,C,ZAMBIA,CAF,COSTARICA,3?€1,WIN,77,4_1_4_1,GK,Substitutions,0,0,0,0,0,0,0,0,0,0,0,0,0,0,0,0,0,0,0,0,0,0,0,0,0,0,0,0,0,0,0,0,0,0,0,0,0,0,0,0,0,0,0,0,0,0,3,4,5,1,0,0
38,C,ZAMBIA,CAF,COSTARICA,3?€1,WIN,77,4_1_4_1,GK,Substitutions,0,0,0,0,0,0,0,0,0,0,0,0,0,0,0,0,0,0,0,0,0,0,0,0,0,0,0,0,0,0,0,0,0,0,0,0,0,0,0,0,0,0,0,0,0,0,3,4,5,1,0,0
38,C,ZAMBIA,CAF,COSTARICA,3?€1,WIN,77,4_1_4_1,FW,Substitutions,7,5,0.71,0,1,0,2,2,1,1,1,0,0,0,1,1,0,0,0,0,0,1,0,0,0,0,2,2,0,0,0,0,4,4,1,0,0,2126.5,545.9,798.1,615.4,144,23.2,46,10,26,3,4,5,1,0,0
38,C,ZAMBIA,CAF,COSTARICA,3?€1,WIN,77,4_1_4_1,DF,Substitutions,0,0,0,0,0,0,0,0,0,0,0,0,0,0,0,0,0,0,0,0,0,0,0,0,0,0,0,0,0,0,0,0,0,0,0,0,0,0,0,0,0,0,0,0,0,0,3,4,5,1,0,0
38,C,ZAMBIA,CAF,COSTARICA,3?€1,WIN,77,4_1_4_1,DF,Substitutions,0,0,0,0,0,0,0,0,0,0,0,0,0,0,0,0,0,0,0,0,0,0,0,0,0,0,0,0,0,0,0,0,0,0,0,0,0,0,0,0,0,0,0,0,0,0,3,4,5,1,0,0
6,C,ZAMBIA,CAF,JAPAN,0?€5,LOSE,77,4_1_4_1,GK,STARTING,40,31,78%,0,0,0,6,1,16%,0,0,0,0,0,0,0,0,0,0,0,0,0,0,0,0,0,0,0,0,0,0,0,6,0,0,10,0,4885,3733.1,761.6,333.6,40.5,16.1,41,7,26.2,0,4,5,1,0,0
6,C,ZAMBIA,CAF,JAPAN,0?€5,LOSE,77,4_1_4_1,DF,STARTING,40,23,58%,0,0,0,17,5,29%,1,0,1,0,0,6,0,0,0,0,0,6,5,2,1,1,1,1,4,2,0,2,7,5,4,2,4,6,8091.4,2746.2,3233.3,1414.4,552.6,144,136,42,29.6,0,4,5,1,50,0
6,C,ZAMBIA,CAF,JAPAN,0?€5,LOSE,77,4_1_4_1,MF,STARTING,43,33,77%,0,1,0,10,4,40%,2,0,2,0,0,31,18,2,0,0,0,11,12,7,0,5,2,8,15,1,0,1,4,6,25,6,8,2,11273.6,3181.4,5110.3,2445.2,500.5,37.2,216,35,26.5,0,4,5,1,0,0
6,C,ZAMBIA,CAF,JAPAN,0?€5,LOSE,77,4_1_4_1,DF,STARTING,66,50,76%,0,1,0,21,15,71%,1,0,1,0,0,28,12,2,1,0,0,13,13,2,0,3,2,2,17,0,0,0,5,15,20,9,4,4,10518.1,3451,3828.6,2185.7,676.3,375.5,202,68,32,0,4,5,1,0,0
6,C,ZAMBIA,CAF,JAPAN,0?€5,LOSE,77,4_1_4_1,FW,STARTING,15,6,40%,0,0,0,4,0,0%,4,4,0,0,0,22,2,7,1,1,10,1,2,1,0,3,0,2,65,2,1,8,0,4,70,47,1,2,11086.6,3921.3,3073.2,2722.9,671.8,698.5,214,75,32.3,0,4,5,1,0,0
6,C,ZAMBIA,CAF,JAPAN,0?€5,LOSE,77,4_1_4_1,MF,STARTING,66,48,73%,0,0,0,12,5,41%,3,2,1,0,0,67,46,15,1,3,0,2,27,3,0,2,0,5,26,0,0,1,5,16,32,7,1,8,13050.3,2863.2,5777.4,3878.6,475,57.4,285,40,25.8,0,4,5,1,0,0
6,C,ZAMBIA,CAF,JAPAN,0?€5,LOSE,77,4_1_4_1,DF,STARTING,62,46,74%,0,0,0,25,14,56%,0,0,0,0,0,11,6,0,0,0,0,5,7,2,1,5,1,2,11,0,0,0,6,10,14,6,6,4,10573.7,3493.6,4472.7,1817.6,618.6,171.3,174,56,29.5,0,4,5,1,50,0
6,C,ZAMBIA,CAF,JAPAN,0?€5,LOSE,77,4_1_4_1,MF,STARTING,21,14,67%,0,0,0,5,2,40%,0,0,0,0,0,19,10,7,0,0,0,2,3,0,0,1,0,1,19,2,0,2,2,9,23,7,3,1,9900.3,2021.6,4500.7,2867.1,496,13.9,219,33,26.5,0,4,5,1,0,0
6,C,ZAMBIA,CAF,JAPAN,0?€5,LOSE,77,4_1_4_1,DF,STARTING,43,30,70%,0,0,0,9,1,11%,0,0,0,0,0,17,2,0,0,0,0,15,8,1,0,5,0,0,12,0,0,0,8,2,2,1,3,7,10023.3,3323.7,4365.1,1698.9,432,203.5,176,41,31.6,0,4,5,1,0,0
6,C,ZAMBIA,CAF,JAPAN,0?€5,LOSE,77,4_1_4_1,FW,STARTING,27,15,56%,2,0,0,9,3,33%,6,3,3,0,0,19,5,3,2,1,3,5,9,7,2,7,2,10,44,1,0,1,1,9,31,25,6,9,11795.3,4198,4290,2330.8,665.3,310.2,185,62,33.1,0,4,5,1,28.57142857,0
6,C,ZAMBIA,CAF,JAPAN,0?€5,LOSE,77,4_1_4_1,FW,STARTING,14,10,71%,0,1,0,4,4,100%,1,1,0,0,0,22,8,0,1,1,4,8,7,3,1,0,0,4,15,1,0,2,0,5,12,8,2,1,8929.2,2638.6,3619.9,2088.5,433.1,149.1,164,38,30,0,4,5,1,33.33333333,0
6,C,ZAMBIA,CAF,JAPAN,0?€5,LOSE,77,4_1_4_1,DF,Substitutions,0,0,0,0,0,0,0,0,0,0,0,0,0,0,0,0,0,0,0,0,0,0,0,0,0,0,0,0,0,0,0,0,0,0,0,0,0,0,0,0,0,0,0,0,0,0,0,4,5,1,0,0
6,C,ZAMBIA,CAF,JAPAN,0?€5,LOSE,77,4_1_4_1,DF,Substitutions,0,0,0,0,0,0,0,0,0,0,0,0,0,0,0,0,0,0,0,0,0,0,0,0,0,0,0,0,0,0,0,0,0,0,0,0,0,0,0,0,0,0,0,0,0,0,0,4,5,1,0,0
6,C,ZAMBIA,CAF,JAPAN,0?€5,LOSE,77,4_1_4_1,MF,Substitutions,0,0,0,0,0,0,0,0,0,0,0,0,0,0,0,0,0,0,0,0,0,0,0,0,0,0,0,0,0,0,0,0,0,0,0,0,0,0,0,0,0,0,0,0,0,0,0,4,5,1,0,0
6,C,ZAMBIA,CAF,JAPAN,0?€5,LOSE,77,4_1_4_1,FW,Substitutions,3,2,67%,0,0,0,1,1,100%,1,1,0,0,0,2,0,2,0,0,0,0,0,1,0,0,0,1,7,0,0,0,1,1,5,4,1,0,3180.9,906.2,1364.9,724,175,10.8,70,19,24.1,0,4,5,1,0,0
6,C,ZAMBIA,CAF,JAPAN,0?€5,LOSE,77,4_1_4_1,FW,Substitutions,0,0,0,0,0,0,0,0,0,0,0,0,0,0,0,0,0,0,0,0,0,0,0,0,0,0,0,0,0,0,0,0,0,0,0,0,0,0,0,0,0,0,0,0,0,0,0,4,5,1,0,0
6,C,ZAMBIA,CAF,JAPAN,0?€5,LOSE,77,4_1_4_1,MF,Substitutions,0,0,0,0,0,0,0,0,0,0,0,0,0,0,0,0,0,0,0,0,0,0,0,0,0,0,0,0,0,0,0,0,0,0,0,0,0,0,0,0,0,0,0,0,0,0,0,4,5,1,0,0
6,C,ZAMBIA,CAF,JAPAN,0?€5,LOSE,77,4_1_4_1,GK,Substitutions,0,0,0,0,0,0,0,0,0,0,0,0,0,0,0,0,0,0,0,0,0,0,0,0,0,0,0,0,0,0,0,0,0,0,0,0,0,0,0,0,0,0,0,0,0,0,0,4,5,1,0,0
6,C,ZAMBIA,CAF,JAPAN,0?€5,LOSE,77,4_1_4_1,GK,Substitutions,0,0,0,0,0,0,0,0,0,0,0,0,0,0,0,0,0,0,0,0,0,0,0,0,0,0,0,0,0,0,0,0,0,0,0,0,0,126.6,60.6,14.6,51.4,0,0,0,0,18.6,0,4,5,1,0,0
6,C,ZAMBIA,CAF,JAPAN,0?€5,LOSE,77,4_1_4_1,FW,Substitutions,0,0,0,0,0,0,0,0,0,0,0,0,0,0,0,0,0,0,0,0,0,0,0,0,0,0,0,0,0,0,0,0,0,0,0,0,0,0,0,0,0,0,0,0,0,0,0,4,5,1,0,0
6,C,ZAMBIA,CAF,JAPAN,0?€5,LOSE,77,4_1_4_1,MF,Substitutions,4,3,75%,0,1,1,0,0,0%,0,0,0,0,0,11,4,0,0,0,1,6,6,2,0,0,0,3,12,0,0,0,0,0,6,4,0,0,3066.8,859.3,1285,762.4,127.9,31.9,58,9,26.2,0,4,5,1,0,100
6,C,ZAMBIA,CAF,JAPAN,0?€5,LOSE,77,4_1_4_1,DF,Substitutions,0,0,0,0,0,0,0,0,0,0,0,0,0,0,0,0,0,0,0,0,0,0,0,0,0,0,0,0,0,0,0,0,0,0,0,0,0,0,0,0,0,0,0,0,0,0,0,4,5,1,0,0
6,C,ZAMBIA,CAF,JAPAN,0?€5,LOSE,77,4_1_4_1,DF,Substitutions,11,9,82%,0,0,0,2,1,50%,0,0,0,0,0,1,1,0,0,0,0,0,0,0,0,0,0,1,1,0,0,0,0,2,3,1,0,0,1591.3,564,692.6,194.6,109.2,31,27,9,26.8,0,4,5,1,0,0
20,C,ZAMBIA,CAF,SPAIN,0?€5,LOSE,77,4_2_3_1,DF,STARTING,22,6,27%,0,0,0,10,1,10%,0,0,0,0,0,10,2,0,0,0,0,8,6,2,2,2,1,4,5,1,0,2,13,9,10,2,7,9,7455.5,2503.6,3081.4,1424.8,334.8,110.3,120,31,29.5,0,4,5,1,100,0
20,C,ZAMBIA,CAF,SPAIN,0?€5,LOSE,77,4_2_3_1,MF,STARTING,4,3,75%,0,0,0,1,1,100%,0,0,0,0,0,1,1,0,0,0,0,0,0,2,0,0,0,2,4,0,0,0,1,3,10,2,0,2,3280.9,916.7,1442.6,815.3,101.7,4.6,68,8,25.4,0,4,5,1,0,0
20,C,ZAMBIA,CAF,SPAIN,0?€5,LOSE,77,4_2_3_1,DF,STARTING,42,22,52%,0,3,1,23,12,52%,2,1,1,1,0,10,5,0,0,0,1,4,2,9,2,6,4,13,26,0,0,0,3,6,41,22,6,11,10189.7,3175.1,3997.4,2288.6,507.4,221.1,198,52,29.3,0,4,5,1,22.22222222,33.33333333
20,C,ZAMBIA,CAF,SPAIN,0?€5,LOSE,77,4_2_3_1,FW,STARTING,14,7,50%,0,3,0,5,0,0%,2,1,1,4,0,29,0,9,0,0,17,3,8,3,1,1,1,4,45,0,1,1,0,8,34,16,2,2,10699.3,3690.2,2883.5,2281.1,972.6,872,196,85,32.7,0,4,5,1,33.33333333,0
20,C,ZAMBIA,CAF,SPAIN,0?€5,LOSE,77,4_2_3_1,MF,STARTING,26,16,62%,0,0,0,6,2,33%,1,1,0,0,0,22,4,11,0,3,1,3,9,4,0,3,1,8,55,0,0,0,0,8,40,25,3,1,10852.3,1897,4648.1,3655.1,604.5,47.8,262,50,30.7,0,4,5,1,0,0
20,C,ZAMBIA,CAF,SPAIN,0?€5,LOSE,77,4_2_3_1,DF,STARTING,33,20,61%,0,0,0,12,5,41%,0,0,0,0,0,2,1,0,0,0,0,1,1,9,3,5,1,13,28,3,0,4,2,13,29,15,9,1,10146.9,3377.9,4045.6,1959.4,501.3,262.8,180,48,30.7,0,4,5,1,33.33333333,0
20,C,ZAMBIA,CAF,SPAIN,0?€5,LOSE,77,4_2_3_1,MF,STARTING,21,10,48%,0,2,0,8,1,12%,1,0,1,0,0,15,6,4,0,0,3,2,5,7,0,3,0,16,52,0,0,1,9,6,90,33,4,9,13315.6,2743,5559.3,4418.1,575.2,18.6,303,42,27.9,0,4,5,1,0,0
20,C,ZAMBIA,CAF,SPAIN,0?€5,LOSE,77,4_2_3_1,DF,STARTING,7,6,86%,0,0,0,3,3,100%,0,0,0,0,0,1,0,0,0,0,0,1,0,3,0,5,1,0,8,0,0,0,8,1,8,1,7,9,9017.7,3153.5,3993.9,1401.4,301.2,166.8,151,28,31.5,0,4,5,1,0,0
20,C,ZAMBIA,CAF,SPAIN,0?€5,LOSE,77,4_2_3_1,FW,STARTING,18,13,72%,1,2,1,10,5,50%,7,5,2,3,0,29,1,11,2,3,9,3,6,6,1,3,2,8,63,1,1,3,1,15,44,36,5,4,12910.7,3498.8,4857,2997.9,912.8,644.2,242,86,33.2,0,4,5,1,16.66666667,50
20,C,ZAMBIA,CAF,SPAIN,0?€5,LOSE,77,4_2_3_1,GK,STARTING,31,12,39%,0,0,0,27,8,29%,0,0,0,0,0,0,0,0,0,0,0,0,0,0,0,0,0,0,0,0,0,0,0,7,0,0,19,0,4495,3261.1,951.1,260.7,22,0,34,3,23.1,0,4,5,1,0,0
20,C,ZAMBIA,CAF,SPAIN,0?€5,LOSE,77,4_2_3_1,FW,STARTING,9,6,67%,0,1,0,1,1,100%,1,1,0,0,0,17,1,2,1,0,8,5,4,3,2,0,1,3,32,0,0,0,0,0,24,19,3,0,4399.9,1129,1800.9,1162,238.5,69.5,98,19,25.9,0,4,5,1,66.66666667,0
20,C,ZAMBIA,CAF,SPAIN,0?€5,LOSE,77,4_2_3_1,DF,Substitutions,0,0,0,0,0,0,0,0,0,0,0,0,0,0,0,0,0,0,0,0,0,0,0,0,0,0,0,0,0,0,0,0,0,0,0,0,0,0,0,0,0,0,0,0,0,0,0,4,5,1,0,0
20,C,ZAMBIA,CAF,SPAIN,0?€5,LOSE,77,4_2_3_1,DF,Substitutions,0,0,0,0,0,0,0,0,0,0,0,0,0,0,0,0,0,0,0,0,0,0,0,0,0,0,0,0,0,0,0,0,0,0,0,0,0,0,0,0,0,0,0,0,0,0,0,4,5,1,0,0
20,C,ZAMBIA,CAF,SPAIN,0?€5,LOSE,77,4_2_3_1,MF,Substitutions,10,8,80%,0,0,0,4,2,50%,0,0,0,0,0,0,0,0,0,0,0,0,0,1,0,2,0,2,23,0,0,1,1,2,32,14,3,2,6968.1,2259,2238.1,2075.8,358.9,36.2,162,31,26.8,0,4,5,1,0,0
20,C,ZAMBIA,CAF,SPAIN,0?€5,LOSE,77,4_2_3_1,FW,Substitutions,7,2,29%,0,1,0,1,0,0%,0,0,0,0,0,6,4,2,0,0,0,0,2,1,1,0,0,1,14,1,0,1,0,4,10,8,2,0,2468.2,696.5,940.9,641.7,158.2,30.9,46,9,26.5,0,4,5,1,100,0
20,C,ZAMBIA,CAF,SPAIN,0?€5,LOSE,77,4_2_3_1,FW,Substitutions,0,0,0,0,0,0,0,0,0,0,0,0,0,0,2,0,0,0,0,1,1,1,0,0,0,0,0,0,0,0,0,0,0,0,0,0,0,0,0,0,0,0,0,0,0,0,0,4,5,1,0,0
20,C,ZAMBIA,CAF,SPAIN,0?€5,LOSE,77,4_2_3_1,MF,Substitutions,0,0,0,0,0,0,0,0,0,0,0,0,0,0,0,0,0,0,0,0,0,0,0,0,0,0,0,0,0,0,0,0,0,0,0,0,0,0,0,0,0,0,0,0,0,0,0,4,5,1,0,0
20,C,ZAMBIA,CAF,SPAIN,0?€5,LOSE,77,4_2_3_1,GK,Substitutions,0,0,0,0,0,0,0,0,0,0,0,0,0,0,0,0,0,0,0,0,0,0,0,0,0,0,0,0,0,0,0,0,0,0,0,0,0,0,0,0,0,0,0,0,0,0,0,4,5,1,0,0
20,C,ZAMBIA,CAF,SPAIN,0?€5,LOSE,77,4_2_3_1,FW,Substitutions,0,0,0,0,0,0,0,0,0,0,0,0,0,0,0,0,0,0,0,0,0,0,0,0,0,0,0,0,0,0,0,0,0,0,0,0,0,0,0,0,0,0,0,0,0,0,0,4,5,1,0,0
20,C,ZAMBIA,CAF,SPAIN,0?€5,LOSE,77,4_2_3_1,FW,Substitutions,11,9,82%,0,0,0,2,1,50%,0,0,0,2,0,13,3,1,0,1,5,3,2,3,1,4,1,5,24,2,0,3,0,2,30,18,2,4,7980.8,2106.9,3087,2041.5,581.8,163.6,153,41,27.6,0,4,5,1,33.33333333,0
20,C,ZAMBIA,CAF,SPAIN,0?€5,LOSE,77,4_2_3_1,DF,Substitutions,0,0,0,0,0,0,0,0,0,0,0,0,0,0,0,0,0,0,0,0,0,0,0,0,0,0,0,0,0,0,0,0,0,0,0,0,0,0,0,0,0,0,0,0,0,0,0,4,5,1,0,0
20,C,ZAMBIA,CAF,SPAIN,0?€5,LOSE,77,4_2_3_1,DF,Substitutions,2,1,50%,0,0,0,1,0,0%,0,0,0,0,0,3,2,0,0,0,0,1,0,0,0,0,0,0,2,0,0,0,1,0,2,0,0,1,1835,622.6,723.4,355.8,72.9,60.4,36,10,26.1,0,4,5,1,0,0
8,D,CHINAPR,AFC,DENMARK,0?€1,LOSE,14,4_4_2,DF,STARTING,49,40,82%,0,0,0,13,7,53%,1,1,0,1,0,21,10,0,0,1,3,7,8,3,1,0,1,5,11,0,0,0,5,8,22,6,2,6,9236.8,2918.8,3879.4,1864,429.5,144.1,167,33,27.4,0,4,4,2,33.33333333,0
8,D,CHINAPR,AFC,DENMARK,0?€1,LOSE,14,4_4_2,MF,STARTING,21,14,67%,0,2,0,3,0,0%,1,1,0,0,0,14,6,3,0,0,2,3,8,1,0,0,0,2,14,0,0,1,2,6,6,5,1,2,5893.2,1509.8,2467.5,1485.7,353.6,76,122,30,25.9,0,4,4,2,0,0
8,D,CHINAPR,AFC,DENMARK,0?€1,LOSE,14,4_4_2,DF,STARTING,35,26,74%,0,2,0,10,5,50%,1,0,1,0,0,6,1,0,0,0,0,5,3,0,0,2,2,1,7,0,1,1,12,3,16,2,9,8,9810.3,3460.1,4365.6,1634.4,223.7,126.6,160,27,27,0,4,4,2,0,0
8,D,CHINAPR,AFC,DENMARK,0?€1,LOSE,14,4_4_2,MF,STARTING,55,40,73%,0,1,0,20,13,65%,3,2,1,1,0,45,27,13,0,0,1,4,14,8,0,4,3,10,26,3,0,4,6,17,46,16,4,9,11153.5,3389.5,3785.5,3366.1,581.1,31.2,242,44,25,0,4,4,2,0,0
8,D,CHINAPR,AFC,DENMARK,0?€1,LOSE,14,4_4_2,FW,STARTING,38,26,68%,0,0,0,13,7,53%,0,0,0,0,0,6,0,0,0,0,0,6,5,3,1,1,1,5,1,3,0,3,16,7,8,2,9,10,9360.3,3782.5,3630.8,1570.7,315.4,60.8,138,23,26,0,4,4,2,33.33333333,0
8,D,CHINAPR,AFC,DENMARK,0?€1,LOSE,14,4_4_2,GK,STARTING,18,5,28%,0,0,0,6,1,16%,0,0,0,0,0,3,0,0,0,0,0,3,1,0,0,0,0,0,0,0,0,0,1,4,0,0,5,1,4936.1,3928.2,819.4,183.1,5.4,0,30,1,28.3,0,4,4,2,0,0
8,D,CHINAPR,AFC,DENMARK,0?€1,LOSE,14,4_4_2,MF,STARTING,37,33,89%,2,0,0,12,10,83%,0,0,0,0,0,37,25,7,0,1,0,4,13,11,5,4,2,11,11,1,0,2,4,12,38,7,8,11,11149.4,3360.4,4766.4,2426.1,498.4,99.2,205,38,26.4,0,4,4,2,45.45454545,0
8,D,CHINAPR,AFC,DENMARK,0?€1,LOSE,14,4_4_2,FW,STARTING,19,18,95%,0,3,1,4,3,75%,2,1,1,0,0,56,6,23,3,5,10,9,15,1,0,5,1,4,20,3,0,4,1,3,20,15,5,5,9846.3,2838.7,3232.6,3022.8,586.8,164.4,241,55,26.2,0,4,4,2,0,33.33333333
8,D,CHINAPR,AFC,DENMARK,0?€1,LOSE,14,4_4_2,DF,STARTING,39,28,72%,0,5,0,24,11,45%,1,0,1,1,0,25,9,0,0,0,4,12,9,1,0,2,1,2,7,4,2,6,8,15,19,3,4,6,11156.7,3277.8,4336.6,2799.2,608,133.9,218,44,29.2,0,4,4,2,0,0
8,D,CHINAPR,AFC,DENMARK,0?€1,LOSE,14,4_4_2,DF,STARTING,20,14,70%,0,0,0,4,3,75%,3,3,0,1,0,13,2,4,0,2,5,0,4,2,0,0,0,4,25,1,0,1,1,9,32,16,0,1,9999.8,3384.9,3632.9,2404,458,120,195,40,26.4,0,4,4,2,0,0
8,D,CHINAPR,AFC,DENMARK,0?€1,LOSE,14,4_4_2,MF,STARTING,26,20,77%,0,1,0,7,5,71%,2,1,1,1,0,33,2,10,1,5,9,6,11,5,2,1,0,5,30,0,0,0,1,7,31,16,3,2,10797.7,3679.8,3662.6,2494.3,754.8,206.2,219,60,29.4,0,4,4,2,40,0
8,D,CHINAPR,AFC,DENMARK,0?€1,LOSE,14,4_4_2,GK,Substitutions,0,0,0,0,0,0,0,0,0,0,0,0,0,0,0,0,0,0,0,0,0,0,0,0,0,0,0,0,0,0,0,0,0,0,0,0,0,0,0,0,0,0,0,0,0,0,0,4,4,2,0,0
8,D,CHINAPR,AFC,DENMARK,0?€1,LOSE,14,4_4_2,DF,Substitutions,0,0,0,0,0,0,0,0,0,0,0,0,0,0,0,0,0,0,0,0,0,0,0,0,0,0,0,0,0,0,0,0,0,0,0,0,0,0,0,0,0,0,0,0,0,0,0,4,4,2,0,0
8,D,CHINAPR,AFC,DENMARK,0?€1,LOSE,14,4_4_2,DF,Substitutions,0,0,0,0,0,0,0,0,0,0,0,0,0,0,0,0,0,0,0,0,0,0,0,0,0,0,0,0,0,0,0,0,0,0,0,0,0,0,0,0,0,0,0,0,0,0,0,4,4,2,0,0
8,D,CHINAPR,AFC,DENMARK,0?€1,LOSE,14,4_4_2,DF,Substitutions,0,0,0,0,0,0,0,0,0,0,0,0,0,0,0,0,0,0,0,0,0,0,0,0,0,0,0,0,0,0,0,0,0,0,0,0,0,0,0,0,0,0,0,0,0,0,0,4,4,2,0,0
8,D,CHINAPR,AFC,DENMARK,0?€1,LOSE,14,4_4_2,FW,Substitutions,22,15,68%,0,3,0,7,5,71%,0,0,0,3,0,14,3,6,0,1,3,1,9,0,0,1,0,0,10,0,0,1,0,5,4,3,1,0,5391.5,1954.4,1696.2,1323.6,301.9,115.9,112,25,28.9,0,4,4,2,0,0
8,D,CHINAPR,AFC,DENMARK,0?€1,LOSE,14,4_4_2,FW,Substitutions,9,7,78%,0,0,0,2,1,50%,0,0,0,0,0,13,2,1,0,0,3,7,4,0,0,1,1,0,4,0,0,0,0,2,5,3,1,1,2345.4,570.9,836.1,616.6,253.1,68.7,60,20,26.5,0,4,4,2,0,0
8,D,CHINAPR,AFC,DENMARK,0?€1,LOSE,14,4_4_2,MF,Substitutions,0,0,0,0,0,0,0,0,0,0,0,0,0,0,0,0,0,0,0,0,0,0,0,0,0,0,0,0,0,0,0,0,0,0,0,0,0,0,0,0,0,0,0,0,0,0,0,4,4,2,0,0
8,D,CHINAPR,AFC,DENMARK,0?€1,LOSE,14,4_4_2,FW,Substitutions,0,0,0,0,0,0,0,0,0,0,0,0,0,0,0,0,0,0,0,0,0,0,0,0,0,0,0,0,0,0,0,0,0,0,0,0,0,0,0,0,0,0,0,0,0,0,0,4,4,2,0,0
8,D,CHINAPR,AFC,DENMARK,0?€1,LOSE,14,4_4_2,FW,Substitutions,0,0,0,0,0,0,0,0,0,0,0,0,0,0,0,0,0,0,0,0,0,0,0,0,0,0,0,0,0,0,0,0,0,0,0,0,0,0,0,0,0,0,0,0,0,0,0,4,4,2,0,0
8,D,CHINAPR,AFC,DENMARK,0?€1,LOSE,14,4_4_2,MF,Substitutions,3,1,33%,0,0,0,1,1,100%,0,0,0,0,0,3,2,0,0,0,1,0,1,0,0,0,0,1,1,0,0,0,0,2,4,2,0,0,809.9,208.8,223.1,297.2,80.8,0,25,6,24.1,0,4,4,2,0,0
8,D,CHINAPR,AFC,DENMARK,0?€1,LOSE,14,4_4_2,GK,Substitutions,0,0,0,0,0,0,0,0,0,0,0,0,0,0,0,0,0,0,0,0,0,0,0,0,0,0,0,0,0,0,0,0,0,0,0,0,0,0,0,0,0,0,0,0,0,0,0,4,4,2,0,0
8,D,CHINAPR,AFC,DENMARK,0?€1,LOSE,14,4_4_2,DF,Substitutions,5,4,80%,0,0,0,4,3,75%,0,0,0,0,0,0,0,0,0,0,0,0,0,1,0,0,0,1,2,0,0,0,2,1,2,2,0,2,1240.5,417.4,517.5,208,38.2,59.3,24,4,29,0,4,4,2,0,0
39,D,CHINAPR,AFC,ENGLAND,1?€6,LOSE,14,4_4_2,GK,STARTING,13,4,0.31,0,0,0,7,1,0.14,0,0,0,0,0,0,0,0,0,0,0,0,0,0,0,0,0,0,0,0,0,0,0,0,0,0,1,0,3253.9,2761.9,418.5,68,5.5,0,10,1,20,1,4,4,2,0,0
39,D,CHINAPR,AFC,ENGLAND,1?€6,LOSE,14,4_4_2,DF,STARTING,33,27,0.82,0,2,0,13,10,0.76,2,2,0,0,0,9,4,1,0,0,0,4,5,3,0,3,0,4,11,0,0,0,5,4,27,7,3,8,8118.4,2496.4,3318,1907.8,284.1,111.2,158,30,29.6,1,4,4,2,0,0
39,D,CHINAPR,AFC,ENGLAND,1?€6,LOSE,14,4_4_2,FW,STARTING,19,14,0.74,0,2,0,4,2,0.5,0,0,0,1,1,25,5,10,3,0,5,2,9,1,0,3,0,4,39,0,0,0,0,4,32,20,0,2,8421.9,2851.7,3347.7,1804,302.3,116.2,152,32,27.5,1,4,4,2,0,0
39,D,CHINAPR,AFC,ENGLAND,1?€6,LOSE,14,4_4_2,DF,STARTING,16,10,0.62,0,0,0,8,4,0.5,0,0,0,0,0,4,2,0,0,0,0,2,1,0,0,5,2,4,12,3,1,4,11,3,25,5,6,10,10221,3860.5,4199.8,1672.2,364.9,123.7,143,33,26.6,1,4,4,2,0,0
39,D,CHINAPR,AFC,ENGLAND,1?€6,LOSE,14,4_4_2,DF,STARTING,17,13,0.76,0,0,0,7,5,0.71,0,0,0,0,0,3,0,0,0,0,0,3,2,3,0,3,1,4,4,1,0,1,6,7,21,3,4,10,9461.2,3852.6,3856.4,1445.7,216.7,89.9,126,20,29.1,1,4,4,2,0,0
39,D,CHINAPR,AFC,ENGLAND,1?€6,LOSE,14,4_4_2,MF,STARTING,31,30,0.97,0,0,0,13,12,0.92,0,0,0,3,0,10,4,2,0,1,0,3,5,2,0,0,0,2,13,4,0,5,4,12,33,5,3,2,11166.2,3716.1,4611.7,2273.4,499.1,64.8,196,40,27.8,1,4,4,2,0,0
39,D,CHINAPR,AFC,ENGLAND,1?€6,LOSE,14,4_4_2,FW,STARTING,24,16,0.67,0,0,0,5,3,0.6,0,0,0,0,0,27,2,16,0,1,6,2,12,4,1,2,0,8,49,0,0,1,1,4,23,8,1,4,12202.3,3472.8,4384.3,3436.2,799.3,109.8,287,61,27.4,1,4,4,2,25,0
39,D,CHINAPR,AFC,ENGLAND,1?€6,LOSE,14,4_4_2,DF,STARTING,44,24,0.55,0,4,0,23,8,0.34,2,0,2,1,0,16,2,0,0,0,1,13,7,6,3,5,1,11,28,4,0,4,11,7,45,25,9,10,11108.1,3686.8,3970,2509.3,720.9,221.1,212,65,29.8,1,4,4,2,50,0
39,D,CHINAPR,AFC,ENGLAND,1?€6,LOSE,14,4_4_2,MF,STARTING,22,17,0.77,0,2,1,4,2,0.5,0,0,0,0,0,7,5,2,0,0,0,0,1,3,1,0,0,5,12,1,0,1,4,4,32,9,4,2,10086.5,3140.9,4013.4,2475.2,431.7,24.2,208,32,28.1,1,4,4,2,33.33333333,50
39,D,CHINAPR,AFC,ENGLAND,1?€6,LOSE,14,4_4_2,MF,STARTING,12,8,0.67,0,0,0,3,1,0.33,0,0,0,1,0,16,0,4,1,3,4,4,9,3,0,2,0,7,38,3,0,3,1,1,17,8,1,3,10157.5,3355,3522.6,2797.4,418.5,65,217,36,32.9,1,4,4,2,0,0
39,D,CHINAPR,AFC,ENGLAND,1?€6,LOSE,14,4_4_2,MF,STARTING,28,21,0.75,0,2,0,6,5,0.83,0,0,0,0,0,45,6,7,1,6,11,14,18,5,1,4,0,4,55,0,0,0,0,11,51,36,2,4,10588.9,4133.9,3269.9,2550.9,470.1,164.1,218,47,26.4,1,4,4,2,20,0
39,D,CHINAPR,AFC,ENGLAND,1?€6,LOSE,14,4_4_2,DF,Substitutions,0,0,0,0,0,0,0,0,0,0,0,0,0,0,0,0,0,0,0,0,0,0,0,0,0,0,0,0,0,0,0,2,2,2,0,1,1,955.7,295.4,390.4,178.8,49.5,41.6,18,6,25.6,1,4,4,2,0,0
39,D,CHINAPR,AFC,ENGLAND,1?€6,LOSE,14,4_4_2,DF,Substitutions,0,0,0,0,0,0,0,0,0,0,0,0,0,0,0,0,0,0,0,0,0,0,0,0,0,0,0,0,0,0,0,0,0,0,0,0,0,0,0,0,0,0,0,0,0,0,1,4,4,2,0,0
39,D,CHINAPR,AFC,ENGLAND,1?€6,LOSE,14,4_4_2,DF,Substitutions,9,4,0.44,0,0,0,5,1,0.2,0,0,0,0,0,6,4,0,0,0,0,2,3,4,1,2,0,2,3,0,0,0,2,0,13,1,3,3,2954.5,862.4,1184.5,746.3,108.7,52.6,60,10,25.9,1,4,4,2,25,0
39,D,CHINAPR,AFC,ENGLAND,1?€6,LOSE,14,4_4_2,MF,Substitutions,0,0,0,0,0,0,0,0,0,0,0,0,0,0,0,0,0,0,0,0,0,0,0,0,0,0,0,0,0,0,0,0,0,0,0,0,0,0,0,0,0,0,0,0,0,0,1,4,4,2,0,0
39,D,CHINAPR,AFC,ENGLAND,1?€6,LOSE,14,4_4_2,MF,Substitutions,2,2,1,0,0,0,0,0,0,0,0,0,1,0,2,0,1,0,1,0,0,1,3,0,1,0,4,5,0,0,1,0,2,7,5,1,2,1223.6,219.5,518.3,345.7,110.1,30,32,11,27.9,1,4,4,2,0,0
39,D,CHINAPR,AFC,ENGLAND,1?€6,LOSE,14,4_4_2,GK,Substitutions,0,0,0,0,0,0,0,0,0,0,0,0,0,0,0,0,0,0,0,0,0,0,0,0,0,0,0,0,0,0,0,0,0,0,0,0,0,0,0,0,0,0,0,0,0,0,1,4,4,2,0,0
39,D,CHINAPR,AFC,ENGLAND,1?€6,LOSE,14,4_4_2,MF,Substitutions,0,0,0,0,0,0,0,0,0,0,0,0,0,0,0,0,0,0,0,0,0,0,0,0,0,0,0,0,0,0,0,0,0,0,0,0,0,0,0,0,0,0,0,0,0,0,1,4,4,2,0,0
39,D,CHINAPR,AFC,ENGLAND,1?€6,LOSE,14,4_4_2,FW,Substitutions,0,0,0,0,0,0,0,0,0,0,0,0,0,0,0,0,0,0,0,0,0,0,0,0,0,0,0,0,0,0,0,0,0,0,0,0,0,0,0,0,0,0,0,0,0,0,1,4,4,2,0,0
39,D,CHINAPR,AFC,ENGLAND,1?€6,LOSE,14,4_4_2,MF,Substitutions,5,4,0.8,0,3,0,2,2,1,1,1,0,0,0,9,0,2,1,1,5,0,5,1,0,0,0,0,13,0,0,0,0,2,8,2,0,1,2989.1,1014.2,776.3,987.6,159.3,51.7,77,16,25.6,1,4,4,2,0,0
39,D,CHINAPR,AFC,ENGLAND,1?€6,LOSE,14,4_4_2,GK,Substitutions,0,0,0,0,0,0,0,0,0,0,0,0,0,0,0,0,0,0,0,0,0,0,0,0,0,0,0,0,0,0,0,0,0,0,0,0,0,0,0,0,0,0,0,0,0,0,1,4,4,2,0,0
39,D,CHINAPR,AFC,ENGLAND,1?€6,LOSE,14,4_4_2,DF,Substitutions,0,0,0,0,0,0,0,0,0,0,0,0,0,0,0,0,0,0,0,0,0,0,0,0,0,0,0,0,0,0,0,0,0,0,0,0,0,0,0,0,0,0,0,0,0,0,1,4,4,2,0,0
26,D,CHINAPR,AFC,HAITI,1?€0,WIN,14,4_2_3_1,GK,STARTING,27,16,59%,0,0,0,13,5,38%,0,0,0,0,0,3,0,0,0,0,0,3,1,0,0,0,0,0,0,0,0,0,1,2,0,0,5,0,3844,3130.9,466.7,226.4,20,0,20,1,24.3,1,4,5,1,0,0
26,D,CHINAPR,AFC,HAITI,1?€0,WIN,14,4_2_3_1,DF,STARTING,36,29,81%,0,3,1,8,6,75%,1,1,0,0,0,22,7,0,0,0,4,11,12,6,2,3,0,9,6,3,0,4,7,4,31,10,9,3,10074,3657.9,3927.8,1955.4,330.4,202.5,155,28,30.9,1,4,5,1,33.33333333,33.33333333
26,D,CHINAPR,AFC,HAITI,1?€0,WIN,14,4_2_3_1,DF,STARTING,53,46,87%,1,0,0,11,7,63%,0,0,0,1,0,29,2,4,0,2,0,21,16,1,0,1,0,3,7,4,0,4,13,7,8,2,9,7,10112.4,3734.5,4161.2,1752.5,325.6,138.5,149,24,27.3,1,4,5,1,0,0
26,D,CHINAPR,AFC,HAITI,1?€0,WIN,14,4_2_3_1,MF,STARTING,9,7,78%,0,3,1,2,1,50%,0,0,0,1,0,25,2,16,0,1,3,3,4,8,0,0,0,7,4,2,0,2,0,2,4,2,0,3,3334.4,1038.3,1049,977.6,246.7,23,77,20,26,1,4,5,1,0,33.33333333
26,D,CHINAPR,AFC,HAITI,1?€0,WIN,14,4_2_3_1,DF,STARTING,41,37,90%,0,1,0,16,13,81%,0,0,0,1,0,25,2,16,0,1,3,3,4,3,1,3,3,5,6,2,0,2,10,8,4,3,9,7,9060.7,3875.3,3371.5,1548.5,168.5,97.9,133,18,28.1,1,4,5,1,33.33333333,0
26,D,CHINAPR,AFC,HAITI,1?€0,WIN,14,4_2_3_1,MF,STARTING,37,32,86%,0,0,0,13,9,69%,4,1,3,1,0,3,0,0,0,0,1,2,1,1,1,2,1,2,5,3,0,4,7,8,5,0,4,5,11068.5,3748.9,4532.6,2396.3,390.7,0,175,25,24,1,4,5,1,100,0
26,D,CHINAPR,AFC,HAITI,1?€0,WIN,14,4_2_3_1,FW,STARTING,8,7,88%,0,2,0,2,0,0%,1,1,0,1,0,34,21,8,0,2,1,2,15,2,1,1,0,3,4,1,0,1,0,1,9,2,2,0,3951.8,1350.7,1397.8,865.1,137.9,200,78,25,30,1,4,5,1,50,0
26,D,CHINAPR,AFC,HAITI,1?€0,WIN,14,4_2_3_1,DF,STARTING,49,39,80%,0,3,0,25,17,68%,3,1,2,0,0,13,1,3,0,0,9,0,5,8,2,4,2,5,12,1,0,2,11,5,36,9,13,6,11237.7,3562.4,4461.4,2601.5,511.3,101.1,219,43,27.4,1,4,5,1,25,0
26,D,CHINAPR,AFC,HAITI,1?€0,WIN,14,4_2_3_1,MF,STARTING,38,34,89%,0,0,0,12,11,91%,0,0,0,0,0,45,14,0,1,1,5,24,18,3,1,0,0,4,7,0,0,1,4,5,5,3,2,2,8758,2993.5,3192.3,2288.5,251.4,32.4,163,19,26.5,1,4,5,1,33.33333333,0
26,D,CHINAPR,AFC,HAITI,1?€0,WIN,14,4_2_3_1,FW,STARTING,20,17,85%,0,0,0,6,5,83%,3,3,0,0,0,28,12,5,0,1,0,10,14,4,0,0,0,3,13,0,0,0,1,6,6,4,0,2,5370.2,1731.9,1920.9,1493.4,180.4,44,111,16,28.5,1,4,5,1,0,0
26,D,CHINAPR,AFC,HAITI,1?€0,WIN,14,4_2_3_1,FW,STARTING,38,32,84%,0,1,0,1,0,0%,6,4,2,2,0,14,4,0,1,0,3,6,4,4,1,1,1,8,34,0,0,1,1,10,25,14,3,4,9755.7,3539.4,3351.1,2078,655.6,131.7,165,47,28.8,1,4,5,1,25,0
26,D,CHINAPR,AFC,HAITI,1?€0,WIN,14,4_2_3_1,DF,Substitutions,1,0,0,0,0,0,1,0,0,0,0,0,0,0,89,4,29,6,11,25,14,25,0,0,2,0,1,2,0,1,1,2,0,1,0,0,2,1832,737,653.8,309.2,85,46.9,31,9,27.2,1,4,5,1,0,0
26,D,CHINAPR,AFC,HAITI,1?€0,WIN,14,4_2_3_1,DF,Substitutions,0,0,0,0,0,0,0,0,0,0,0,0,0,0,0,0,0,0,0,0,0,0,0,0,0,0,0,0,0,0,0,0,0,0,0,0,0,0,0,0,0,0,0,0,0,0,1,4,5,1,0,0
26,D,CHINAPR,AFC,HAITI,1?€0,WIN,14,4_2_3_1,DF,Substitutions,0,0,0,0,0,0,0,0,0,0,0,0,0,0,0,0,0,0,0,0,0,0,0,0,0,0,0,0,0,0,0,0,0,0,0,0,0,0,0,0,0,0,0,0,0,0,1,4,5,1,0,0
26,D,CHINAPR,AFC,HAITI,1?€0,WIN,14,4_2_3_1,MF,Substitutions,20,14,70%,0,3,2,6,4,66%,3,0,3,0,0,0,0,0,0,0,0,0,0,3,0,3,0,5,10,0,0,0,1,6,15,7,0,4,7876.4,2176.3,2974.9,2014,560.8,150.4,152,39,28,1,4,5,1,0,66.66666667
26,D,CHINAPR,AFC,HAITI,1?€0,WIN,14,4_2_3_1,FW,Substitutions,24,22,92%,0,0,0,7,6,85%,1,1,0,1,1,11,2,2,0,0,5,2,6,1,1,0,0,2,14,2,0,2,0,4,9,6,1,0,5955.8,2245.9,2081,1292.4,250.1,86.4,91,20,27.6,1,4,5,1,100,0
26,D,CHINAPR,AFC,HAITI,1?€0,WIN,14,4_2_3_1,MF,Substitutions,0,0,0,0,0,0,0,0,0,0,0,0,0,0,17,0,7,0,2,4,4,6,0,0,0,0,0,0,0,0,0,0,0,0,0,0,0,0,0,0,0,0,0,0,0,0,1,4,5,1,0,0
26,D,CHINAPR,AFC,HAITI,1?€0,WIN,14,4_2_3_1,GK,Substitutions,0,0,0,0,0,0,0,0,0,0,0,0,0,0,0,0,0,0,0,0,0,0,0,0,0,0,0,0,0,0,0,0,0,0,0,0,0,0,0,0,0,0,0,0,0,0,1,4,5,1,0,0
26,D,CHINAPR,AFC,HAITI,1?€0,WIN,14,4_2_3_1,FW,Substitutions,1,1,100%,0,0,0,0,0,0,0,0,0,0,0,0,0,0,0,0,0,0,0,1,0,1,0,0,10,0,0,0,0,1,6,5,0,1,1710.1,481.2,650.4,413.5,126.2,38.6,26,11,27.2,1,4,5,1,0,0
26,D,CHINAPR,AFC,HAITI,1?€0,WIN,14,4_2_3_1,FW,Substitutions,0,0,0,0,0,0,0,0,0,0,0,0,0,0,0,0,0,0,0,0,0,0,0,0,0,0,0,0,0,0,0,0,0,0,0,0,0,0,0,0,0,0,0,0,0,0,1,4,5,1,0,0
26,D,CHINAPR,AFC,HAITI,1?€0,WIN,14,4_2_3_1,MF,Substitutions,0,0,0,0,0,0,0,0,0,0,0,0,0,0,0,0,0,0,0,0,0,0,0,0,0,0,0,0,0,0,0,0,0,0,0,0,0,0,0,0,0,0,0,0,0,0,1,4,5,1,0,0
26,D,CHINAPR,AFC,HAITI,1?€0,WIN,14,4_2_3_1,GK,Substitutions,0,0,0,0,0,0,0,0,0,0,0,0,0,0,0,0,0,0,0,0,0,0,0,0,0,0,0,0,0,0,0,0,0,0,0,0,0,0,0,0,0,0,0,0,0,0,1,4,5,1,0,0
26,D,CHINAPR,AFC,HAITI,1?€0,WIN,14,4_2_3_1,DF,Substitutions,0,0,0,0,0,0,0,0,0,0,0,0,0,0,0,0,0,0,0,0,0,0,0,0,0,0,0,0,0,0,0,0,0,0,0,0,0,0,0,0,0,0,0,0,0,0,1,4,5,1,0,0
8,D,DENMARK,UEFA,CHINA PR,1?€0,WIN,13,4_3_3,GK,STARTING,35,30,86%,0,0,0,5,0,0%,0,0,0,0,0,19,0,0,0,0,0,19,6,0,0,0,0,0,0,0,0,0,1,4,0,0,8,0,5148.4,3438.6,1289.2,402.6,18,0,36,1,24,1,4,3,3,0,0
8,D,DENMARK,UEFA,CHINA PR,1?€0,WIN,13,4_3_3,MF,STARTING,25,20,80%,0,0,0,8,4,50%,1,1,0,2,0,24,5,10,1,3,3,2,4,7,2,3,0,6,14,2,0,2,5,14,9,6,6,3,12494.2,2768.7,5103.9,3798.2,714.7,107.5,266,51,26.9,1,4,3,3,28.57142857,0
8,D,DENMARK,UEFA,CHINA PR,1?€0,WIN,13,4_3_3,DF,STARTING,84,70,83%,2,0,0,22,13,59%,0,0,0,0,0,32,5,0,0,0,0,27,12,2,1,3,2,2,6,1,0,4,10,10,6,1,10,7,10173.7,3285.1,4217,2155.8,324.5,190.2,194,36,28.3,1,4,3,3,50,0
8,D,DENMARK,UEFA,CHINA PR,1?€0,WIN,13,4_3_3,DF,STARTING,51,36,71%,0,2,1,21,10,47%,0,0,0,0,0,11,5,2,0,0,1,3,5,2,1,7,0,1,16,0,0,2,7,2,20,9,7,8,10547.9,3519.8,4276.1,2294.2,410.3,47.5,175,29,25.9,1,4,3,3,50,50
8,D,DENMARK,UEFA,CHINA PR,1?€0,WIN,13,4_3_3,DF,STARTING,78,72,92%,0,0,0,11,7,63%,0,0,0,1,0,12,2,1,0,0,0,9,7,4,1,4,0,4,5,7,0,7,12,9,5,3,8,11,9584.1,3365,4171,1753.9,241.5,52.7,155,25,26.8,1,4,3,3,25,0
8,D,DENMARK,UEFA,CHINA PR,1?€0,WIN,13,4_3_3,MF,STARTING,40,30,75%,0,0,0,9,4,44%,0,0,0,1,0,46,28,13,1,1,2,1,12,8,2,2,0,17,10,7,0,8,5,16,3,1,8,5,11584.3,3405.8,4455.3,2926.2,611.7,185.3,236,45,32.9,1,4,3,3,25,0
8,D,DENMARK,UEFA,CHINA PR,1?€0,WIN,13,4_3_3,FW,STARTING,14,10,71%,0,3,1,2,1,50%,2,1,1,2,0,67,2,14,1,2,42,6,8,3,1,1,0,3,24,3,0,3,0,8,31,18,1,1,10709.4,4062.1,3165.7,2586.3,629.7,265.6,238,60,29,1,4,3,3,33.33333333,33.33333333
8,D,DENMARK,UEFA,CHINA PR,1?€0,WIN,13,4_3_3,DF,STARTING,81,60,74%,0,8,2,27,11,40%,4,1,3,0,0,26,8,1,1,0,4,12,14,6,3,2,0,7,2,2,0,3,3,11,19,7,4,4,11633.8,3380.8,4778,2724.6,575.9,174.5,201,45,28.2,1,4,3,3,50,25
8,D,DENMARK,UEFA,CHINA PR,1?€0,WIN,13,4_3_3,MF,STARTING,33,21,64%,0,0,0,10,6,60%,5,5,0,1,0,30,8,15,1,2,1,3,13,2,1,5,0,6,20,1,0,4,1,7,28,14,4,3,7811.7,2118.5,3438.7,1715.4,496.8,43,141,32,26.5,1,4,3,3,50,0
8,D,DENMARK,UEFA,CHINA PR,1?€0,WIN,13,4_3_3,FW,STARTING,16,13,81%,0,5,0,5,1,20%,5,3,2,0,0,45,2,2,0,2,25,14,9,1,0,2,0,5,15,0,0,1,1,6,20,11,1,1,8513.5,2831.6,2991.6,1883.2,560.2,246,168,50,31.6,1,4,3,3,0,0
8,D,DENMARK,UEFA,CHINA PR,1?€0,WIN,13,4_3_3,FW,STARTING,16,13,81%,0,0,0,2,2,100%,1,1,0,1,0,46,5,2,1,2,26,10,4,1,0,1,2,3,21,4,0,5,2,10,10,6,3,2,9796.4,2988.9,3445.4,2463.8,621.1,278.2,200,54,28.4,1,4,3,3,0,0
8,D,DENMARK,UEFA,CHINA PR,1?€0,WIN,13,4_3_3,MF,Substitutions,0,0,0,0,0,0,0,0,0,0,0,0,0,0,0,0,0,0,0,0,0,0,0,0,0,0,0,0,0,0,0,0,0,0,0,0,0,0,0,0,0,0,0,0,0,0,1,4,3,3,0,0
8,D,DENMARK,UEFA,CHINA PR,1?€0,WIN,13,4_3_3,MF,Substitutions,0,0,0,0,0,0,0,0,0,0,0,0,0,0,0,0,0,0,0,0,0,0,0,0,0,0,0,0,0,0,0,0,0,0,0,0,0,0,0,0,0,0,0,0,0,0,1,4,3,3,0,0
8,D,DENMARK,UEFA,CHINA PR,1?€0,WIN,13,4_3_3,FW,Substitutions,3,2,67%,0,0,0,0,0,0,0,0,0,2,1,4,0,1,0,1,1,1,0,0,0,0,0,0,3,1,0,1,1,3,1,0,1,1,1471.5,478.7,523,341.4,109.5,19.1,25,8,26.3,1,4,3,3,0,0
8,D,DENMARK,UEFA,CHINA PR,1?€0,WIN,13,4_3_3,DF,Substitutions,0,0,0,0,0,0,0,0,0,0,0,0,0,0,0,0,0,0,0,0,0,0,0,0,0,0,0,0,0,0,0,0,0,0,0,0,0,0,0,0,0,0,0,0,0,0,1,4,3,3,0,0
8,D,DENMARK,UEFA,CHINA PR,1?€0,WIN,13,4_3_3,MF,Substitutions,0,0,0,0,0,0,0,0,0,0,0,0,0,0,0,0,0,0,0,0,0,0,0,0,0,0,0,0,0,0,0,0,0,0,0,0,0,0,0,0,0,0,0,0,0,0,1,4,3,3,0,0
8,D,DENMARK,UEFA,CHINA PR,1?€0,WIN,13,4_3_3,GK,Substitutions,0,0,0,0,0,0,0,0,0,0,0,0,0,0,0,0,0,0,0,0,0,0,0,0,0,0,0,0,0,0,0,0,0,0,0,0,0,0,0,0,0,0,0,0,0,0,1,4,3,3,0,0
8,D,DENMARK,UEFA,CHINA PR,1?€0,WIN,13,4_3_3,FW,Substitutions,5,3,60%,0,0,0,1,0,0,0,0,0,1,0,8,0,2,0,0,4,2,3,2,0,0,0,2,5,1,0,1,1,0,7,2,1,0,2937.5,700.3,1063.9,745.5,310.8,116.9,59,27,28.7,1,4,3,3,0,0
8,D,DENMARK,UEFA,CHINA PR,1?€0,WIN,13,4_3_3,DF,Substitutions,0,0,0,0,0,0,0,0,0,0,0,0,0,0,0,0,0,0,0,0,0,0,0,0,0,0,0,0,0,0,0,0,0,0,0,0,0,0,0,0,0,0,0,0,0,0,1,4,3,3,0,0
8,D,DENMARK,UEFA,CHINA PR,1?€0,WIN,13,4_3_3,FW,Substitutions,7,5,71%,0,0,0,2,2,100%,0,0,0,1,0,7,0,1,0,0,6,0,3,2,0,0,0,2,4,2,0,2,0,0,8,1,0,1,3520.6,1278.3,1159,849.5,202.1,31.7,78,16,25.5,1,4,3,3,0,0
8,D,DENMARK,UEFA,CHINA PR,1?€0,WIN,13,4_3_3,FW,Substitutions,0,0,0,0,0,0,0,0,0,0,0,0,0,0,0,0,0,0,0,0,0,0,0,0,0,0,0,0,0,0,0,0,0,0,0,0,0,0,0,0,0,0,0,0,0,0,1,4,3,3,0,0
8,D,DENMARK,UEFA,CHINA PR,1?€0,WIN,13,4_3_3,GK,Substitutions,0,0,0,0,0,0,0,0,0,0,0,0,0,0,0,0,0,0,0,0,0,0,0,0,0,0,0,0,0,0,0,0,0,0,0,0,0,0,0,0,0,0,0,0,0,0,1,4,3,3,0,0
8,D,DENMARK,UEFA,CHINA PR,1?€0,WIN,13,4_3_3,DF,Substitutions,0,0,0,0,0,0,0,0,0,0,0,0,0,0,0,0,0,0,0,0,0,0,0,0,0,0,0,0,0,0,0,0,0,0,0,0,0,0,0,0,0,0,0,0,0,0,1,4,3,3,0,0
25,D,DENMARK,UEFA,ENGLAND,0?€1,LOSE,13,4_2_3_1,GK,STARTING,30,21,70%,0,0,0,12,6,50%,0,0,0,0,0,7,0,0,0,0,0,7,2,0,0,0,0,0,0,0,0,0,0,2,0,0,5,0,4306,3053.4,954.2,287.2,11.2,0,32,1,22.2,0,4,5,1,0,0
25,D,DENMARK,UEFA,ENGLAND,0?€1,LOSE,13,4_2_3_1,MF,STARTING,13,7,54%,0,0,0,4,2,50%,0,0,0,0,0,16,6,7,0,1,1,1,0,5,0,3,1,6,29,1,0,1,4,7,43,16,3,5,8435.8,2246.4,3313.6,2513.9,317.2,44.7,201,25,29.8,0,4,5,1,0,0
25,D,DENMARK,UEFA,ENGLAND,0?€1,LOSE,13,4_2_3_1,DF,STARTING,23,15,65%,0,0,0,9,3,33%,0,0,0,0,0,10,0,0,0,0,0,10,6,2,0,1,0,6,5,2,0,2,7,6,11,8,1,4,7617.3,2733.9,3207.7,1339.9,273.5,62.5,113,24,27.4,0,4,5,1,0,0
25,D,DENMARK,UEFA,ENGLAND,0?€1,LOSE,13,4_2_3_1,DF,STARTING,29,15,52%,0,0,0,22,9,40%,0,0,0,0,0,14,3,0,0,0,0,11,2,3,1,2,1,5,13,1,0,1,2,5,23,6,2,2,9937.3,3546.6,3877.6,2078.9,357.7,76.5,176,30,25.5,0,4,5,1,33.33333333,0
25,D,DENMARK,UEFA,ENGLAND,0?€1,LOSE,13,4_2_3_1,DF,STARTING,26,20,77%,0,0,0,14,9,64%,1,0,1,0,0,11,2,1,0,0,0,8,4,2,0,3,2,1,6,3,0,4,8,5,9,4,6,5,8987.6,3274.2,3722.7,1621.4,271.4,98,128,24,28.7,0,4,5,1,0,0
25,D,DENMARK,UEFA,ENGLAND,0?€1,LOSE,13,4_2_3_1,MF,STARTING,22,19,86%,0,0,0,10,8,80%,1,0,1,0,0,32,22,5,1,0,2,2,8,4,2,5,2,10,25,5,0,5,3,7,55,12,5,9,9951.7,3319.9,3719,2466,298.6,148.3,209,30,29.4,0,4,5,1,50,0
25,D,DENMARK,UEFA,ENGLAND,0?€1,LOSE,13,4_2_3_1,FW,STARTING,12,9,75%,0,0,0,0,0,0,1,1,0,2,0,23,0,6,0,1,15,1,4,1,0,4,0,3,38,4,0,5,1,3,23,13,4,1,10197.9,4123,3130.7,2227.2,554.8,162.1,189,49,26.8,0,4,5,1,0,0
25,D,DENMARK,UEFA,ENGLAND,0?€1,LOSE,13,4_2_3_1,DF,STARTING,35,19,54%,1,4,0,14,4,28%,1,0,1,0,0,19,8,0,0,0,1,10,6,3,1,4,1,4,12,0,0,0,4,4,26,12,2,4,10430.6,3361.8,4312,1914,679,162.7,160,49,28.2,0,4,5,1,33.33333333,0
25,D,DENMARK,UEFA,ENGLAND,0?€1,LOSE,13,4_2_3_1,MF,STARTING,21,16,76%,0,1,0,7,3,42%,0,0,0,1,0,54,12,31,0,2,4,5,7,7,2,3,0,14,38,0,1,3,3,7,70,28,8,2,11011.6,3541.3,4366.1,2323.4,572.6,207,190,53,27.9,0,4,5,1,28.57142857,0
25,D,DENMARK,UEFA,ENGLAND,0?€1,LOSE,13,4_2_3_1,MF,STARTING,16,11,69%,1,2,0,8,5,62%,0,0,0,1,0,14,2,1,0,1,6,4,4,4,0,3,1,11,17,0,0,0,0,9,22,16,2,3,9506.3,2643.7,3851,2029.6,662.6,319.4,187,57,31.4,0,4,5,1,0,0
25,D,DENMARK,UEFA,ENGLAND,0?€1,LOSE,13,4_2_3_1,MF,STARTING,19,12,63%,0,1,0,8,4,50%,3,2,1,1,0,21,1,0,3,1,13,3,7,8,3,2,1,9,24,1,0,1,3,2,19,10,5,6,10747.3,3697.1,3880.8,2400.9,404.1,364.3,200,46,30.9,0,4,5,1,37.5,0
25,D,DENMARK,UEFA,ENGLAND,0?€1,LOSE,13,4_2_3_1,MF,Substitutions,3,2,67%,0,0,0,0,0,0%,0,0,0,0,0,2,1,1,0,0,0,0,1,0,0,0,0,0,0,0,0,0,0,0,4,0,0,0,782.4,295,250.9,203.5,27.5,5.6,15,3,23.2,0,4,5,1,0,0
25,D,DENMARK,UEFA,ENGLAND,0?€1,LOSE,13,4_2_3_1,MF,Substitutions,0,0,0,0,0,0,0,0,0,0,0,0,0,0,0,0,0,0,0,0,0,0,0,0,0,0,0,0,0,0,0,0,0,0,0,0,0,0,0,0,0,0,0,0,0,0,0,4,5,1,0,0
25,D,DENMARK,UEFA,ENGLAND,0?€1,LOSE,13,4_2_3_1,FW,Substitutions,4,3,75%,0,0,0,1,1,100%,0,0,0,1,0,10,1,3,0,0,5,1,1,2,0,1,0,4,11,1,0,1,0,0,10,5,2,0,2777.4,855.2,868.5,759.1,239.1,55.3,62,19,27.4,0,4,5,1,0,0
25,D,DENMARK,UEFA,ENGLAND,0?€1,LOSE,13,4_2_3_1,DF,Substitutions,0,0,0,0,0,0,0,0,0,0,0,0,0,0,0,0,0,0,0,0,0,0,0,0,0,0,0,0,0,0,0,0,0,0,0,0,0,0,0,0,0,0,0,0,0,0,0,4,5,1,0,0
25,D,DENMARK,UEFA,ENGLAND,0?€1,LOSE,13,4_2_3_1,MF,Substitutions,1,1,100%,0,3,1,1,0,0,1,1,0,0,0,8,0,2,1,1,3,1,2,0,0,0,0,1,2,0,0,0,0,2,3,3,0,0,2218.8,645.7,821.9,585.6,117.4,48.6,44,12,28,0,4,5,1,0,33.33333333
25,D,DENMARK,UEFA,ENGLAND,0?€1,LOSE,13,4_2_3_1,MF,Substitutions,4,2,50%,0,1,0,0,0,0,0,0,0,0,0,9,0,2,1,1,2,3,1,0,0,0,0,1,7,0,0,0,0,2,8,6,0,0,2115.4,617.7,839.8,490.6,90.1,77.2,43,9,29,0,4,5,1,0,0
25,D,DENMARK,UEFA,ENGLAND,0?€1,LOSE,13,4_2_3_1,GK,Substitutions,0,0,0,0,0,0,0,0,0,0,0,0,0,0,0,0,0,0,0,0,0,0,0,0,0,0,0,0,0,0,0,0,0,0,0,0,0,0,0,0,0,0,0,0,0,0,0,4,5,1,0,0
25,D,DENMARK,UEFA,ENGLAND,0?€1,LOSE,13,4_2_3_1,DF,Substitutions,0,0,0,0,0,0,0,0,0,0,0,0,0,0,0,0,0,0,0,0,0,0,0,0,0,0,0,0,0,0,0,0,0,0,0,0,0,0,0,0,0,0,0,0,0,0,0,4,5,1,0,0
25,D,DENMARK,UEFA,ENGLAND,0?€1,LOSE,13,4_2_3_1,FW,Substitutions,0,0,0,0,0,0,0,0,0,0,0,0,0,0,0,0,0,0,0,0,0,0,0,0,0,0,0,0,0,0,0,0,0,0,0,0,0,0,0,0,0,0,0,0,0,0,0,4,5,1,0,0
25,D,DENMARK,UEFA,ENGLAND,0?€1,LOSE,13,4_2_3_1,FW,Substitutions,0,0,0,0,0,0,0,0,0,0,0,0,0,0,0,0,0,0,0,0,0,0,0,0,0,0,0,0,0,0,0,0,0,0,0,0,0,0,0,0,0,0,0,0,0,0,0,4,5,1,0,0
25,D,DENMARK,UEFA,ENGLAND,0?€1,LOSE,13,4_2_3_1,GK,Substitutions,0,0,0,0,0,0,0,0,0,0,0,0,0,0,0,0,0,0,0,0,0,0,0,0,0,0,0,0,0,0,0,0,0,0,0,0,0,0,0,0,0,0,0,0,0,0,0,4,5,1,0,0
25,D,DENMARK,UEFA,ENGLAND,0?€1,LOSE,13,4_2_3_1,DF,Substitutions,0,0,0,0,0,0,0,0,0,0,0,0,0,0,0,0,0,0,0,0,0,0,0,0,0,0,0,0,0,0,0,0,0,0,0,0,0,0,0,0,0,0,0,0,0,0,0,4,5,1,0,0
40,D,DENMARK,UEFA,HAITI,2?€0,WIN,13,4_2_3_1,GK,STARTING,33,22,67%,0,0,0,12,5,41%,0,0,0,0,0,14,0,0,0,0,0,14,2,0,0,0,0,0,0,0,0,0,1,4,0,0,5,0,5729.3,3703.4,1509.7,438.3,71.6,6.9,37,4,26,2,4,5,1,0,0
40,D,DENMARK,UEFA,HAITI,2?€0,WIN,13,4_2_3_1,DF,STARTING,50,41,82%,0,0,0,17,12,70%,0,0,0,0,0,13,3,0,0,0,0,10,6,2,2,5,1,4,0,5,0,5,10,6,4,1,11,8,9740.9,3808.7,3803.8,1755.3,273.7,98.4,147,24,28.1,2,4,5,1,100,0
40,D,DENMARK,UEFA,HAITI,2?€0,WIN,13,4_2_3_1,DF,STARTING,46,39,85%,0,0,0,17,11,64%,0,0,0,0,0,2,0,0,0,0,0,2,2,1,0,5,1,0,2,1,0,2,9,8,0,0,7,6,9716.7,3628.2,3917.8,1795.6,316.8,59.3,151,27,27,2,4,5,1,0,0
40,D,DENMARK,UEFA,HAITI,2?€0,WIN,13,4_2_3_1,MF,STARTING,39,33,85%,1,0,0,13,10,76%,0,0,0,1,0,31,14,13,1,1,1,1,9,4,2,5,1,8,14,4,1,6,8,12,8,5,7,10,9674.8,3078.5,3596.1,2391.6,380.2,229.3,179,39,27.1,2,4,5,1,50,0
40,D,DENMARK,UEFA,HAITI,2?€0,WIN,13,4_2_3_1,FW,STARTING,26,18,69%,0,3,1,6,3,50%,1,1,0,2,0,47,0,11,0,1,31,4,12,6,0,4,0,9,19,0,0,1,2,7,16,11,1,4,11525.6,4153.8,3647.8,2697,614.3,411.5,230,60,29.8,2,4,5,1,0,33.33333333
40,D,DENMARK,UEFA,HAITI,2?€0,WIN,13,4_2_3_1,FW,STARTING,37,24,65%,1,0,0,18,10,55%,1,1,0,2,1,56,0,29,4,4,12,7,11,5,1,1,1,7,11,3,1,6,1,10,8,3,2,5,10481.3,4021.7,3122.4,2582.6,599.5,155.1,211,45,26.7,2,4,5,1,20,0
40,D,DENMARK,UEFA,HAITI,2?€0,WIN,13,4_2_3_1,DF,STARTING,60,51,85%,0,5,0,27,20,74%,2,0,2,0,0,13,4,0,1,0,2,6,8,1,0,3,6,4,9,0,0,0,5,8,13,6,11,3,11919.2,3778.4,4494.7,2815.3,619.8,211,203,43,27.7,2,4,5,1,0,0
40,D,DENMARK,UEFA,HAITI,2?€0,WIN,13,4_2_3_1,MF,STARTING,38,34,89%,2,0,0,15,13,86%,4,0,4,0,0,77,30,40,1,1,1,4,16,9,2,4,0,6,12,1,0,1,4,12,15,4,5,7,9973.1,2812.4,4202.7,2355.7,499.7,102.7,168,39,30.1,2,4,5,1,22.22222222,0
40,D,DENMARK,UEFA,HAITI,2?€0,WIN,13,4_2_3_1,MF,STARTING,18,14,78%,0,9,2,8,4,50%,2,1,1,0,0,27,0,2,1,1,20,3,5,2,1,9,0,3,7,0,0,0,3,6,11,4,4,4,8027.5,2500.6,2971.8,1905.7,442.3,207.1,132,32,30.1,2,4,5,1,50,22.22222222
40,D,DENMARK,UEFA,HAITI,2?€0,WIN,13,4_2_3_1,MF,STARTING,20,15,75%,0,2,0,3,1,33%,2,2,0,1,0,24,1,5,0,1,13,4,7,0,0,1,0,3,18,1,0,3,2,5,7,5,3,2,8511.8,2174.8,3114.5,2279.5,688.6,254.5,179,51,29,2,4,5,1,0,0
40,D,DENMARK,UEFA,HAITI,2?€0,WIN,13,4_2_3_1,DF,STARTING,47,35,74%,1,5,0,21,13,61%,3,1,2,0,0,28,2,1,0,0,5,20,15,4,1,0,0,3,5,1,0,2,8,8,5,1,5,4,11395.7,3672.8,3941.8,2831.8,684.9,264.4,218,52,28.3,2,4,5,1,25,0
40,D,DENMARK,UEFA,HAITI,2?€0,WIN,13,4_2_3_1,MF,Substitutions,5,5,100%,0,0,0,2,2,100%,0,0,0,1,0,8,2,6,0,0,0,0,1,1,1,0,0,2,4,1,0,2,1,3,5,0,3,0,2390.4,646.9,841.4,803.9,98,0,51,7,23.5,2,4,5,1,100,0
40,D,DENMARK,UEFA,HAITI,2?€0,WIN,13,4_2_3_1,DF,Substitutions,0,0,0,0,0,0,0,0,0,0,0,0,0,0,0,0,0,0,0,0,0,0,0,0,0,0,0,0,0,0,0,0,0,0,0,0,0,0,0,0,0,0,0,0,0,0,2,4,5,1,0,0
40,D,DENMARK,UEFA,HAITI,2?€0,WIN,13,4_2_3_1,MF,Substitutions,6,3,50%,0,0,0,3,1,33%,0,0,0,1,1,3,0,2,0,0,1,0,2,1,1,0,0,1,2,1,0,1,1,2,1,1,1,0,2283.9,726.1,679.2,599.3,211.7,67.4,54,17,27,2,4,5,1,100,0
40,D,DENMARK,UEFA,HAITI,2?€0,WIN,13,4_2_3_1,MF,Substitutions,0,0,0,0,0,0,0,0,0,0,0,0,0,0,0,0,0,0,0,0,0,0,0,0,0,0,0,0,0,0,0,0,0,0,0,0,0,0,0,0,0,0,0,0,0,0,2,4,5,1,0,0
40,D,DENMARK,UEFA,HAITI,2?€0,WIN,13,4_2_3_1,DF,Substitutions,0,0,0,0,0,0,0,0,0,0,0,0,0,0,0,0,0,0,0,0,0,0,0,0,0,0,0,0,0,0,0,0,0,0,0,0,0,0,0,0,0,0,0,0,0,0,2,4,5,1,0,0
40,D,DENMARK,UEFA,HAITI,2?€0,WIN,13,4_2_3_1,MF,Substitutions,0,0,0,0,0,0,0,0,0,0,0,0,0,0,0,0,0,0,0,0,0,0,0,0,0,0,0,0,0,0,0,0,0,0,0,0,0,0,0,0,0,0,0,0,0,0,2,4,5,1,0,0
40,D,DENMARK,UEFA,HAITI,2?€0,WIN,13,4_2_3_1,GK,Substitutions,0,0,0,0,0,0,0,0,0,0,0,0,0,0,0,0,0,0,0,0,0,0,0,0,0,0,0,0,0,0,0,0,0,0,0,0,0,0,0,0,0,0,0,0,0,0,2,4,5,1,0,0
40,D,DENMARK,UEFA,HAITI,2?€0,WIN,13,4_2_3_1,DF,Substitutions,0,0,0,0,0,0,0,0,0,0,0,0,0,0,1,0,0,0,0,0,1,0,0,0,0,0,1,0,0,0,0,0,0,1,1,0,0,1112.5,322.8,475.7,238,65,11.1,17,3,25.2,2,4,5,1,0,0
40,D,DENMARK,UEFA,HAITI,2?€0,WIN,13,4_2_3_1,FW,Substitutions,9,6,67%,0,0,0,4,3,75%,1,1,0,0,0,12,0,3,0,0,9,0,2,0,0,0,0,1,13,0,0,0,0,2,11,8,0,0,4224.4,1189.6,1255.5,1355.6,304.2,119.5,102,26,28.3,2,4,5,1,0,0
40,D,DENMARK,UEFA,HAITI,2?€0,WIN,13,4_2_3_1,FW,Substitutions,17,14,82%,0,0,0,4,3,75%,1,1,0,1,0,11,0,1,0,2,4,4,5,1,0,0,0,1,2,0,0,0,0,4,5,2,1,0,4262.3,1391.7,1355.9,1136.3,251.9,126.6,80,24,28.9,2,4,5,1,0,0
40,D,DENMARK,UEFA,HAITI,2?€0,WIN,13,4_2_3_1,GK,Substitutions,0,0,0,0,0,0,0,0,0,0,0,0,0,0,0,0,0,0,0,0,0,0,0,0,0,0,0,0,0,0,0,0,0,0,0,0,0,0,0,0,0,0,0,0,0,0,2,4,5,1,0,0
40,D,DENMARK,UEFA,HAITI,2?€0,WIN,13,4_2_3_1,DF,Substitutions,0,0,0,0,0,0,0,0,0,0,0,0,0,0,0,0,0,0,0,0,0,0,0,0,0,0,0,0,0,0,0,0,0,0,0,0,0,0,0,0,0,0,0,0,0,0,2,4,5,1,0,0
39,D,ENGLAND,UEFA,CHINA PR,6?€1,WIN,4,3_4_1_2,GK,STARTING,25,25,1,0,0,0,1,1,1,0,0,0,0,0,12,0,0,0,0,0,12,6,0,0,0,0,0,0,0,0,0,0,0,0,0,3,0,4923.2,4370.4,498.7,54.2,0,0,9,0,19.2,6,3,5,2,0,0
39,D,ENGLAND,UEFA,CHINA PR,6?€1,WIN,4,3_4_1_2,MF,STARTING,64,50,0.78,0,1,1,13,8,0.61,4,2,2,2,0,46,8,0,2,0,16,20,20,6,1,2,1,6,10,4,0,5,1,8,9,7,3,4,7883,2872.6,2074.8,1839.1,556.5,540,173,55,29.1,6,3,5,2,16.66666667,100
39,D,ENGLAND,UEFA,CHINA PR,6?€1,WIN,4,3_4_1_2,DF,STARTING,148,136,0.92,5,1,0,40,33,0.82,3,1,2,0,0,95,15,2,0,1,1,76,61,4,2,2,0,4,5,2,0,2,4,5,17,4,5,3,9853.8,3301,4045,2065.3,327.1,115.3,178,30,27,6,3,5,2,50,0
39,D,ENGLAND,UEFA,CHINA PR,6?€1,WIN,4,3_4_1_2,DF,STARTING,148,141,0.95,1,0,0,28,25,0.89,0,0,0,0,0,43,2,0,0,0,2,39,14,4,2,2,1,5,6,4,0,4,15,7,19,7,9,12,10081.2,3872.2,3985.1,1944.7,213.7,66.5,181,20,25.7,6,3,5,2,50,0
39,D,ENGLAND,UEFA,CHINA PR,6?€1,WIN,4,3_4_1_2,FW,STARTING,41,37,0.9,0,2,0,6,5,0.83,0,0,0,2,2,69,15,25,0,7,13,9,23,3,2,3,0,3,8,2,0,4,3,9,17,3,6,2,8648.7,2931.1,3637.7,1734.1,265.5,80.4,138,23,25.9,6,3,5,2,66.66666667,0
39,D,ENGLAND,UEFA,CHINA PR,6?€1,WIN,4,3_4_1_2,MF,STARTING,28,26,0.93,1,2,1,7,6,0.85,3,1,2,1,0,63,20,30,3,3,3,4,24,1,0,5,0,2,8,2,0,2,2,6,14,6,3,2,5478.6,1885.7,1923,1404.7,256.9,7.7,104,18,24.7,6,3,5,2,0,50
39,D,ENGLAND,UEFA,CHINA PR,6?€1,WIN,4,3_4_1_2,MF,STARTING,47,40,0.85,0,3,2,6,4,0.66,0,0,0,2,1,57,13,0,0,0,7,37,18,6,3,5,1,6,15,4,0,5,4,9,14,8,7,6,11233.2,3992.3,3484.5,2940.8,596.5,219,260,53,28.7,6,3,5,2,50,66.66666667
39,D,ENGLAND,UEFA,CHINA PR,6?€1,WIN,4,3_4_1_2,FW,STARTING,11,10,0.91,0,2,0,2,2,1,3,0,3,3,1,25,0,11,0,1,13,0,7,1,1,1,0,4,11,2,0,2,0,1,6,3,1,0,7544,3084.7,2346.2,1508,377.2,228.6,151,41,28.9,6,3,5,2,100,0
39,D,ENGLAND,UEFA,CHINA PR,6?€1,WIN,4,3_4_1_2,DF,STARTING,115,107,0.93,1,0,0,24,20,0.83,1,0,1,0,0,34,6,0,0,0,0,28,19,1,0,2,0,4,7,1,0,2,4,11,20,8,2,3,9715.8,3292.7,4114.7,1976.2,173.9,158.4,168,21,29.4,6,3,5,2,0,0
39,D,ENGLAND,UEFA,CHINA PR,6?€1,WIN,4,3_4_1_2,MF,STARTING,70,67,0.96,1,4,1,15,13,0.86,0,0,0,0,0,77,46,20,0,1,0,10,34,4,2,3,0,8,13,3,0,4,3,11,16,7,3,5,11301.3,3265,5594.2,2251.2,161.6,30.5,192,15,24.1,6,3,5,2,50,25
39,D,ENGLAND,UEFA,CHINA PR,6?€1,WIN,4,3_4_1_2,FW,STARTING,14,11,0.79,1,3,1,2,2,1,0,0,0,2,1,19,2,6,0,1,10,0,5,1,0,1,0,2,8,0,1,3,0,5,9,4,1,1,8100.1,3064.3,2592.8,1927.8,356.4,158.8,163,35,31.2,6,3,5,2,0,33.33333333
39,D,ENGLAND,UEFA,CHINA PR,6?€1,WIN,4,3_4_1_2,DF,Substitutions,18,18,1,0,1,0,6,6,1,1,0,1,0,0,30,7,0,0,0,12,11,9,1,0,0,1,1,3,0,0,0,1,3,2,1,1,1,3133.9,1151.4,959,741.2,204.6,77.7,63,16,28.6,6,3,5,2,0,0
39,D,ENGLAND,UEFA,CHINA PR,6?€1,WIN,4,3_4_1_2,MF,Substitutions,0,0,0,0,0,0,0,0,0,0,0,0,0,0,0,0,0,0,0,0,0,0,0,0,0,0,0,0,0,0,0,0,0,0,0,0,0,0,0,0,0,0,0,0,0,0,6,3,5,2,0,0
39,D,ENGLAND,UEFA,CHINA PR,6?€1,WIN,4,3_4_1_2,MF,Substitutions,16,15,0.94,0,1,0,3,3,1,0,0,0,0,0,36,20,6,0,2,1,7,11,0,0,1,0,1,1,0,0,0,0,1,1,0,0,0,2217.2,638.3,849.9,593.1,123.9,12,42,7,24.2,6,3,5,2,0,0
39,D,ENGLAND,UEFA,CHINA PR,6?€1,WIN,4,3_4_1_2,MF,Substitutions,0,0,0,0,0,0,0,0,0,0,0,0,0,0,0,0,0,0,0,0,0,0,0,0,0,0,0,0,0,0,0,0,0,0,0,0,0,0,0,0,0,0,0,0,0,0,6,3,5,2,0,0
39,D,ENGLAND,UEFA,CHINA PR,6?€1,WIN,4,3_4_1_2,GK,Substitutions,0,0,0,0,0,0,0,0,0,0,0,0,0,0,0,0,0,0,0,0,0,0,0,0,0,0,0,0,0,0,0,0,0,0,0,0,0,0,0,0,0,0,0,0,0,0,6,3,5,2,0,0
39,D,ENGLAND,UEFA,CHINA PR,6?€1,WIN,4,3_4_1_2,DF,Substitutions,0,0,0,0,0,0,0,0,0,0,0,0,0,0,0,0,0,0,0,0,0,0,0,0,0,0,0,0,0,0,0,0,0,0,0,0,0,0,0,0,0,0,0,0,0,0,6,3,5,2,0,0
39,D,ENGLAND,UEFA,CHINA PR,6?€1,WIN,4,3_4_1_2,DF,Substitutions,0,0,0,0,0,0,0,0,0,0,0,0,0,0,0,0,0,0,0,0,0,0,0,0,0,0,0,0,0,0,0,0,0,0,0,0,0,0,0,0,0,0,0,0,0,0,6,3,5,2,0,0
39,D,ENGLAND,UEFA,CHINA PR,6?€1,WIN,4,3_4_1_2,MF,Substitutions,21,16,0.76,0,0,0,2,2,1,0,0,0,3,0,57,11,25,2,7,11,1,14,2,0,3,1,5,8,2,0,3,1,3,11,6,3,3,5728,1913.2,2137.7,1317.5,288.7,71.6,116,26,25.9,6,3,5,2,0,0
39,D,ENGLAND,UEFA,CHINA PR,6?€1,WIN,4,3_4_1_2,FW,Substitutions,8,6,0.75,0,1,1,2,1,0.5,2,2,0,2,1,22,4,6,0,0,11,1,5,1,1,0,0,0,2,0,0,0,0,2,0,0,1,0,2862.9,1164.1,1010,426.6,124.8,137.4,48,18,29.2,6,3,5,2,100,100
39,D,ENGLAND,UEFA,CHINA PR,6?€1,WIN,4,3_4_1_2,FW,Substitutions,10,9,0.9,0,0,0,2,1,0.5,0,0,0,0,0,23,0,8,0,0,14,1,6,1,1,0,0,1,4,1,0,1,0,2,5,3,1,0,3131.7,1081.7,1129.6,673.3,156.6,90.2,59,17,27.4,6,3,5,2,100,0
39,D,ENGLAND,UEFA,CHINA PR,6?€1,WIN,4,3_4_1_2,GK,Substitutions,0,0,0,0,0,0,0,0,0,0,0,0,0,0,0,0,0,0,0,0,0,0,0,0,0,0,0,0,0,0,0,0,0,0,0,0,0,0,0,0,0,0,0,0,0,0,6,3,5,2,0,0
39,D,ENGLAND,UEFA,CHINA PR,6?€1,WIN,4,3_4_1_2,FW,Substitutions,0,0,0,0,0,0,0,0,0,0,0,0,0,0,0,0,0,0,0,0,0,0,0,0,0,0,0,0,0,0,0,0,0,0,0,0,0,0,0,0,0,0,0,0,0,0,6,3,5,2,0,0
25,D,ENGLAND,UEFA,DENMARK,1?€0,WIN,4,4_3_3,GK,STARTING,32,28,88%,0,0,0,2,0,0,0,0,0,0,0,9,0,0,0,0,0,9,5,0,0,0,0,0,0,0,0,0,0,2,0,0,5,0,4570.6,3989.7,518.8,62.2,0,0,0,0,18.3,1,4,3,3,0,0
25,D,ENGLAND,UEFA,DENMARK,1?€0,WIN,4,4_3_3,FW,STARTING,82,66,80%,0,5,1,25,16,64%,4,1,3,3,0,21,5,3,0,0,10,3,6,3,0,4,0,8,7,3,0,4,1,13,15,6,3,2,9779.7,3710.4,2963.2,2124.1,710,271.9,176,53,29.2,1,4,3,3,0,20
25,D,ENGLAND,UEFA,DENMARK,1?€0,WIN,4,4_3_3,MF,STARTING,29,27,93%,1,0,0,5,5,100%,0,0,0,0,0,39,32,5,0,0,0,2,15,2,0,2,0,1,2,0,0,0,1,3,7,1,1,2,3625.3,1314.2,1289.5,784.5,208.5,28.6,67,11,25,1,4,3,3,0,0
25,D,ENGLAND,UEFA,DENMARK,1?€0,WIN,4,4_3_3,FW,STARTING,102,94,92%,1,5,3,22,17,77%,4,1,3,0,0,31,2,0,0,0,0,29,20,1,1,1,1,1,2,4,0,4,8,4,7,3,6,6,8754.7,3230.5,3066.8,2151,236.4,70,171,23,28.7,1,4,3,3,100,60
25,D,ENGLAND,UEFA,DENMARK,1?€0,WIN,4,4_3_3,FW,STARTING,76,63,83%,1,0,0,23,15,65%,0,0,0,0,0,11,1,0,0,0,1,9,6,0,0,2,0,1,0,1,0,2,6,11,2,1,4,5,9192.1,3792.6,3287.1,1745.6,335.5,32.2,158,29,26.5,1,4,3,3,0,0
25,D,ENGLAND,UEFA,DENMARK,1?€0,WIN,4,4_3_3,FW,STARTING,44,40,91%,0,4,1,6,4,66%,2,2,0,3,1,38,8,10,2,4,5,9,19,2,1,3,0,2,9,0,1,2,1,5,13,4,2,2,9594.8,3780.4,3322.7,1872,448.1,171.7,156,43,27.4,1,4,3,3,50,25
25,D,ENGLAND,UEFA,DENMARK,1?€0,WIN,4,4_3_3,MF,STARTING,68,56,82%,0,0,0,13,10,76%,2,2,0,0,0,73,45,19,2,4,1,2,24,3,1,5,1,3,5,4,0,5,3,9,5,0,10,2,10055.8,3698.5,3789,2292.7,249.4,26.1,168,20,26.8,1,4,3,3,33.33333333,0
25,D,ENGLAND,UEFA,DENMARK,1?€0,WIN,4,4_3_3,FW,STARTING,83,72,87%,3,3,1,27,19,70%,0,0,0,0,0,38,19,0,0,0,7,12,15,4,2,1,0,5,2,3,0,3,9,12,14,5,12,8,9969,3918.8,3267.8,2084.5,394.8,303.1,180,41,30.3,1,4,3,3,50,33.33333333
25,D,ENGLAND,UEFA,DENMARK,1?€0,WIN,4,4_3_3,MF,STARTING,32,30,94%,0,0,0,4,4,100%,1,1,0,2,0,58,14,18,2,8,13,3,19,1,0,1,0,3,11,1,0,2,1,4,9,5,3,0,8412.4,2882.9,2993.1,1925.6,481.2,130.4,168,36,26.9,1,4,3,3,0,0
25,D,ENGLAND,UEFA,DENMARK,1?€0,WIN,4,4_3_3,FW,STARTING,23,17,74%,0,10,2,5,3,60%,2,1,1,1,0,40,2,4,2,1,27,4,15,2,0,0,0,6,20,0,0,1,1,5,20,15,1,3,9481.5,3746.1,3164,1666.8,587.9,317.6,146,48,28.1,1,4,3,3,0,20
25,D,ENGLAND,UEFA,DENMARK,1?€0,WIN,4,4_3_3,FW,STARTING,15,13,87%,0,0,0,1,0,0,1,0,1,1,0,38,2,25,2,2,6,1,9,0,0,1,0,0,18,1,0,1,0,4,24,8,0,0,9026.5,3034.7,2985.1,2484.1,426.1,95.7,192,40,26,1,4,3,3,0,0
25,D,ENGLAND,UEFA,DENMARK,1?€0,WIN,4,4_3_3,DF,Substitutions,0,0,0,0,0,0,0,0,0,0,0,0,0,0,0,0,0,0,0,0,0,0,0,0,0,0,0,0,0,0,0,0,0,0,0,0,0,0,0,0,0,0,0,0,0,0,1,4,3,3,0,0
25,D,ENGLAND,UEFA,DENMARK,1?€0,WIN,4,4_3_3,FW,Substitutions,3,3,100%,0,0,0,0,0,0,0,0,0,0,0,8,0,0,0,0,5,3,3,1,0,2,0,1,4,0,0,0,2,0,3,3,1,2,1934.2,597.7,704.8,421.5,123.2,87,41,13,27.6,1,4,3,3,0,0
25,D,ENGLAND,UEFA,DENMARK,1?€0,WIN,4,4_3_3,DF,Substitutions,0,0,0,0,0,0,0,0,0,0,0,0,0,0,0,0,0,0,0,0,0,0,0,0,0,0,0,0,0,0,0,0,0,0,0,0,0,0,0,0,0,0,0,0,0,0,1,4,3,3,0,0
25,D,ENGLAND,UEFA,DENMARK,1?€0,WIN,4,4_3_3,GK,Substitutions,0,0,0,0,0,0,0,0,0,0,0,0,0,0,0,0,0,0,0,0,0,0,0,0,0,0,0,0,0,0,0,0,0,0,0,0,0,0,0,0,0,0,0,0,0,0,1,4,3,3,0,0
25,D,ENGLAND,UEFA,DENMARK,1?€0,WIN,4,4_3_3,DF,Substitutions,0,0,0,0,0,0,0,0,0,0,0,0,0,0,0,0,0,0,0,0,0,0,0,0,0,0,0,0,0,0,0,0,0,0,0,0,0,0,0,0,0,0,0,0,0,0,1,4,3,3,0,0
25,D,ENGLAND,UEFA,DENMARK,1?€0,WIN,4,4_3_3,DF,Substitutions,0,0,0,0,0,0,0,0,0,0,0,0,0,0,0,0,0,0,0,0,0,0,0,0,0,0,0,0,0,0,0,0,0,0,0,0,0,0,0,0,0,0,0,0,0,0,1,4,3,3,0,0
25,D,ENGLAND,UEFA,DENMARK,1?€0,WIN,4,4_3_3,DF,Substitutions,0,0,0,0,0,0,0,0,0,0,0,0,0,0,0,0,0,0,0,0,0,0,0,0,0,0,0,0,0,0,0,0,0,0,0,0,0,0,0,0,0,0,0,0,0,0,1,4,3,3,0,0
25,D,ENGLAND,UEFA,DENMARK,1?€0,WIN,4,4_3_3,MF,Substitutions,20,17,85%,0,0,0,6,4,66%,0,0,0,0,0,41,10,15,1,5,4,6,10,1,0,2,0,5,11,0,0,1,3,1,22,7,1,4,6861.9,2176.6,2610.3,1667.4,339.7,68.6,134,29,29.8,1,4,3,3,0,0
25,D,ENGLAND,UEFA,DENMARK,1?€0,WIN,4,4_3_3,FW,Substitutions,3,3,100%,0,0,0,0,0,0,0,0,0,1,0,12,0,9,0,1,2,0,3,0,0,0,1,1,8,0,0,0,0,0,3,3,1,0,2002.6,599,766.4,456.2,152.6,28.2,35,11,26.3,1,4,3,3,0,0
25,D,ENGLAND,UEFA,DENMARK,1?€0,WIN,4,4_3_3,MF,Substitutions,0,0,0,0,0,0,0,0,0,0,0,0,0,0,0,0,0,0,0,0,0,0,0,0,0,0,0,0,0,0,0,0,0,0,0,0,0,0,0,0,0,0,0,0,0,0,1,4,3,3,0,0
25,D,ENGLAND,UEFA,DENMARK,1?€0,WIN,4,4_3_3,GK,Substitutions,0,0,0,0,0,0,0,0,0,0,0,0,0,0,0,0,0,0,0,0,0,0,0,0,0,0,0,0,0,0,0,0,0,0,0,0,0,0,0,0,0,0,0,0,0,0,1,4,3,3,0,0
25,D,ENGLAND,UEFA,DENMARK,1?€0,WIN,4,4_3_3,FW,Substitutions,0,0,0,0,0,0,0,0,0,0,0,0,0,0,0,0,0,0,0,0,0,0,0,0,0,0,0,0,0,0,0,0,0,0,0,0,0,0,0,0,0,0,0,0,0,0,1,4,3,3,0,0
7,D,ENGLAND,UEFA,HAITI,1?€0,WIN,4,4_3_3,GK,STARTING,23,21,91%,0,0,0,2,1,50%,0,0,0,0,0,3,0,0,0,0,0,3,2,0,0,0,0,0,0,0,0,0,0,3,0,0,3,0,4797.9,4227.9,500.9,69.1,0,0,0,0,18.5,1,4,3,3,0,0
7,D,ENGLAND,UEFA,HAITI,1?€0,WIN,4,4_3_3,DF,STARTING,65,56,86%,0,5,2,15,12,80%,1,1,0,1,0,46,11,3,1,2,3,26,14,5,2,3,0,4,2,4,0,6,3,8,7,2,4,4,10486.4,3788.7,3171.1,2332.2,798,395.3,208,61,28.9,1,4,3,3,40,40
7,D,ENGLAND,UEFA,HAITI,1?€0,WIN,4,4_3_3,MF,STARTING,61,59,97%,1,0,0,19,18,94%,1,0,1,0,0,75,37,28,1,5,0,4,32,11,2,2,0,14,4,1,0,3,5,5,11,4,5,10,10413.5,3821.8,3812.4,2258.7,336.4,184.3,179,26,28.5,1,4,3,3,18.18181818,0
7,D,ENGLAND,UEFA,HAITI,1?€0,WIN,4,4_3_3,DF,STARTING,109,95,87%,2,6,1,31,22,70%,0,0,0,0,0,39,17,0,0,1,4,17,25,4,3,1,4,4,11,3,1,5,6,6,20,10,16,3,10314.3,3339.8,3898.8,2268.1,500.2,307.4,201,42,29,1,4,3,3,75,16.66666667
7,D,ENGLAND,UEFA,HAITI,1?€0,WIN,4,4_3_3,DF,STARTING,87,77,89%,0,0,0,31,27,87%,2,1,1,1,0,15,2,0,0,0,0,13,4,1,0,1,0,3,3,5,0,6,12,7,9,3,9,5,9304.2,3869.6,3095.5,1859,266.1,213.1,153,24,29.1,1,4,3,3,0,0
7,D,ENGLAND,UEFA,HAITI,1?€0,WIN,4,4_3_3,MF,STARTING,64,56,88%,0,1,1,15,12,80%,0,0,0,4,1,73,16,36,5,5,5,6,24,6,1,0,0,7,12,2,0,3,2,10,8,5,2,2,10465.8,3684,3970.7,2338.1,333.9,139.2,175,27,29,1,4,3,3,16.66666667,100
7,D,ENGLAND,UEFA,HAITI,1?€0,WIN,4,4_3_3,MF,STARTING,37,33,89%,0,0,0,7,6,85%,0,0,0,1,0,105,14,53,2,12,16,8,19,4,1,3,0,4,13,1,0,1,0,9,31,9,2,3,10589,3319.7,3896.8,2518.1,733.8,120.7,216,47,27.9,1,4,3,3,25,0
7,D,ENGLAND,UEFA,HAITI,1?€0,WIN,4,4_3_3,FW,STARTING,21,14,67%,0,6,1,3,2,66%,4,3,1,1,0,38,0,1,1,0,26,10,11,4,0,4,0,4,13,1,0,1,0,5,12,7,3,0,6628.6,2467.2,2082.7,1486.1,462.7,129.3,122,38,28.9,1,4,3,3,0,16.66666667
7,D,ENGLAND,UEFA,HAITI,1?€0,WIN,4,4_3_3,DF,STARTING,99,95,96%,1,0,0,22,21,95%,3,0,3,0,0,45,2,0,0,0,0,43,22,4,1,1,1,8,3,2,0,2,5,8,11,5,8,3,8943.5,3098.9,3647.1,1672.4,285.3,239.7,148,26,29.1,1,4,3,3,25,0
7,D,ENGLAND,UEFA,HAITI,1?€0,WIN,4,4_3_3,FW,STARTING,27,20,74%,0,11,5,5,3,60%,6,2,4,4,0,43,0,0,1,7,31,4,15,3,0,2,1,7,12,1,0,2,0,4,9,6,3,0,9905.8,4041.6,3523.5,1711.7,375.4,253.6,162,39,28.5,1,4,3,3,0,45.45454545
7,D,ENGLAND,UEFA,HAITI,1?€0,WIN,4,4_3_3,FW,STARTING,17,13,76%,0,0,0,2,1,50%,1,0,1,6,0,36,0,10,1,1,24,0,12,1,0,0,0,2,25,1,0,3,0,6,24,19,1,1,8921,3304.3,2726.3,2049.2,579,262.3,157,47,29.6,1,4,3,3,0,0
7,D,ENGLAND,UEFA,HAITI,1?€0,WIN,4,4_3_3,DF,Substitutions,0,0,0,0,0,0,0,0,0,0,0,0,0,0,0,0,0,0,0,0,0,0,0,0,0,0,0,0,0,0,0,0,0,0,0,0,0,0,0,0,0,0,0,0,0,0,1,4,3,3,0,0
7,D,ENGLAND,UEFA,HAITI,1?€0,WIN,4,4_3_3,FW,Substitutions,21,19,90%,1,3,0,4,2,50%,0,0,0,0,0,21,0,5,4,2,3,7,10,2,0,1,0,2,0,0,0,0,0,0,2,0,0,0,3455.6,1337.7,1279.6,667.3,114.7,56.3,58,13,26.5,1,4,3,3,0,0
7,D,ENGLAND,UEFA,HAITI,1?€0,WIN,4,4_3_3,FW,Substitutions,3,3,100%,0,0,0,0,0,0%,0,0,0,1,0,13,0,2,0,0,11,0,2,0,0,0,1,1,5,2,0,2,0,0,4,3,1,0,1906.2,782.1,472.7,386.8,255.4,9.1,41,21,25.8,1,4,3,3,0,0
7,D,ENGLAND,UEFA,HAITI,1?€0,WIN,4,4_3_3,MF,Substitutions,0,0,0,0,0,0,0,0,0,0,0,0,0,0,0,0,0,0,0,0,0,0,0,0,0,0,0,0,0,0,0,0,0,0,0,0,0,0,0,0,0,0,0,0,0,0,1,4,3,3,0,0
7,D,ENGLAND,UEFA,HAITI,1?€0,WIN,4,4_3_3,GK,Substitutions,0,0,0,0,0,0,0,0,0,0,0,0,0,0,0,0,0,0,0,0,0,0,0,0,0,0,0,0,0,0,0,0,0,0,0,0,0,0,0,0,0,0,0,0,0,0,1,4,3,3,0,0
7,D,ENGLAND,UEFA,HAITI,1?€0,WIN,4,4_3_3,DF,Substitutions,0,0,0,0,0,0,0,0,0,0,0,0,0,0,0,0,0,0,0,0,0,0,0,0,0,0,0,0,0,0,0,0,0,0,0,0,0,0,0,0,0,0,0,0,0,0,1,4,3,3,0,0
7,D,ENGLAND,UEFA,HAITI,1?€0,WIN,4,4_3_3,DF,Substitutions,0,0,0,0,0,0,0,0,0,0,0,0,0,0,0,0,0,0,0,0,0,0,0,0,0,0,0,0,0,0,0,0,0,0,0,0,0,0,0,0,0,0,0,0,0,0,1,4,3,3,0,0
7,D,ENGLAND,UEFA,HAITI,1?€0,WIN,4,4_3_3,MF,Substitutions,0,0,0,0,0,0,0,0,0,0,0,0,0,0,0,0,0,0,0,0,0,0,0,0,0,0,0,0,0,0,0,0,0,0,0,0,0,0,0,0,0,0,0,0,0,0,1,4,3,3,0,0
7,D,ENGLAND,UEFA,HAITI,1?€0,WIN,4,4_3_3,FW,Substitutions,0,0,0,0,0,0,0,0,0,0,0,0,0,0,0,0,0,0,0,0,0,0,0,0,0,0,0,0,0,0,0,0,0,0,0,0,0,0,0,0,0,0,0,0,0,0,1,4,3,3,0,0
7,D,ENGLAND,UEFA,HAITI,1?€0,WIN,4,4_3_3,MF,Substitutions,0,0,0,0,0,0,0,0,0,0,0,0,0,0,0,0,0,0,0,0,0,0,0,0,0,0,0,0,0,0,0,0,0,0,0,0,0,0,0,0,0,0,0,0,0,0,1,4,3,3,0,0
7,D,ENGLAND,UEFA,HAITI,1?€0,WIN,4,4_3_3,GK,Substitutions,0,0,0,0,0,0,0,0,0,0,0,0,0,0,0,0,0,0,0,0,0,0,0,0,0,0,0,0,0,0,0,0,0,0,0,0,0,0,0,0,0,0,0,0,0,0,1,4,3,3,0,0
7,D,ENGLAND,UEFA,HAITI,1?€0,WIN,4,4_3_3,FW,Substitutions,0,0,0,0,0,0,0,0,0,0,0,0,0,0,0,0,0,0,0,0,0,0,0,0,0,0,0,0,0,0,0,0,0,0,0,0,0,0,0,0,0,0,0,0,0,0,1,4,3,3,0,0
26,D,HAITI,CONCACAF,CHINA PR,0?€1,LOSE,53,4_2_3_1,GK,STARTING,19,17,89%,0,0,0,0,0,0,0,0,0,0,0,0,0,0,0,0,0,0,0,0,0,0,0,0,0,0,0,0,0,3,0,0,6,0,4286.7,3266.5,756.6,253.3,9.9,0,24,1,20.5,0,4,5,1,0,0
26,D,HAITI,CONCACAF,CHINA PR,0?€1,LOSE,53,4_2_3_1,DF,STARTING,60,47,78%,0,0,0,10,3,30%,3,0,3,0,0,1,0,0,0,0,0,1,1,8,1,1,1,7,6,0,1,1,8,8,5,2,4,7,8124.3,4158,2481.2,1093.5,215.3,176.3,106,25,29.6,0,4,5,1,12.5,0
26,D,HAITI,CONCACAF,CHINA PR,0?€1,LOSE,53,4_2_3_1,MF,STARTING,11,8,73%,0,0,0,3,2,66%,0,0,0,0,0,13,4,1,0,0,0,8,2,3,0,0,1,3,6,0,0,0,4,6,23,5,3,3,4832.2,1777.8,1624.1,1199.8,213.6,16.9,102,18,24.9,0,4,5,1,0,0
26,D,HAITI,CONCACAF,CHINA PR,0?€1,LOSE,53,4_2_3_1,MF,STARTING,9,6,67%,0,1,0,5,3,60%,3,3,0,1,0,24,1,3,1,3,7,9,5,5,2,2,0,10,22,5,0,6,0,5,18,11,2,1,7226.1,2191,3227.2,1566.6,185.7,55.6,114,17,28.8,0,4,5,1,40,0
26,D,HAITI,CONCACAF,CHINA PR,0?€1,LOSE,53,4_2_3_1,MF,STARTING,22,15,68%,0,4,1,9,4,44%,1,0,1,1,0,61,15,17,0,2,18,9,10,8,2,2,0,9,38,1,0,2,2,5,42,16,3,5,10108.1,3262.9,3515.6,2838.3,431.6,60.6,219,38,26.4,0,4,5,1,25,25
26,D,HAITI,CONCACAF,CHINA PR,0?€1,LOSE,53,4_2_3_1,MF,STARTING,15,9,60%,0,4,2,7,1,14%,6,5,1,3,0,44,9,2,1,4,17,11,16,4,0,0,0,7,15,0,0,0,0,5,16,11,1,1,8422,4052.7,2317.7,1456.2,383.2,212.2,152,44,27.7,0,4,5,1,0,50
26,D,HAITI,CONCACAF,CHINA PR,0?€1,LOSE,53,4_2_3_1,DF,STARTING,53,41,77%,0,1,0,16,10,62%,1,1,0,0,0,30,10,0,0,0,1,19,12,0,0,3,3,7,12,1,0,2,2,2,32,10,6,0,9606.7,3568.9,3771.6,1695.6,395.8,175.8,152,34,28.5,0,4,5,1,0,0
26,D,HAITI,CONCACAF,CHINA PR,0?€1,LOSE,53,4_2_3_1,MF,STARTING,28,25,89%,1,0,0,5,4,80%,2,2,0,0,0,15,6,4,0,0,0,5,3,5,1,0,1,5,13,1,0,2,0,13,13,6,3,2,7933.5,2833.8,3052,1908,123,16.7,156,12,25.5,0,4,5,1,20,0
26,D,HAITI,CONCACAF,CHINA PR,0?€1,LOSE,53,4_2_3_1,DF,STARTING,64,47,73%,0,1,0,23,12,52%,1,0,1,1,0,4,0,0,0,0,2,2,1,9,4,2,1,7,7,3,0,3,12,5,8,3,9,11,8980.4,4098.7,2950.1,1471,301.7,159,130,28,29.7,0,4,5,1,44.44444444,0
26,D,HAITI,CONCACAF,CHINA PR,0?€1,LOSE,53,4_2_3_1,DF,STARTING,48,39,81%,0,1,0,21,16,76%,0,0,0,0,0,30,8,0,0,0,2,20,6,6,1,2,0,6,14,0,0,0,1,1,16,9,2,3,7454.4,2917.6,2706.7,1493.1,268.4,68.6,125,24,27.3,0,4,5,1,16.66666667,0
26,D,HAITI,CONCACAF,CHINA PR,0?€1,LOSE,53,4_2_3_1,FW,STARTING,16,9,56%,0,3,0,4,0,0,1,1,0,0,0,54,6,13,4,3,21,7,10,2,1,0,1,2,15,2,0,2,0,3,24,7,2,1,10058.5,4093.8,3793.1,1630.5,365.1,176,149,45,29.3,0,4,5,1,50,0
26,D,HAITI,CONCACAF,CHINA PR,0?€1,LOSE,53,4_2_3_1,DF,Substitutions,13,9,69%,0,0,0,5,1,20%,0,0,0,0,0,9,3,0,0,0,0,6,4,0,0,0,0,0,2,0,0,0,2,0,1,0,1,1,2101.4,728.4,719.1,518.6,120.8,14.7,38,8,26.1,0,4,5,1,0,0
26,D,HAITI,CONCACAF,CHINA PR,0?€1,LOSE,53,4_2_3_1,MF,Substitutions,21,11,52%,0,0,0,2,1,50%,1,0,1,2,0,38,12,8,1,0,6,11,19,1,0,2,0,6,11,2,0,2,0,4,14,5,2,0,5750.9,2073.2,1876.5,1253.7,311.7,235.8,111,29,30.8,0,4,5,1,0,0
26,D,HAITI,CONCACAF,CHINA PR,0?€1,LOSE,53,4_2_3_1,MF,Substitutions,10,7,70%,0,0,0,1,0,0,0,0,0,0,0,7,4,1,0,0,0,2,2,0,0,0,1,1,3,0,0,0,1,4,2,0,1,1,2096,698.4,990.2,342.3,65,0,32,7,23.1,0,4,5,1,0,0
26,D,HAITI,CONCACAF,CHINA PR,0?€1,LOSE,53,4_2_3_1,FW,Substitutions,10,7,70%,0,0,0,5,3,60%,0,0,0,0,0,16,1,1,3,1,7,3,2,1,0,0,0,1,6,0,0,0,0,2,7,4,0,0,3569.8,1365.8,972.4,876,256,99.2,63,20,27.5,0,4,5,1,0,0
26,D,HAITI,CONCACAF,CHINA PR,0?€1,LOSE,53,4_2_3_1,GK,Substitutions,0,0,0,0,0,0,0,0,0,0,0,0,0,0,0,0,0,0,0,0,0,0,0,0,0,0,0,0,0,0,0,0,0,0,0,0,0,0,0,0,0,0,0,0,0,0,0,4,5,1,0,0
26,D,HAITI,CONCACAF,CHINA PR,0?€1,LOSE,53,4_2_3_1,DF,Substitutions,0,0,0,0,0,0,0,0,0,0,0,0,0,0,0,0,0,0,0,0,0,0,0,0,0,0,0,0,0,0,0,0,0,0,0,0,0,0,0,0,0,0,0,0,0,0,0,4,5,1,0,0
26,D,HAITI,CONCACAF,CHINA PR,0?€1,LOSE,53,4_2_3_1,FW,Substitutions,0,0,0,0,0,0,0,0,0,0,0,0,0,0,0,0,0,0,0,0,0,0,0,0,0,0,0,0,0,0,0,0,0,0,0,0,0,0,0,0,0,0,0,0,0,0,0,4,5,1,0,0
26,D,HAITI,CONCACAF,CHINA PR,0?€1,LOSE,53,4_2_3_1,DF,Substitutions,0,0,0,0,0,0,0,0,0,0,0,0,0,0,0,0,0,0,0,0,0,0,0,0,0,0,0,0,0,0,0,0,0,0,0,0,0,0,0,0,0,0,0,0,0,0,0,4,5,1,0,0
26,D,HAITI,CONCACAF,CHINA PR,0?€1,LOSE,53,4_2_3_1,FW,Substitutions,2,2,100%,0,0,0,1,1,100%,0,0,0,0,0,7,0,1,0,0,5,1,0,0,0,0,0,0,2,0,0,0,0,2,3,2,0,0,1197.1,368.6,431,196.6,146.8,54.1,21,11,25.8,0,4,5,1,0,0
26,D,HAITI,CONCACAF,CHINA PR,0?€1,LOSE,53,4_2_3_1,MF,Substitutions,0,0,0,0,0,0,0,0,0,0,0,0,0,0,0,0,0,0,0,0,0,0,0,0,0,0,0,0,0,0,0,0,0,0,0,0,0,0,0,0,0,0,0,0,0,0,0,4,5,1,0,0
26,D,HAITI,CONCACAF,CHINA PR,0?€1,LOSE,53,4_2_3_1,GK,Substitutions,0,0,0,0,0,0,0,0,0,0,0,0,0,0,0,0,0,0,0,0,0,0,0,0,0,0,0,0,0,0,0,0,0,0,0,0,0,0,0,0,0,0,0,0,0,0,0,4,5,1,0,0
40,D,HAITI,CONCACAF,DENMARK,0?€2,LOSE,53,4_2_3_1,GK,STARTING,33,18,55%,0,0,0,15,3,20%,0,0,0,0,0,1,0,0,0,0,0,1,1,0,0,0,0,0,0,0,0,0,2,12,0,0,16,0,3864.8,2876.5,668.6,297.6,6.6,15.1,35,2,27.4,0,4,5,1,0,0
40,D,HAITI,CONCACAF,DENMARK,0?€2,LOSE,53,4_2_3_1,DF,STARTING,28,14,50%,0,0,0,17,8,47%,0,0,0,0,0,8,0,0,0,0,0,8,4,3,1,1,0,3,5,4,0,4,6,5,27,4,5,3,10080,3605.6,3938.3,2055.3,414.3,66.5,185,32,25.7,0,4,5,1,33.33333333,0
40,D,HAITI,CONCACAF,DENMARK,0?€2,LOSE,53,4_2_3_1,DF,STARTING,21,13,62%,0,1,1,10,4,40%,1,0,1,1,0,4,1,1,0,0,0,2,2,3,1,4,0,2,6,0,0,0,6,10,9,2,5,6,9182.4,3863,2982.4,1712.5,492.2,131.3,139,35,28.5,0,4,5,1,33.33333333,100
40,D,HAITI,CONCACAF,DENMARK,0?€2,LOSE,53,4_2_3_1,FW,STARTING,28,17,61%,1,2,0,5,1,20%,1,1,0,2,0,38,6,18,1,2,10,1,12,4,3,4,0,5,43,4,0,4,0,9,61,24,4,3,11458.2,3718.2,4170.8,2613.6,653.1,302.5,220,62,32.9,0,4,5,1,75,0
40,D,HAITI,CONCACAF,DENMARK,0?€2,LOSE,53,4_2_3_1,MF,STARTING,13,6,46%,0,1,0,9,5,55%,3,1,2,2,0,27,0,5,4,0,12,6,4,4,1,2,0,6,23,4,0,4,1,3,4,3,4,3,11422.5,3546.7,4362.2,2788.2,590.5,134.8,206,43,27.5,0,4,5,1,25,0
40,D,HAITI,CONCACAF,DENMARK,0?€2,LOSE,53,4_2_3_1,MF,STARTING,32,24,75%,0,5,1,16,11,68%,2,2,0,1,0,10,8,2,0,0,0,0,3,2,1,4,0,6,24,0,0,1,6,17,27,12,4,8,10534.2,3550,3453.1,2979.1,430.8,120.1,238,37,26.7,0,4,5,1,50,20
40,D,HAITI,CONCACAF,DENMARK,0?€2,LOSE,53,4_2_3_1,FW,STARTING,17,13,76%,0,10,3,4,2,50%,3,3,0,3,0,38,1,4,0,1,29,3,13,0,0,0,0,3,14,1,0,1,0,9,11,6,0,0,9571.7,3816.2,3290.7,1802.3,356.1,305.3,161,38,29.1,0,4,5,1,0,30
40,D,HAITI,CONCACAF,DENMARK,0?€2,LOSE,53,4_2_3_1,MF,STARTING,23,13,57%,0,3,0,8,5,62%,2,1,1,1,0,20,1,2,1,1,6,9,4,7,0,0,1,12,30,1,0,1,0,6,18,11,2,1,10646.7,3545.4,3059.9,2692.6,893.3,455.7,231,77,29.5,0,4,5,1,0,0
40,D,HAITI,CONCACAF,DENMARK,0?€2,LOSE,53,4_2_3_1,DF,STARTING,14,5,36%,1,0,0,7,3,42%,0,0,0,0,0,7,2,0,0,0,0,5,1,1,1,4,0,3,4,0,0,0,4,6,8,3,3,4,8143.6,2632,3457,1579,336.3,139.3,136,33,29.2,0,4,5,1,100,0
40,D,HAITI,CONCACAF,DENMARK,0?€2,LOSE,53,4_2_3_1,MF,STARTING,17,13,76%,0,0,0,6,2,33%,0,0,0,0,0,6,3,3,0,0,0,0,1,4,0,1,2,9,6,1,0,1,2,9,20,4,4,2,7826.2,2315,3206.4,2007.4,278.6,18,144,20,24.4,0,4,5,1,0,0
40,D,HAITI,CONCACAF,DENMARK,0?€2,LOSE,53,4_2_3_1,DF,STARTING,39,22,56%,0,2,0,17,9,52%,1,1,0,0,0,12,5,0,0,0,5,2,4,11,2,3,1,4,14,3,0,3,11,14,9,4,9,11,9381.1,4548.9,2997.3,1178.3,351.8,305.8,114,39,30.2,0,4,5,1,18.18181818,0
40,D,HAITI,CONCACAF,DENMARK,0?€2,LOSE,53,4_2_3_1,DF,Substitutions,0,0,0,0,0,0,0,0,0,0,0,0,0,0,0,0,0,0,0,0,0,0,0,0,0,0,0,0,0,0,0,0,0,0,0,0,0,0,0,0,0,0,0,0,0,0,0,4,5,1,0,0
40,D,HAITI,CONCACAF,DENMARK,0?€2,LOSE,53,4_2_3_1,DF,Substitutions,0,0,0,0,0,0,0,0,0,0,0,0,0,0,0,0,0,0,0,0,0,0,0,0,0,0,0,0,0,0,0,0,0,0,0,0,0,0,0,0,0,0,0,0,0,0,0,4,5,1,0,0
40,D,HAITI,CONCACAF,DENMARK,0?€2,LOSE,53,4_2_3_1,MF,Substitutions,0,0,0,0,0,0,0,0,0,0,0,0,0,0,0,0,0,0,0,0,0,0,0,0,0,0,0,0,0,0,0,0,0,0,0,0,0,0,0,0,0,0,0,0,0,0,0,4,5,1,0,0
40,D,HAITI,CONCACAF,DENMARK,0?€2,LOSE,53,4_2_3_1,GK,Substitutions,0,0,0,0,0,0,0,0,0,0,0,0,0,0,0,0,0,0,0,0,0,0,0,0,0,0,0,0,0,0,0,0,0,0,0,0,0,0,0,0,0,0,0,0,0,0,0,4,5,1,0,0
40,D,HAITI,CONCACAF,DENMARK,0?€2,LOSE,53,4_2_3_1,DF,Substitutions,0,0,0,0,0,0,0,0,0,0,0,0,0,0,0,0,0,0,0,0,0,0,0,0,0,0,0,0,0,0,0,0,0,0,0,0,0,0,0,0,0,0,0,0,0,0,0,4,5,1,0,0
40,D,HAITI,CONCACAF,DENMARK,0?€2,LOSE,53,4_2_3_1,FW,Substitutions,0,0,0,0,0,0,0,0,0,0,0,0,0,0,0,0,0,0,0,0,0,0,0,0,0,0,0,0,0,0,0,0,0,0,0,0,0,0,0,0,0,0,0,0,0,0,0,4,5,1,0,0
40,D,HAITI,CONCACAF,DENMARK,0?€2,LOSE,53,4_2_3_1,DF,Substitutions,0,0,0,0,0,0,0,0,0,0,0,0,0,0,0,0,0,0,0,0,0,0,0,0,0,0,0,0,0,0,0,0,0,0,0,0,0,0,0,0,0,0,0,0,0,0,0,4,5,1,0,0
40,D,HAITI,CONCACAF,DENMARK,0?€2,LOSE,53,4_2_3_1,FW,Substitutions,0,0,0,0,0,0,0,0,0,0,0,0,0,0,0,0,0,0,0,0,0,0,0,0,0,0,0,0,0,0,0,0,0,0,0,0,0,0,0,0,0,0,0,0,0,0,0,4,5,1,0,0
40,D,HAITI,CONCACAF,DENMARK,0?€2,LOSE,53,4_2_3_1,MF,Substitutions,0,0,0,0,0,0,0,0,0,0,0,0,0,0,0,0,0,0,0,0,0,0,0,0,0,0,0,0,0,0,0,0,0,0,0,0,0,0,0,0,0,0,0,0,0,0,0,4,5,1,0,0
40,D,HAITI,CONCACAF,DENMARK,0?€2,LOSE,53,4_2_3_1,DF,Substitutions,9,7,78%,0,2,0,5,2,40%,0,0,0,0,0,1,0,0,0,0,0,1,0,4,0,2,0,2,0,0,0,0,4,0,3,1,1,2,1435.4,524.1,485.4,252.5,75.1,98.3,24,8,26.6,0,4,5,1,0,0
40,D,HAITI,CONCACAF,DENMARK,0?€2,LOSE,53,4_2_3_1,FW,Substitutions,8,7,88%,0,1,0,0,0,0%,0,0,0,1,0,8,4,1,0,1,1,1,2,0,0,0,0,0,5,0,0,0,0,2,3,0,0,0,3242.7,1253,1115.8,671.2,106.4,96.3,56,12,25.9,0,4,5,1,0,0
40,D,HAITI,CONCACAF,DENMARK,0?€2,LOSE,53,4_2_3_1,GK,Substitutions,0,0,0,0,0,0,0,0,0,0,0,0,0,0,0,0,0,0,0,0,0,0,0,0,0,0,0,0,0,0,0,0,0,0,0,0,0,0,0,0,0,0,0,0,0,0,0,4,5,1,0,0
7,D,HAITI,CONCACAF,ENGLAND,0?€1,LOSE,53,4_2_3_1,GK,STARTING,31,18,58%,0,0,0,18,6,33%,0,0,0,0,0,2,0,0,0,0,0,2,1,0,0,0,0,0,0,0,0,0,0,1,0,0,17,0,4383.3,3475.5,756.1,146.4,5.7,0,20,1,20.9,0,4,5,1,0,0
7,D,HAITI,CONCACAF,ENGLAND,0?€1,LOSE,53,4_2_3_1,DF,STARTING,9,5,56%,0,0,0,8,4,50%,1,0,1,0,0,2,0,0,0,0,0,2,2,3,1,1,0,3,1,0,0,0,0,0,3,1,1,1,1918.4,708.5,829.3,316,39.1,25.5,32,4,27.4,0,4,5,1,33.33333333,0
7,D,HAITI,CONCACAF,ENGLAND,0?€1,LOSE,53,4_2_3_1,DF,STARTING,17,4,24%,0,0,0,11,2,18%,2,0,2,0,0,2,1,0,0,0,0,1,0,0,0,3,3,2,9,1,0,1,10,5,9,5,7,8,8734.3,3897.2,3226.4,1183.5,198.3,228.8,114,27,29.4,0,4,5,1,0,0
7,D,HAITI,CONCACAF,ENGLAND,0?€1,LOSE,53,4_2_3_1,FW,STARTING,27,20,74%,0,4,1,9,6,66%,5,4,1,2,0,22,4,8,0,1,6,3,17,3,1,3,1,9,38,0,0,1,0,13,28,14,5,2,10694.2,3771.8,3836,2151.7,548.6,386.1,186,50,30.1,0,4,5,1,33.33333333,25
7,D,HAITI,CONCACAF,ENGLAND,0?€1,LOSE,53,4_2_3_1,MF,STARTING,15,12,80%,0,0,0,3,2,66%,3,3,0,0,0,2,0,0,0,0,2,0,1,3,0,4,1,1,29,6,1,8,0,9,34,29,5,1,11175.2,3328,4571.8,2480.9,650.4,144.2,204,47,27.9,0,4,5,1,0,0
7,D,HAITI,CONCACAF,ENGLAND,0?€1,LOSE,53,4_2_3_1,MF,STARTING,19,15,79%,0,2,0,6,5,83%,0,0,0,0,0,29,7,16,0,1,2,3,5,3,0,5,1,7,35,0,0,1,2,7,37,16,4,5,10968.3,3675.5,3858.6,2838.6,527.6,68,221,44,27.1,0,4,5,1,0,0
7,D,HAITI,CONCACAF,ENGLAND,0?€1,LOSE,53,4_2_3_1,MF,STARTING,13,8,62%,0,1,0,5,2,40%,3,2,1,1,0,34,1,8,1,0,14,10,8,1,0,0,2,3,29,0,0,0,1,3,30,14,2,1,8789.3,3888.4,2543.6,1531.1,472,354.2,135,41,29.6,0,4,5,1,0,0
7,D,HAITI,CONCACAF,ENGLAND,0?€1,LOSE,53,4_2_3_1,DF,STARTING,26,16,62%,0,0,0,11,6,54%,2,1,1,0,0,21,7,0,0,0,0,14,7,4,2,4,1,9,14,1,0,1,6,6,23,16,4,8,10363.3,3465.5,4234.5,2070.6,357.5,235.2,177,43,28.3,0,4,5,1,50,0
7,D,HAITI,CONCACAF,ENGLAND,0?€1,LOSE,53,4_2_3_1,MF,STARTING,22,16,73%,0,0,0,6,2,33%,0,0,0,0,0,6,3,1,1,0,0,1,3,7,4,2,0,7,29,0,0,0,2,6,31,16,7,3,9878,3343.7,3972,2138.6,329.9,92.9,174,30,26.7,0,4,5,1,57.14285714,0
7,D,HAITI,CONCACAF,ENGLAND,0?€1,LOSE,53,4_2_3_1,DF,STARTING,28,10,36%,0,0,0,19,5,26%,1,1,0,0,0,2,1,1,0,0,0,0,1,1,0,2,3,3,7,3,0,3,8,6,14,5,7,6,8844.5,3918.1,3212.3,1319.6,247.6,145.9,120,24,30,0,4,5,1,0,0
7,D,HAITI,CONCACAF,ENGLAND,0?€1,LOSE,53,4_2_3_1,FW,STARTING,10,6,60%,0,1,0,2,0,0%,1,1,0,2,0,16,1,6,0,3,6,0,4,0,0,0,0,4,18,4,0,4,0,1,14,10,0,0,8245,3385.4,2920.4,1366.2,404.8,168.2,126,29,28.6,0,4,5,1,0,0
7,D,HAITI,CONCACAF,ENGLAND,0?€1,LOSE,53,4_2_3_1,DF,Substitutions,0,0,0,0,0,0,0,0,0,0,0,0,0,0,0,0,0,0,0,0,0,0,0,0,0,0,0,0,0,0,0,0,0,0,0,0,0,0,0,0,0,0,0,0,0,0,0,4,5,1,0,0
7,D,HAITI,CONCACAF,ENGLAND,0?€1,LOSE,53,4_2_3_1,DF,Substitutions,0,0,0,0,0,0,0,0,0,0,0,0,0,0,0,0,0,0,0,0,0,0,0,0,0,0,0,0,0,0,0,0,0,0,0,0,0,0,0,0,0,0,0,0,0,0,0,4,5,1,0,0
7,D,HAITI,CONCACAF,ENGLAND,0?€1,LOSE,53,4_2_3_1,MF,Substitutions,0,0,0,0,0,0,0,0,0,0,0,0,0,0,0,0,0,0,0,0,0,0,0,0,0,0,0,0,0,0,0,0,0,0,0,0,0,0,0,0,0,0,0,0,0,0,0,4,5,1,0,0
7,D,HAITI,CONCACAF,ENGLAND,0?€1,LOSE,53,4_2_3_1,FW,Substitutions,2,1,50%,0,0,0,2,1,50%,1,1,0,2,0,2,0,0,1,0,1,0,1,0,0,1,0,0,5,0,0,0,1,1,5,4,0,1,1896.4,639.6,573.1,454.2,79.3,150.2,42,13,28.6,0,4,5,1,0,0
7,D,HAITI,CONCACAF,ENGLAND,0?€1,LOSE,53,4_2_3_1,GK,Substitutions,0,0,0,0,0,0,0,0,0,0,0,0,0,0,0,0,0,0,0,0,0,0,0,0,0,0,0,0,0,0,0,0,0,0,0,0,0,0,0,0,0,0,0,0,0,0,0,4,5,1,0,0
7,D,HAITI,CONCACAF,ENGLAND,0?€1,LOSE,53,4_2_3_1,DF,Substitutions,0,0,0,0,0,0,0,0,0,0,0,0,0,0,0,0,0,0,0,0,0,0,0,0,0,0,0,0,0,0,0,0,0,0,0,0,0,0,0,0,0,0,0,0,0,0,0,4,5,1,0,0
7,D,HAITI,CONCACAF,ENGLAND,0?€1,LOSE,53,4_2_3_1,FW,Substitutions,1,1,100%,0,0,0,0,0,0%,0,0,0,0,0,0,0,0,0,0,0,0,0,0,0,0,0,0,1,0,0,0,0,1,0,0,0,0,221.2,71.2,76.4,55.7,17.9,0,7,2,20.6,0,4,5,1,0,0
7,D,HAITI,CONCACAF,ENGLAND,0?€1,LOSE,53,4_2_3_1,FW,Substitutions,0,0,0,0,0,0,0,0,0,0,0,0,0,0,0,0,0,0,0,0,0,0,0,0,0,0,0,0,0,0,0,0,0,0,0,0,0,0,0,0,0,0,0,0,0,0,0,4,5,1,0,0
7,D,HAITI,CONCACAF,ENGLAND,0?€1,LOSE,53,4_2_3_1,FW,Substitutions,0,0,0,0,0,0,0,0,0,0,0,0,0,0,0,0,0,0,0,0,0,0,0,0,0,0,0,0,0,0,0,0,0,0,0,0,0,0,0,0,0,0,0,0,0,0,0,4,5,1,0,0
7,D,HAITI,CONCACAF,ENGLAND,0?€1,LOSE,53,4_2_3_1,MF,Substitutions,0,0,0,0,0,0,0,0,0,0,0,0,0,0,0,0,0,0,0,0,0,0,0,0,0,0,0,0,0,0,0,0,0,0,0,0,0,0,0,0,0,0,0,0,0,0,0,4,5,1,0,0
7,D,HAITI,CONCACAF,ENGLAND,0?€1,LOSE,53,4_2_3_1,DF,Substitutions,13,7,54%,0,0,0,6,2,33%,1,1,0,0,0,2,2,0,0,0,0,0,1,1,0,7,2,9,17,0,0,0,1,1,18,14,4,3,7252.2,2823.3,2665.2,1389.5,296.6,77.6,133,35,26.3,0,4,5,1,0,0
7,D,HAITI,CONCACAF,ENGLAND,0?€1,LOSE,53,4_2_3_1,GK,Substitutions,0,0,0,0,0,0,0,0,0,0,0,0,0,0,0,0,0,0,0,0,0,0,0,0,0,0,0,0,0,0,0,0,0,0,0,0,0,0,0,0,0,0,0,0,0,0,0,4,5,1,0,0
10,E,NETHERLANDS,UEFA,PORTUGAL,1?€0,WIN,9,3_1_4_2,GK,STARTING,21,9,43%,0,0,0,17,6,35%,0,0,0,0,0,2,1,1,0,0,0,0,0,0,0,0,0,0,0,0,0,0,0,1,0,0,4,0,4652.2,3674.8,835.1,142.4,0,0,0,0,19.4,1,3,5,2,0,0
10,E,NETHERLANDS,UEFA,PORTUGAL,1?€0,WIN,9,3_1_4_2,DF,STARTING,35,30,86%,1,0,0,14,9,64%,0,0,0,1,1,4,2,0,0,0,0,2,1,4,1,1,0,4,1,4,0,4,10,4,5,2,5,3,8245.5,3929,2748.2,1265.7,164.1,139.3,116,20,31.2,1,3,5,2,25,0
10,E,NETHERLANDS,UEFA,PORTUGAL,1?€0,WIN,9,3_1_4_2,MF,STARTING,44,34,77%,1,1,1,7,4,57%,0,0,0,1,0,9,2,0,0,1,0,6,4,10,5,2,0,13,33,0,0,0,0,7,22,14,6,4,9471.6,3702.4,3156.9,2187.9,370.3,53,179,33,27,1,3,5,2,50,100
10,E,NETHERLANDS,UEFA,PORTUGAL,1?€0,WIN,9,3_1_4_2,FW,STARTING,12,6,50%,0,1,1,0,0,0%,0,0,0,4,0,13,1,1,0,3,6,2,3,2,0,1,0,3,16,0,1,2,0,5,12,6,2,1,8015.4,2904,2468.7,1714.5,561.1,366.3,158,59,30.4,1,3,5,2,0,100
10,E,NETHERLANDS,UEFA,PORTUGAL,1?€0,WIN,9,3_1_4_2,DF,STARTING,41,35,85%,5,6,4,20,17,85%,0,0,0,0,0,25,8,10,0,2,1,4,14,2,1,2,0,3,12,0,0,0,5,6,10,4,4,2,9457.5,3803.8,3097.3,2180.9,270.5,105,172,24,26.8,1,3,5,2,50,66.66666667
10,E,NETHERLANDS,UEFA,PORTUGAL,1?€0,WIN,9,3_1_4_2,MF,STARTING,39,30,77%,0,0,0,13,9,69%,2,1,1,2,0,9,2,0,0,0,0,7,4,10,1,6,0,14,20,3,0,3,3,11,22,4,7,6,9252.8,2711.1,3154.3,2260.5,805.9,320.1,213,61,30.3,1,3,5,2,10,0
10,E,NETHERLANDS,UEFA,PORTUGAL,1?€0,WIN,9,3_1_4_2,FW,STARTING,47,35,74%,0,0,0,4,1,25%,3,0,3,3,0,0,0,0,0,0,0,0,0,6,3,5,0,4,8,2,0,2,0,12,7,0,6,1,10439,3562.8,3475.1,2724.6,565.8,110.7,224,46,26.6,1,3,5,2,50,0
10,E,NETHERLANDS,UEFA,PORTUGAL,1?€0,WIN,9,3_1_4_2,MF,STARTING,30,26,87%,1,0,0,9,8,88%,2,1,1,0,0,15,4,8,0,2,1,0,5,10,1,2,0,22,18,0,0,1,4,12,24,14,3,9,9919.4,3804.1,3502.6,2175.3,310.5,127,166,25,28.2,1,3,5,2,10,0
10,E,NETHERLANDS,UEFA,PORTUGAL,1?€0,WIN,9,3_1_4_2,MF,STARTING,47,40,85%,0,0,0,5,2,40%,1,1,0,0,0,18,1,1,0,1,2,13,7,2,0,8,0,2,9,0,0,1,1,16,8,5,3,4,9500.8,3408.9,3163.7,2001.8,576.7,349.6,178,51,30.2,1,3,5,2,0,0
10,E,NETHERLANDS,UEFA,PORTUGAL,1?€0,WIN,9,3_1_4_2,DF,STARTING,38,27,71%,0,0,0,18,12,66%,2,0,2,0,0,9,0,0,1,1,6,1,0,2,0,1,1,4,6,5,0,6,13,6,21,5,4,8,9183.9,3346.6,3188.6,2004.8,469.3,174.5,175,41,28.5,1,3,5,2,0,0
10,E,NETHERLANDS,UEFA,PORTUGAL,1?€0,WIN,9,3_1_4_2,MF,STARTING,56,38,68%,3,1,0,19,9,47%,5,2,3,1,0,24,1,9,2,6,3,3,10,7,1,4,2,8,22,1,1,3,5,2,27,10,7,7,10261.4,3024,3722.8,2764.4,596.2,153.9,226,49,28.3,1,3,5,2,14.28571429,0
10,E,NETHERLANDS,UEFA,PORTUGAL,1?€0,WIN,9,3_1_4_2,DF,Substitutions,0,0,0,0,0,0,0,0,0,0,0,0,0,0,0,0,0,0,0,0,0,0,0,0,0,0,0,0,0,0,0,0,0,0,0,0,0,0,0,0,0,0,0,0,0,0,1,3,5,2,0,0
10,E,NETHERLANDS,UEFA,PORTUGAL,1?€0,WIN,9,3_1_4_2,DF,Substitutions,0,0,0,0,0,0,0,0,0,0,0,0,0,0,0,0,0,0,0,0,0,0,0,0,0,0,0,0,0,0,0,0,0,0,0,0,0,0,0,0,0,0,0,0,0,0,1,3,5,2,0,0
10,E,NETHERLANDS,UEFA,PORTUGAL,1?€0,WIN,9,3_1_4_2,DF,Substitutions,0,0,0,0,0,0,0,0,0,0,0,0,0,0,0,0,0,0,0,0,0,0,0,0,0,0,0,0,0,0,0,0,0,0,0,0,0,0,0,0,0,0,0,0,0,0,1,3,5,2,0,0
10,E,NETHERLANDS,UEFA,PORTUGAL,1?€0,WIN,9,3_1_4_2,FW,Substitutions,3,3,100%,0,0,0,0,0,0,0,0,0,0,0,0,0,0,0,0,0,0,0,2,0,1,0,2,1,1,0,2,0,2,0,0,0,2,1128.1,337.7,325.9,364.1,53,47.3,28,6,28.2,1,3,5,2,0,0
10,E,NETHERLANDS,UEFA,PORTUGAL,1?€0,WIN,9,3_1_4_2,MF,Substitutions,0,0,0,0,0,0,0,0,0,0,0,0,0,0,0,0,0,0,0,0,0,0,0,0,0,0,0,0,0,0,0,0,0,0,0,0,0,0,0,0,0,0,0,0,0,0,1,3,5,2,0,0
10,E,NETHERLANDS,UEFA,PORTUGAL,1?€0,WIN,9,3_1_4_2,FW,Substitutions,0,0,0,0,0,0,0,0,0,0,0,0,0,0,9,5,1,0,0,0,3,3,0,0,0,0,0,0,0,0,0,0,0,0,0,0,0,0,0,0,0,0,0,0,0,0,1,3,5,2,0,0
10,E,NETHERLANDS,UEFA,PORTUGAL,1?€0,WIN,9,3_1_4_2,DF,Substitutions,0,0,0,0,0,0,0,0,0,0,0,0,0,0,4,0,0,0,0,4,0,0,0,0,0,0,0,0,0,0,0,0,0,0,0,0,0,0,0,0,0,0,0,0,0,0,1,3,5,2,0,0
10,E,NETHERLANDS,UEFA,PORTUGAL,1?€0,WIN,9,3_1_4_2,GK,Substitutions,0,0,0,0,0,0,0,0,0,0,0,0,0,0,0,0,0,0,0,0,0,0,0,0,0,0,0,0,0,0,0,0,0,0,0,0,0,0,0,0,0,0,0,0,0,0,1,3,5,2,0,0
10,E,NETHERLANDS,UEFA,PORTUGAL,1?€0,WIN,9,3_1_4_2,DF,Substitutions,3,3,100%,0,0,0,0,0,0,0,0,0,0,0,0,0,0,0,0,0,0,0,0,0,0,0,0,1,0,0,0,0,1,0,0,0,0,385.1,63,130.5,158.3,33.3,0,8,1,22.5,1,3,5,2,0,0
10,E,NETHERLANDS,UEFA,PORTUGAL,1?€0,WIN,9,3_1_4_2,MF,Substitutions,0,0,0,0,0,0,0,0,0,0,0,0,0,0,0,0,0,0,0,0,0,0,0,0,0,0,0,0,0,0,0,0,0,0,0,0,0,0,0,0,0,0,0,0,0,0,1,3,5,2,0,0
10,E,NETHERLANDS,UEFA,PORTUGAL,1?€0,WIN,9,3_1_4_2,MF,Substitutions,6,5,83%,0,0,0,2,2,100%,0,0,0,0,0,10,1,2,0,1,1,5,1,0,0,1,0,1,3,1,0,1,2,2,3,2,1,2,1455.3,524.6,558.7,290.9,81.1,0,26,4,23.9,1,3,5,2,0,0
10,E,NETHERLANDS,UEFA,PORTUGAL,1?€0,WIN,9,3_1_4_2,GK,Substitutions,0,0,0,0,0,0,0,0,0,0,0,0,0,0,0,0,0,0,0,0,0,0,0,0,0,0,0,0,0,0,0,0,0,0,0,0,0,0,0,0,0,0,0,0,0,0,1,3,5,2,0,0
23,E,NETHERLANDS,UEFA,USA,1?€1,DRAW,9,3_1_4_2,GK,STARTING,33,14,42%,0,0,0,20,6,30%,0,0,0,0,0,5,0,0,0,0,0,5,1,0,0,0,0,0,0,0,0,0,1,4,0,0,8,1,4854.7,3924.1,771.4,142.2,17,0,21,2,22.4,1,3,5,2,0,0
23,E,NETHERLANDS,UEFA,USA,1?€1,DRAW,9,3_1_4_2,DF,STARTING,25,24,96%,0,0,0,4,4,100%,0,0,0,0,0,13,2,1,0,0,0,10,7,0,0,3,0,2,3,2,0,2,8,1,4,1,2,6,4495.4,1849.4,1892.1,647.8,106.1,0,59,8,25.5,1,3,5,2,0,0
23,E,NETHERLANDS,UEFA,USA,1?€1,DRAW,9,3_1_4_2,MF,STARTING,58,53,91%,3,1,1,8,5,62%,4,1,3,1,1,129,31,59,3,6,22,8,40,1,0,2,0,7,22,0,0,1,0,8,10,2,3,0,9878.2,3681.6,3866.3,1957.9,288.4,84,167,25,26.5,1,3,5,2,0,100
23,E,NETHERLANDS,UEFA,USA,1?€1,DRAW,9,3_1_4_2,DF,STARTING,74,60,81%,2,2,0,35,25,71%,0,0,0,0,0,16,4,0,0,0,0,12,13,6,3,5,1,6,17,0,0,1,4,4,18,7,5,6,10402.6,3879.1,3326.7,2730.7,319.4,145.6,215,34,27.5,1,3,5,2,50,0
23,E,NETHERLANDS,UEFA,USA,1?€1,DRAW,9,3_1_4_2,FW,STARTING,10,9,90%,0,0,0,0,0,0%,0,0,0,0,0,125,1,57,3,3,55,6,19,0,0,0,0,4,26,3,0,3,0,2,24,17,0,0,8574.6,2581.8,2784.2,2472.9,587.4,148.3,182,52,27.6,1,3,5,2,0,0
23,E,NETHERLANDS,UEFA,USA,1?€1,DRAW,9,3_1_4_2,FW,STARTING,39,30,77%,0,1,0,9,6,66%,0,0,0,0,0,50,14,15,1,3,14,3,12,9,2,7,0,13,49,2,0,6,6,12,22,13,8,12,11575.6,3236.5,4383.7,2573.3,1061.5,320.6,240,75,29.1,1,3,5,2,22.22222222,0
23,E,NETHERLANDS,UEFA,USA,1?€1,DRAW,9,3_1_4_2,MF,STARTING,33,28,85%,0,1,0,6,4,66%,4,2,2,0,0,127,35,51,3,5,30,3,32,0,0,4,0,3,26,4,0,4,1,1,30,14,1,1,10779.4,3804,3424.6,2933.1,480.8,138,233,47,31.8,1,3,5,2,0,0
23,E,NETHERLANDS,UEFA,USA,1?€1,DRAW,9,3_1_4_2,MF,STARTING,40,32,80%,0,0,0,8,4,50%,0,0,0,0,0,88,41,10,1,4,3,29,36,8,2,2,0,13,11,0,0,1,5,12,49,14,8,5,10491.8,3751.9,4046.7,2165.5,418.6,108.1,183,36,26.4,1,3,5,2,25,0
23,E,NETHERLANDS,UEFA,USA,1?€1,DRAW,9,3_1_4_2,MF,STARTING,63,53,84%,1,4,0,10,4,40%,10,2,8,0,0,42,1,1,1,1,26,12,8,1,1,1,5,6,10,1,0,1,2,10,15,8,7,2,9341.9,3031.4,3766.6,1969.3,440.9,132.7,163,38,26.5,1,3,5,2,100,0
23,E,NETHERLANDS,UEFA,USA,1?€1,DRAW,9,3_1_4_2,DF,STARTING,48,36,75%,5,0,0,26,16,61%,1,0,1,1,0,56,8,1,0,0,1,46,30,6,1,5,0,5,3,2,0,3,17,7,9,4,9,16,9604.7,3385.6,3562.4,2211,350.6,94.1,190,32,30.5,1,3,5,2,16.66666667,0
23,E,NETHERLANDS,UEFA,USA,1?€1,DRAW,9,3_1_4_2,MF,STARTING,35,31,89%,1,0,0,7,6,85%,3,1,2,2,0,22,6,1,0,1,10,4,3,2,0,8,0,5,15,0,0,0,7,10,37,14,1,10,10797.2,3421.6,3474.6,2828.9,823.8,248.3,235,59,28.2,1,3,5,2,0,0
23,E,NETHERLANDS,UEFA,USA,1?€1,DRAW,9,3_1_4_2,DF,Substitutions,0,0,0,0,0,0,0,0,0,0,0,0,0,0,0,0,0,0,0,0,0,0,0,0,0,0,0,0,0,0,0,0,0,0,0,0,0,0,0,0,0,0,0,0,0,0,1,3,5,2,0,0
23,E,NETHERLANDS,UEFA,USA,1?€1,DRAW,9,3_1_4_2,DF,Substitutions,16,11,69%,0,0,0,6,2,33%,0,0,0,0,0,0,0,0,0,0,0,0,0,1,0,4,1,3,3,2,0,2,9,3,5,1,7,6,4100.3,1778.7,1283.4,803.7,165.7,69.7,82,16,27.8,1,3,5,2,0,0
23,E,NETHERLANDS,UEFA,USA,1?€1,DRAW,9,3_1_4_2,DF,Substitutions,0,0,0,0,0,0,0,0,0,0,0,0,0,0,4,1,0,0,0,3,0,1,0,0,0,0,0,0,0,0,0,0,0,0,0,0,0,0,0,0,0,0,0,0,0,0,1,3,5,2,0,0
23,E,NETHERLANDS,UEFA,USA,1?€1,DRAW,9,3_1_4_2,FW,Substitutions,0,0,0,0,0,0,0,0,0,0,0,0,0,0,0,0,0,0,0,0,0,0,0,0,0,0,0,0,0,0,0,0,0,0,0,0,0,0,0,0,0,0,0,0,0,0,1,3,5,2,0,0
23,E,NETHERLANDS,UEFA,USA,1?€1,DRAW,9,3_1_4_2,MF,Substitutions,0,0,0,0,0,0,0,0,0,0,0,0,0,0,0,0,0,0,0,0,0,0,0,0,0,0,0,0,0,0,0,0,0,0,0,0,0,0,0,0,0,0,0,0,0,0,1,3,5,2,0,0
23,E,NETHERLANDS,UEFA,USA,1?€1,DRAW,9,3_1_4_2,FW,Substitutions,0,0,0,0,0,0,0,0,0,0,0,0,0,0,0,0,0,0,0,0,0,0,0,0,0,0,0,1,0,0,0,0,0,1,1,0,0,408.7,130,80.6,128.8,50.5,18.8,8,4,25.1,1,3,5,2,0,0
23,E,NETHERLANDS,UEFA,USA,1?€1,DRAW,9,3_1_4_2,DF,Substitutions,0,0,0,0,0,0,0,0,0,0,0,0,0,0,13,5,2,0,0,0,6,8,0,0,0,0,0,0,0,0,0,0,0,0,0,0,0,0,0,0,0,0,0,0,0,0,1,3,5,2,0,0
23,E,NETHERLANDS,UEFA,USA,1?€1,DRAW,9,3_1_4_2,GK,Substitutions,0,0,0,0,0,0,0,0,0,0,0,0,0,0,0,0,0,0,0,0,0,0,0,0,0,0,0,0,0,0,0,0,0,0,0,0,0,0,0,0,0,0,0,0,0,0,1,3,5,2,0,0
23,E,NETHERLANDS,UEFA,USA,1?€1,DRAW,9,3_1_4_2,DF,Substitutions,4,1,25%,0,0,0,2,0,0,0,0,0,0,0,73,20,0,1,2,19,31,20,0,0,1,0,0,3,1,0,1,0,1,3,2,1,0,1299.1,420.1,357.9,411,76.4,33.6,31,8,27.6,1,3,5,2,0,0
23,E,NETHERLANDS,UEFA,USA,1?€1,DRAW,9,3_1_4_2,MF,Substitutions,0,0,0,0,0,0,0,0,0,0,0,0,0,0,65,29,20,1,2,12,1,26,0,0,0,0,0,0,0,0,0,0,0,0,0,0,0,0,0,0,0,0,0,0,0,0,1,3,5,2,0,0
23,E,NETHERLANDS,UEFA,USA,1?€1,DRAW,9,3_1_4_2,MF,Substitutions,8,6,75%,0,0,0,2,1,50%,0,0,0,0,0,50,29,12,0,1,1,7,25,1,1,3,0,2,6,3,0,3,3,2,4,3,1,5,2472.5,1036.7,735.3,629.5,71.2,0,55,4,25.9,1,3,5,2,100,0
23,E,NETHERLANDS,UEFA,USA,1?€1,DRAW,9,3_1_4_2,GK,Substitutions,0,0,0,0,0,0,0,0,0,0,0,0,0,0,0,0,0,0,0,0,0,0,0,0,0,0,0,0,0,0,0,0,0,0,0,0,0,0,0,0,0,0,0,0,0,0,1,3,5,2,0,0
42,E,NETHERLANDS,UEFA,VIETNAM,7?€0,WIN,9,3_1_4_2,GK,STARTING,11,10,91%,0,0,0,3,2,66%,0,0,0,0,0,5,0,0,0,0,0,5,1,0,0,0,0,0,0,0,0,0,0,0,0,0,1,0,4868.7,4153.5,653.4,61.8,0,0,0,0,16.3,7,3,5,2,0,0
42,E,NETHERLANDS,UEFA,VIETNAM,7?€0,WIN,9,3_1_4_2,DF,STARTING,83,80,96%,0,0,0,18,17,94%,0,0,0,2,0,13,2,1,0,0,0,10,7,3,2,1,2,3,3,4,0,4,5,7,8,2,6,3,9371.8,4270.7,3437.6,1421.7,206.2,36.5,130,15,26.3,7,3,5,2,66.66666667,0
42,E,NETHERLANDS,UEFA,VIETNAM,7?€0,WIN,9,3_1_4_2,MF,STARTING,57,51,89%,0,2,0,4,4,100%,2,2,0,13,2,129,31,59,3,6,22,8,40,5,3,2,1,4,22,2,0,2,1,6,21,13,7,3,9984.3,4301.2,3507.5,1761.2,320.5,94.9,179,30,26.2,7,3,5,2,60,0
42,E,NETHERLANDS,UEFA,VIETNAM,7?€0,WIN,9,3_1_4_2,DF,STARTING,92,81,88%,3,6,3,35,27,77%,1,0,1,1,0,16,4,0,0,0,0,12,13,2,0,2,1,4,6,2,0,3,2,12,9,3,6,1,8215.1,3109.4,2886.8,1859.9,322,37.8,132,25,26,7,3,5,2,0,50
42,E,NETHERLANDS,UEFA,VIETNAM,7?€0,WIN,9,3_1_4_2,FW,STARTING,27,25,93%,0,1,0,3,3,100%,0,0,0,3,1,125,1,57,3,3,55,6,19,1,1,1,0,2,22,0,0,0,0,5,22,8,1,1,10889.9,3906.2,3931.2,2416.5,499.8,136.1,236,45,28.3,7,3,5,2,100,0
42,E,NETHERLANDS,UEFA,VIETNAM,7?€0,WIN,9,3_1_4_2,MF,STARTING,28,24,86%,0,1,1,7,6,85%,4,1,3,2,1,50,14,15,1,3,14,3,12,1,0,1,0,0,6,1,0,1,2,5,6,1,3,0,6106,1543.6,2336.2,1686.5,407.3,132.5,128,38,26.8,7,3,5,2,0,100
42,E,NETHERLANDS,UEFA,VIETNAM,7?€0,WIN,9,3_1_4_2,FW,STARTING,48,38,79%,0,8,3,11,5,45%,6,2,4,12,1,127,35,51,3,5,30,3,32,0,0,0,2,1,14,3,0,4,1,9,13,8,2,1,11004.7,3638.1,4438.2,2445.2,374.2,108.9,218,41,32.8,7,3,5,2,0,37.5
42,E,NETHERLANDS,UEFA,VIETNAM,7?€0,WIN,9,3_1_4_2,MF,STARTING,60,55,92%,0,0,0,13,9,69%,1,0,1,0,0,88,41,10,1,4,3,29,36,0,0,1,2,3,10,1,1,2,2,14,16,5,5,1,7096.2,2426.9,2946.3,1558.3,130.6,33.4,128,11,27,7,3,5,2,0,0
42,E,NETHERLANDS,UEFA,VIETNAM,7?€0,WIN,9,3_1_4_2,MF,STARTING,25,23,92%,0,2,1,2,2,100%,1,0,1,1,0,42,1,1,1,1,26,12,8,0,0,2,1,0,8,0,0,0,1,6,6,2,1,3,5466.5,1933,2291.6,983.4,187,71.6,87,17,28.3,7,3,5,2,0,50
42,E,NETHERLANDS,UEFA,VIETNAM,7?€0,WIN,9,3_1_4_2,DF,STARTING,92,86,93%,1,2,1,30,28,93%,2,0,2,2,0,56,8,1,0,0,1,46,30,1,0,3,0,5,6,5,0,5,6,7,11,4,4,4,10518.6,3603.7,4119.1,2335.1,354.5,107.3,196,34,26.9,7,3,5,2,0,50
42,E,NETHERLANDS,UEFA,VIETNAM,7?€0,WIN,9,3_1_4_2,MF,STARTING,38,35,92%,1,4,1,8,8,100%,2,1,1,3,2,22,6,1,0,1,10,4,3,3,2,2,2,7,7,1,0,1,0,7,14,4,5,2,9835.2,2877.8,3450.2,2801.1,567.5,139.7,212,48,30.4,7,3,5,2,66.66666667,25
42,E,NETHERLANDS,UEFA,VIETNAM,7?€0,WIN,9,3_1_4_2,DF,Substitutions,0,0,0,0,0,0,0,0,0,0,0,0,0,0,0,0,0,0,0,0,0,0,0,0,0,0,0,0,0,0,0,0,0,0,0,0,0,0,0,0,0,0,0,0,0,0,7,3,5,2,0,0
42,E,NETHERLANDS,UEFA,VIETNAM,7?€0,WIN,9,3_1_4_2,DF,Substitutions,0,0,0,0,0,0,0,0,0,0,0,0,0,0,0,0,0,0,0,0,0,0,0,0,0,0,0,0,0,0,0,0,0,0,0,0,0,0,0,0,0,0,0,0,0,0,7,3,5,2,0,0
42,E,NETHERLANDS,UEFA,VIETNAM,7?€0,WIN,9,3_1_4_2,DF,Substitutions,10,8,80%,0,1,0,5,3,60%,0,0,0,0,0,4,1,0,0,0,3,0,1,2,0,1,0,2,3,2,0,2,1,0,3,1,0,2,2019.2,634,715.6,535.3,96.9,37.4,45,6,27.7,7,3,5,2,0,0
42,E,NETHERLANDS,UEFA,VIETNAM,7?€0,WIN,9,3_1_4_2,FW,Substitutions,0,0,0,0,0,0,0,0,0,0,0,0,0,0,0,0,0,0,0,0,0,0,0,0,0,0,0,0,0,0,0,0,0,0,0,0,0,0,0,0,0,0,0,0,0,0,7,3,5,2,0,0
42,E,NETHERLANDS,UEFA,VIETNAM,7?€0,WIN,9,3_1_4_2,MF,Substitutions,0,0,0,0,0,0,0,0,0,0,0,0,0,0,0,0,0,0,0,0,0,0,0,0,0,0,0,0,0,0,0,0,0,0,0,0,0,0,0,0,0,0,0,0,0,0,7,3,5,2,0,0
42,E,NETHERLANDS,UEFA,VIETNAM,7?€0,WIN,9,3_1_4_2,FW,Substitutions,0,0,0,0,0,0,0,0,0,0,0,0,0,0,0,0,0,0,0,0,0,0,0,0,0,0,0,0,0,0,0,0,0,0,0,0,0,0,0,0,0,0,0,0,0,0,7,3,5,2,0,0
42,E,NETHERLANDS,UEFA,VIETNAM,7?€0,WIN,9,3_1_4_2,DF,Substitutions,16,12,75%,0,0,0,6,4,66%,1,0,1,0,0,13,5,2,0,0,0,6,8,0,0,0,0,1,1,0,0,1,1,3,4,2,0,0,2662.1,829.8,1091.7,536.4,104.6,99.6,48,11,32.1,7,3,5,2,0,0
42,E,NETHERLANDS,UEFA,VIETNAM,7?€0,WIN,9,3_1_4_2,GK,Substitutions,0,0,0,0,0,0,0,0,0,0,0,0,0,0,0,0,0,0,0,0,0,0,0,0,0,0,0,0,0,0,0,0,0,0,0,0,0,0,0,0,0,0,0,0,0,0,7,3,5,2,0,0
42,E,NETHERLANDS,UEFA,VIETNAM,7?€0,WIN,9,3_1_4_2,DF,Substitutions,35,31,89%,0,3,0,13,9,69%,1,1,0,1,0,73,20,0,1,2,19,31,20,1,0,1,2,3,10,0,0,0,2,2,17,8,3,1,5871.8,1976.4,2182,1187.3,351.1,175,111,31,28,7,3,5,2,0,0
42,E,NETHERLANDS,UEFA,VIETNAM,7?€0,WIN,9,3_1_4_2,MF,Substitutions,37,34,92%,0,1,0,3,2,66%,2,0,2,1,0,65,29,20,1,2,12,1,26,2,2,0,0,2,11,0,0,0,0,4,8,4,4,0,6014.3,1939.6,2283.6,1320.7,334.4,135.9,120,33,27,7,3,5,2,100,0
42,E,NETHERLANDS,UEFA,VIETNAM,7?€0,WIN,9,3_1_4_2,MF,Substitutions,45,40,89%,0,0,0,8,5,62%,0,0,0,2,0,50,29,12,0,1,1,7,25,2,0,1,3,6,8,3,0,3,1,7,7,4,5,1,3534.4,1337.4,1448.8,656.3,85.9,5.7,60,9,26.1,7,3,5,2,0,0
42,E,NETHERLANDS,UEFA,VIETNAM,7?€0,WIN,9,3_1_4_2,GK,Substitutions,0,0,0,0,0,0,0,0,0,0,0,0,0,0,0,0,0,0,0,0,0,0,0,0,0,0,0,0,0,0,0,0,0,0,0,0,0,0,0,0,0,0,0,0,0,0,7,3,5,2,0,0
10,E,PORTUGAL,UEFA,NETHERLANDS,0?€1,LOSE,21,4_3_1_2,GK,STARTING,22,15,68%,0,0,0,7,1,14%,0,0,0,0,0,1,0,0,0,0,0,1,0,0,0,0,0,0,0,0,0,0,0,4,0,0,8,0,4197.2,3192,725.7,238.8,40.7,0,28,4,23,0,4,4,2,0,0
10,E,PORTUGAL,UEFA,NETHERLANDS,0?€1,LOSE,21,4_3_1_2,MF,STARTING,42,30,71%,0,0,0,15,9,60%,3,1,2,0,0,2,1,0,0,0,0,1,2,7,0,4,2,12,9,1,0,1,3,5,15,8,4,5,8205.5,2541.2,2624.9,2080.9,734.4,224.8,189,60,27.9,0,4,4,2,0,0
10,E,PORTUGAL,UEFA,NETHERLANDS,0?€1,LOSE,21,4_3_1_2,MF,STARTING,24,18,75%,0,0,0,8,4,50%,2,0,2,0,0,4,1,0,0,1,0,2,0,5,0,1,1,8,20,2,0,5,0,7,15,7,6,0,8111.2,3156.9,3049.8,1743.1,160.6,0,136,18,24.2,0,4,4,2,0,0
10,E,PORTUGAL,UEFA,NETHERLANDS,0?€1,LOSE,21,4_3_1_2,DF,STARTING,48,33,69%,0,2,0,20,11,55%,1,1,0,0,0,34,17,7,0,4,2,4,7,7,1,4,3,9,10,2,1,4,8,13,14,3,11,5,8366,3523.8,2739.9,1388.8,425.8,288.6,133,47,31.5,0,4,4,2,14.28571429,0
10,E,PORTUGAL,UEFA,NETHERLANDS,0?€1,LOSE,21,4_3_1_2,FW,STARTING,23,13,57%,0,3,0,6,4,66%,4,3,1,0,0,18,2,7,0,3,5,1,7,4,2,2,3,6,16,0,1,4,0,5,8,7,6,0,9782,4080.1,2683.2,2122.7,530.2,366.8,171,59,31.2,0,4,4,2,50,0
10,E,PORTUGAL,UEFA,NETHERLANDS,0?€1,LOSE,21,4_3_1_2,MF,STARTING,43,27,63%,0,1,0,10,4,40%,3,2,1,0,0,8,3,0,0,1,0,4,5,2,2,3,0,6,21,0,0,1,3,14,29,19,6,1,10453.5,3211.3,3436,2913.4,674.2,218.5,251,53,27.5,0,4,4,2,100,0
10,E,PORTUGAL,UEFA,NETHERLANDS,0?€1,LOSE,21,4_3_1_2,MF,STARTING,20,14,70%,0,0,0,7,4,57%,3,2,1,1,0,0,0,0,0,0,0,0,0,4,1,3,1,22,16,1,0,2,0,9,56,20,4,2,9618,3239.4,3485.6,2399.7,360.7,133.7,215,42,26.9,0,4,4,2,25,0
10,E,PORTUGAL,UEFA,NETHERLANDS,0?€1,LOSE,21,4_3_1_2,MF,STARTING,25,16,64%,0,0,0,8,5,62%,0,0,0,0,0,24,11,10,0,3,0,0,10,4,1,1,0,7,10,2,0,2,0,12,15,9,2,2,7380.7,2307.9,2592.1,2198.7,281.2,0,163,22,22.7,0,4,4,2,25,0
10,E,PORTUGAL,UEFA,NETHERLANDS,0?€1,LOSE,21,4_3_1_2,DF,STARTING,16,10,62%,0,0,0,5,2,40%,0,0,0,0,0,25,12,2,0,1,1,9,8,0,0,6,1,1,1,0,0,0,1,5,5,1,4,4,8542.8,3070.3,3166,1823.9,357.9,124.7,151,28,28.1,0,4,4,2,0,0
10,E,PORTUGAL,UEFA,NETHERLANDS,0?€1,LOSE,21,4_3_1_2,FW,STARTING,21,12,57%,0,2,0,6,1,16%,0,0,0,0,0,19,0,3,4,4,6,2,7,2,1,2,0,5,24,0,0,1,0,1,29,12,1,2,8239.5,2724.8,2872.3,1741.8,543.8,356.8,170,56,28.8,0,4,4,2,50,0
10,E,PORTUGAL,UEFA,NETHERLANDS,0?€1,LOSE,21,4_3_1_2,DF,STARTING,28,18,64%,0,0,0,24,15,62%,0,0,0,0,0,25,2,5,2,1,8,7,7,1,0,2,1,4,8,1,0,1,10,5,9,2,6,4,8825.6,3150.7,2962.7,2129.6,320.4,262.1,190,37,27.6,0,4,4,2,0,0
10,E,PORTUGAL,UEFA,NETHERLANDS,0?€1,LOSE,21,4_3_1_2,DF,Substitutions,3,2,67%,0,0,0,2,2,100%,2,0,2,0,0,0,0,0,0,0,0,0,0,3,1,0,1,5,0,0,0,0,0,0,3,3,3,0,1491.9,585.7,340.5,334.2,138,93.5,34,14,27.7,0,4,4,2,33.33333333,0
10,E,PORTUGAL,UEFA,NETHERLANDS,0?€1,LOSE,21,4_3_1_2,DF,Substitutions,0,0,0,0,0,0,0,0,0,0,0,0,0,0,1,0,0,0,0,0,1,0,0,0,0,0,0,0,0,0,0,0,0,0,0,0,0,0,0,0,0,0,0,0,0,0,0,4,4,2,0,0
10,E,PORTUGAL,UEFA,NETHERLANDS,0?€1,LOSE,21,4_3_1_2,DF,Substitutions,0,0,0,0,0,0,0,0,0,0,0,0,0,0,0,0,0,0,0,0,0,0,0,0,0,0,0,0,0,0,0,0,0,0,0,0,0,0,0,0,0,0,0,0,0,0,0,4,4,2,0,0
10,E,PORTUGAL,UEFA,NETHERLANDS,0?€1,LOSE,21,4_3_1_2,MF,Substitutions,1,0,0,0,1,0,1,0,0,0,0,0,0,0,16,4,2,0,0,3,7,7,1,0,0,0,2,3,0,0,1,0,1,4,3,0,0,1782.5,527.4,546.3,489.5,127.4,91.6,44,9,28.9,0,4,4,2,0,0
10,E,PORTUGAL,UEFA,NETHERLANDS,0?€1,LOSE,21,4_3_1_2,MF,Substitutions,0,0,0,0,0,0,0,0,0,0,0,0,0,0,0,0,0,0,0,0,0,0,0,0,0,0,0,0,0,0,0,0,0,0,0,0,0,0,0,0,0,0,0,0,0,0,0,4,4,2,0,0
10,E,PORTUGAL,UEFA,NETHERLANDS,0?€1,LOSE,21,4_3_1_2,GK,Substitutions,0,0,0,0,0,0,0,0,0,0,0,0,0,0,13,1,3,1,1,6,1,5,0,0,0,0,0,0,0,0,0,0,0,0,0,0,0,0,0,0,0,0,0,0,0,0,0,4,4,2,0,0
10,E,PORTUGAL,UEFA,NETHERLANDS,0?€1,LOSE,21,4_3_1_2,DF,Substitutions,0,0,0,0,0,0,0,0,0,0,0,0,0,0,0,0,0,0,0,0,0,0,0,0,0,0,0,0,0,0,0,0,0,0,0,0,0,0,0,0,0,0,0,0,0,0,0,4,4,2,0,0
10,E,PORTUGAL,UEFA,NETHERLANDS,0?€1,LOSE,21,4_3_1_2,FW,Substitutions,0,0,0,0,0,0,0,0,0,0,0,0,0,0,0,0,0,0,0,0,0,0,0,0,0,0,0,0,0,0,0,0,0,0,0,0,0,0,0,0,0,0,0,0,0,0,0,4,4,2,0,0
10,E,PORTUGAL,UEFA,NETHERLANDS,0?€1,LOSE,21,4_3_1_2,FW,Substitutions,14,9,64%,1,0,0,5,1,20%,0,0,0,0,0,0,0,0,0,0,0,0,0,3,1,1,0,0,0,0,0,0,1,2,7,0,2,2,3195.8,1056.5,1020.4,928.1,155.3,35.5,58,11,26.8,0,4,4,2,33.33333333,0
10,E,PORTUGAL,UEFA,NETHERLANDS,0?€1,LOSE,21,4_3_1_2,FW,Substitutions,0,0,0,0,0,0,0,0,0,0,0,0,0,0,0,0,0,0,0,0,0,0,0,0,0,0,0,0,0,0,0,0,0,0,0,0,0,0,0,0,0,0,0,0,0,0,0,4,4,2,0,0
10,E,PORTUGAL,UEFA,NETHERLANDS,0?€1,LOSE,21,4_3_1_2,GK,Substitutions,0,0,0,0,0,0,0,0,0,0,0,0,0,0,0,0,0,0,0,0,0,0,0,0,0,0,0,0,0,0,0,0,0,0,0,0,0,0,0,0,0,0,0,0,0,0,0,4,4,2,0,0
10,E,PORTUGAL,UEFA,NETHERLANDS,0?€1,LOSE,21,4_3_1_2,FW,Substitutions,5,2,40%,0,0,0,0,0,0,1,1,0,1,0,16,5,0,0,1,1,9,9,1,0,0,0,1,2,0,0,0,0,1,3,1,0,0,1574.1,747.7,328.8,346.6,97.6,53.2,32,8,27.2,0,4,4,2,0,0
41,E,PORTUGAL,UEFA,USA,0?€0,DRAW,21,4_1_4_1,GK,STARTING,34,19,56%,0,0,0,14,1,7%,0,0,0,0,0,2,0,0,0,0,0,2,1,0,0,0,0,0,0,0,0,0,1,5,0,0,9,0,4359.7,3016.9,905.1,412,25.7,0,45,3,21.4,0,4,5,1,0,0
41,E,PORTUGAL,UEFA,USA,0?€0,DRAW,21,4_1_4_1,MF,STARTING,37,28,76%,0,1,0,17,13,76%,4,1,3,0,0,23,10,0,0,0,2,11,4,8,2,5,3,11,8,0,0,2,2,3,22,11,8,6,8371.2,2610.1,2713.9,2089.4,563.4,394.3,180,57,31,0,4,5,1,25,0
41,E,PORTUGAL,UEFA,USA,0?€0,DRAW,21,4_1_4_1,MF,STARTING,29,24,83%,0,2,0,11,9,81%,1,1,0,1,0,42,16,15,0,4,2,5,12,4,2,2,0,3,13,2,0,2,0,6,18,3,5,1,7543,2863.3,2840.7,1602.1,193.9,42.2,123,14,27.1,0,4,5,1,50,0
41,E,PORTUGAL,UEFA,USA,0?€0,DRAW,21,4_1_4_1,DF,STARTING,62,47,76%,0,1,0,23,18,78%,3,1,2,0,0,2,1,0,0,0,0,1,1,5,0,2,3,7,15,0,0,3,7,12,21,7,5,7,8008.7,3485.4,2230.4,1735.5,374,183.4,148,37,27.9,0,4,5,1,0,0
41,E,PORTUGAL,UEFA,USA,0?€0,DRAW,21,4_1_4_1,FW,STARTING,17,10,59%,0,4,1,5,4,80%,5,5,0,1,0,43,3,6,1,1,16,16,12,7,3,4,0,5,7,1,0,2,0,3,5,4,3,4,9274.5,3990.8,2432.7,1897.6,601,352.4,163,57,29.6,0,4,5,1,42.85714286,25
41,E,PORTUGAL,UEFA,USA,0?€0,DRAW,21,4_1_4_1,MF,STARTING,42,34,81%,0,1,0,11,9,81%,1,0,1,0,0,36,10,13,1,6,2,4,10,5,1,4,0,7,15,2,0,3,4,12,14,9,6,4,10235.3,3269.2,3143.3,2953.9,640.7,228.2,235,61,26.2,0,4,5,1,20,0
41,E,PORTUGAL,UEFA,USA,0?€0,DRAW,21,4_1_4_1,MF,STARTING,49,38,78%,0,1,0,16,11,68%,0,0,0,0,0,25,15,6,0,1,0,3,8,6,1,2,0,10,11,2,0,2,0,13,14,7,5,2,9743,3458.8,3485.1,2387,376.1,36,185,25,26.1,0,4,5,1,16.66666667,0
41,E,PORTUGAL,UEFA,USA,0?€0,DRAW,21,4_1_4_1,DF,STARTING,35,28,80%,0,2,0,15,10,66%,0,0,0,0,0,4,2,0,0,0,0,2,2,0,0,3,2,1,0,2,0,2,11,4,2,0,4,10,8485.6,3009.9,3340.8,1790.5,245.2,99.3,147,26,26.9,0,4,5,1,0,0
41,E,PORTUGAL,UEFA,USA,0?€0,DRAW,21,4_1_4_1,FW,STARTING,12,7,58%,0,0,0,3,3,100%,0,0,0,0,0,35,1,10,1,4,15,4,10,1,1,3,0,2,16,1,0,1,0,1,14,8,3,0,8949.4,2716.1,3017.7,2251.7,499.4,465.4,187,65,31.1,0,4,5,1,100,0
41,E,PORTUGAL,UEFA,USA,0?€0,DRAW,21,4_1_4_1,DF,STARTING,40,23,58%,0,0,0,20,8,40%,1,1,0,0,0,7,3,0,0,0,0,4,5,1,0,6,2,2,0,3,0,3,6,7,3,1,6,8,8675.1,3064,2810.7,2403,262.9,135.3,199,27,27.6,0,4,5,1,0,0
41,E,PORTUGAL,UEFA,USA,0?€0,DRAW,21,4_1_4_1,MF,STARTING,35,26,74%,0,0,0,8,3,37%,0,0,0,1,0,29,6,13,1,2,2,5,11,2,0,0,0,1,7,1,0,3,0,8,8,2,2,0,6520.6,2432.2,2014.2,1871.4,185.8,17,126,14,26.4,0,4,5,1,0,0
41,E,PORTUGAL,UEFA,USA,0?€0,DRAW,21,4_1_4_1,FW,Substitutions,0,0,0,0,0,0,0,0,0,0,0,0,0,0,0,0,0,0,0,0,0,0,0,0,0,0,0,0,0,0,0,0,0,0,0,0,0,0,0,0,0,0,0,0,0,0,0,4,5,1,0,0
41,E,PORTUGAL,UEFA,USA,0?€0,DRAW,21,4_1_4_1,DF,Substitutions,0,0,0,0,0,0,0,0,0,0,0,0,0,0,0,0,0,0,0,0,0,0,0,0,0,0,0,0,0,0,0,0,0,0,0,0,0,0,0,0,0,0,0,0,0,0,0,4,5,1,0,0
41,E,PORTUGAL,UEFA,USA,0?€0,DRAW,21,4_1_4_1,DF,Substitutions,3,0,0,0,0,0,1,0,0,0,0,0,0,0,2,2,0,0,0,0,0,1,0,0,0,0,0,1,0,0,0,0,1,3,1,0,0,1077.9,334.4,366.4,343.5,33.6,0,22,3,21.7,0,4,5,1,0,0
41,E,PORTUGAL,UEFA,USA,0?€0,DRAW,21,4_1_4_1,MF,Substitutions,14,9,64%,0,0,0,3,1,33%,0,0,0,1,0,10,3,3,0,2,0,2,3,0,0,1,0,0,9,1,0,1,0,4,5,2,2,0,3789.7,1114.2,1365.4,1009.2,233.4,67.8,82,16,30.5,0,4,5,1,0,0
41,E,PORTUGAL,UEFA,USA,0?€0,DRAW,21,4_1_4_1,MF,Substitutions,0,0,0,0,0,0,0,0,0,0,0,0,0,0,0,0,0,0,0,0,0,0,0,0,0,0,0,0,0,0,0,0,0,0,0,0,0,0,0,0,0,0,0,0,0,0,0,4,5,1,0,0
41,E,PORTUGAL,UEFA,USA,0?€0,DRAW,21,4_1_4_1,GK,Substitutions,0,0,0,0,0,0,0,0,0,0,0,0,0,0,0,0,0,0,0,0,0,0,0,0,0,0,0,0,0,0,0,0,0,0,0,0,0,0,0,0,0,0,0,0,0,0,0,4,5,1,0,0
41,E,PORTUGAL,UEFA,USA,0?€0,DRAW,21,4_1_4_1,MF,Substitutions,0,0,0,0,0,0,0,0,0,0,0,0,0,0,0,0,0,0,0,0,0,0,0,0,0,0,0,0,0,0,0,0,0,0,0,0,0,0,0,0,0,0,0,0,0,0,0,4,5,1,0,0
41,E,PORTUGAL,UEFA,USA,0?€0,DRAW,21,4_1_4_1,DF,Substitutions,0,0,0,0,0,0,0,0,0,0,0,0,0,0,0,0,0,0,0,0,0,0,0,0,0,0,0,0,0,0,0,0,0,0,0,0,0,0,0,0,0,0,0,0,0,0,0,4,5,1,0,0
41,E,PORTUGAL,UEFA,USA,0?€0,DRAW,21,4_1_4_1,FW,Substitutions,0,0,0,0,0,0,0,0,0,0,0,0,0,0,0,0,0,0,0,0,0,0,0,0,0,0,0,0,0,0,0,0,0,0,0,0,0,0,0,0,0,0,0,0,0,0,0,4,5,1,0,0
41,E,PORTUGAL,UEFA,USA,0?€0,DRAW,21,4_1_4_1,FW,Substitutions,0,0,0,0,0,0,0,0,0,0,0,0,1,0,2,0,0,0,0,2,0,1,0,0,0,0,1,2,0,0,1,0,0,1,1,1,0,1067.8,398.4,264.1,240.8,99.4,65.1,19,8,29.1,0,4,5,1,0,0
41,E,PORTUGAL,UEFA,USA,0?€0,DRAW,21,4_1_4_1,GK,Substitutions,0,0,0,0,0,0,0,0,0,0,0,0,0,0,0,0,0,0,0,0,0,0,0,0,0,0,0,0,0,0,0,0,0,0,0,0,0,0,0,0,0,0,0,0,0,0,0,4,5,1,0,0
41,E,PORTUGAL,UEFA,USA,0?€0,DRAW,21,4_1_4_1,FW,Substitutions,6,3,50%,0,0,0,2,1,50%,0,0,0,0,0,6,1,2,0,0,2,1,2,0,0,0,0,0,3,1,0,1,0,0,3,1,0,0,1526.9,654.9,480.1,315,67.3,9.6,28,6,25.2,0,4,5,1,0,0
24,E,PORTUGAL,UEFA,VIETNAM,2?€0,WIN,21,4_1_4_1,MF,STARTING,40,29,72%,0,4,3,16,8,50%,1,1,0,2,0,59,15,3,1,1,20,19,12,4,1,8,0,4,10,1,0,1,4,9,18,5,5,6,9672.6,3671.7,3040.1,2169.6,583.3,208,196,57,28.8,2,4,5,1,25,75
24,E,PORTUGAL,UEFA,VIETNAM,2?€0,WIN,21,4_1_4_1,MF,STARTING,56,48,86%,0,9,3,21,17,80%,4,3,1,2,0,60,18,2,3,0,6,31,18,2,0,2,0,3,18,2,0,2,1,2,21,8,4,2,10518.8,3627.9,3456.5,2721.2,562.8,149.4,215,46,27.8,2,4,5,1,0,33.33333333
24,E,PORTUGAL,UEFA,VIETNAM,2?€0,WIN,21,4_1_4_1,MF,STARTING,51,45,88%,0,2,1,9,9,100%,1,1,0,4,0,44,14,18,2,7,3,0,13,5,1,2,0,6,12,4,0,4,2,7,7,6,8,3,10224.3,2798.4,4415.9,2484.5,409,116.6,214,38,28.5,2,4,5,1,20,50
24,E,PORTUGAL,UEFA,VIETNAM,2?€0,WIN,21,4_1_4_1,DF,STARTING,77,69,90%,1,0,0,26,22,84%,4,2,2,0,0,1,0,0,0,0,0,1,0,1,0,1,1,1,5,1,0,2,2,14,9,2,3,1,7876.4,3895.7,2177,1228.7,404.8,169.3,121,34,28.6,2,4,5,1,0,0
24,E,PORTUGAL,UEFA,VIETNAM,2?€0,WIN,21,4_1_4_1,FW,STARTING,17,12,71%,0,0,0,5,2,40%,7,5,2,5,0,46,2,6,2,0,29,7,18,2,1,2,0,2,7,1,0,2,0,4,9,3,1,2,6404.1,2715.3,1742.6,1340.4,356.1,249.8,130,40,31.2,2,4,5,1,50,0
24,E,PORTUGAL,UEFA,VIETNAM,2?€0,WIN,21,4_1_4_1,MF,STARTING,61,53,87%,0,0,0,14,12,85%,2,0,2,0,0,62,35,13,2,1,4,7,21,2,1,5,4,6,15,1,0,1,3,14,33,10,10,5,10561.9,3204.5,3644.9,2932,622.1,159.5,229,51,26.3,2,4,5,1,50,0
24,E,PORTUGAL,UEFA,VIETNAM,2?€0,WIN,21,4_1_4_1,GK,STARTING,16,13,81%,0,0,0,4,2,50%,0,0,0,0,0,5,0,0,0,0,0,5,4,0,0,0,0,0,0,0,0,0,0,1,0,0,4,0,3438.2,2909.1,447.3,70.5,11.7,0,12,1,22.4,2,4,5,1,0,0
24,E,PORTUGAL,UEFA,VIETNAM,2?€0,WIN,21,4_1_4_1,DF,STARTING,92,86,93%,0,0,0,20,20,100%,1,0,1,2,0,9,2,0,0,0,0,7,2,0,0,0,0,1,1,2,0,2,2,10,3,2,2,1,9326.3,3398.5,3617.7,1828.9,384.2,96.1,145,29,27.7,2,4,5,1,0,0
24,E,PORTUGAL,UEFA,VIETNAM,2?€0,WIN,21,4_1_4_1,DF,STARTING,75,65,87%,1,3,1,22,14,63%,1,0,1,0,0,4,0,0,0,0,0,4,2,5,3,2,2,2,4,3,0,3,7,14,9,2,9,5,9758.1,3320.7,4132.5,1779.9,423.5,101.5,140,34,26.5,2,4,5,1,60,33.33333333
24,E,PORTUGAL,UEFA,VIETNAM,2?€0,WIN,21,4_1_4_1,MF,STARTING,38,30,79%,0,1,0,10,8,80%,2,1,1,4,1,41,4,25,2,3,7,0,13,1,0,3,1,1,6,3,1,4,0,9,2,1,2,1,7925.4,2773.9,2575,1952.8,522.3,100.7,152,39,27.3,2,4,5,1,0,0
24,E,PORTUGAL,UEFA,VIETNAM,2?€0,WIN,21,4_1_4_1,FW,STARTING,28,21,75%,1,4,1,4,4,100%,1,1,0,6,1,57,1,9,2,2,38,5,29,2,2,3,0,2,8,3,0,3,0,4,9,3,4,0,6804.6,2906.2,1935.2,1170.4,562.1,230.7,115,47,31.7,2,4,5,1,100,25
24,E,PORTUGAL,UEFA,VIETNAM,2?€0,WIN,21,4_1_4_1,GK,Substitutions,0,0,0,0,0,0,0,0,0,0,0,0,0,0,0,0,0,0,0,0,0,0,0,0,0,0,0,0,0,0,0,0,0,0,0,0,0,0,0,0,0,0,0,0,0,0,2,4,5,1,0,0
24,E,PORTUGAL,UEFA,VIETNAM,2?€0,WIN,21,4_1_4_1,DF,Substitutions,0,0,0,0,0,0,0,0,0,0,0,0,0,0,0,0,0,0,0,0,0,0,0,0,0,0,0,0,0,0,0,0,0,0,0,0,0,0,0,0,0,0,0,0,0,0,2,4,5,1,0,0
24,E,PORTUGAL,UEFA,VIETNAM,2?€0,WIN,21,4_1_4_1,DF,Substitutions,1,1,100%,0,0,0,0,0,0,0,0,0,0,0,0,0,0,0,0,0,0,0,0,0,1,0,0,0,0,0,0,0,0,1,0,1,0,518.9,194.1,192.8,102.4,29.6,0,9,1,24.9,2,4,5,1,0,0
24,E,PORTUGAL,UEFA,VIETNAM,2?€0,WIN,21,4_1_4_1,MF,Substitutions,1,0,0,0,0,0,1,0,0,1,0,1,1,0,1,0,1,0,0,0,0,0,0,0,0,0,0,0,0,0,0,0,3,0,0,0,0,579,188.2,209.8,141,39.9,0,14,5,23.1,2,4,5,1,0,0
24,E,PORTUGAL,UEFA,VIETNAM,2?€0,WIN,21,4_1_4_1,MF,Substitutions,12,10,83%,1,2,0,1,1,100%,1,1,0,1,0,23,5,11,2,1,3,1,10,0,0,0,0,1,0,3,0,4,0,3,5,1,2,0,2625.7,971.3,1025.9,513.9,114.7,0,39,7,23.3,2,4,5,1,0,0
24,E,PORTUGAL,UEFA,VIETNAM,2?€0,WIN,21,4_1_4_1,MF,Substitutions,0,0,0,0,0,0,0,0,0,0,0,0,0,0,0,0,0,0,0,0,0,0,0,0,0,0,0,0,0,0,0,0,0,0,0,0,0,0,0,0,0,0,0,0,0,0,2,4,5,1,0,0
24,E,PORTUGAL,UEFA,VIETNAM,2?€0,WIN,21,4_1_4_1,MF,Substitutions,0,0,0,0,0,0,0,0,0,0,0,0,0,0,0,0,0,0,0,0,0,0,0,0,0,0,0,0,0,0,0,0,0,0,0,0,0,0,0,0,0,0,0,0,0,0,2,4,5,1,0,0
24,E,PORTUGAL,UEFA,VIETNAM,2?€0,WIN,21,4_1_4_1,FW,Substitutions,0,0,0,0,0,0,0,0,0,0,0,0,0,0,0,0,0,0,0,0,0,0,0,0,0,0,0,0,0,0,0,0,0,0,0,0,0,0,0,0,0,0,0,0,0,0,2,4,5,1,0,0
24,E,PORTUGAL,UEFA,VIETNAM,2?€0,WIN,21,4_1_4_1,FW,Substitutions,3,3,100%,0,0,0,0,0,0,1,1,0,1,0,6,0,1,0,0,5,0,2,0,0,3,0,0,7,1,0,1,1,1,5,0,1,2,2157,770.9,537.8,597.1,130.5,120.8,46,17,27.5,2,4,5,1,0,0
24,E,PORTUGAL,UEFA,VIETNAM,2?€0,WIN,21,4_1_4_1,DF,Substitutions,0,0,0,0,0,0,0,0,0,0,0,0,0,0,0,0,0,0,0,0,0,0,0,0,0,0,0,0,0,0,0,0,0,0,0,0,0,0,0,0,0,0,0,0,0,0,2,4,5,1,0,0
24,E,PORTUGAL,UEFA,VIETNAM,2?€0,WIN,21,4_1_4_1,FW,Substitutions,6,4,67%,0,3,1,1,1,100%,0,0,0,0,0,12,0,1,1,2,6,2,3,1,0,0,0,1,2,0,0,0,0,2,2,1,0,0,2697.2,1052.4,676.2,647.1,175,146.2,53,17,28.8,2,4,5,1,0,33.33333333
24,E,PORTUGAL,UEFA,VIETNAM,2?€0,WIN,21,4_1_4_1,GK,Substitutions,0,0,0,0,0,0,0,0,0,0,0,0,0,0,0,0,0,0,0,0,0,0,0,0,0,0,0,0,0,0,0,0,0,0,0,0,0,0,0,0,0,0,0,0,0,0,2,4,5,1,0,0
23,E,USA,CONCACAF,NETHERLANDS,1?€1,DRAW,1,4_3_3,GK,STARTING,22,18,82%,0,0,0,11,7,63%,0,0,0,0,0,8,0,0,0,0,0,8,3,0,0,0,0,0,0,0,0,0,0,5,0,0,6,0,4128,3387,510.2,222.1,9.1,0,22,1,20.1,1,4,3,3,0,0
23,E,USA,CONCACAF,NETHERLANDS,1?€1,DRAW,1,4_3_3,DF,STARTING,35,27,77%,1,0,0,15,11,73%,1,0,1,0,0,17,2,0,0,0,0,15,5,0,0,1,1,3,2,3,0,3,9,13,13,5,5,5,9515.7,3170.6,3764.4,2255.2,169.4,157,171,21,30,1,4,3,3,0,0
23,E,USA,CONCACAF,NETHERLANDS,1?€1,DRAW,1,4_3_3,DF,STARTING,34,26,76%,2,0,0,19,12,63%,0,0,0,2,0,12,3,1,0,0,0,8,4,2,1,1,0,3,2,5,0,5,9,4,11,3,5,9,9260.2,3159.6,3617,2116.9,322.3,44.4,162,31,28.6,1,4,3,3,50,0
23,E,USA,CONCACAF,NETHERLANDS,1?€1,DRAW,1,4_3_3,MF,STARTING,13,8,62%,0,3,3,4,2,50%,2,2,0,1,0,30,3,19,1,1,2,4,9,14,3,0,0,14,21,0,0,0,0,5,30,15,4,2,5935.2,1471.9,2697.6,1524.2,220.8,21.4,122,17,26.5,1,4,3,3,21.42857143,100
23,E,USA,CONCACAF,NETHERLANDS,1?€1,DRAW,1,4_3_3,MF,STARTING,38,29,76%,0,0,0,15,13,86%,2,1,1,3,1,46,11,16,3,4,2,10,6,4,2,1,0,2,16,8,0,8,2,13,27,9,6,1,11599.6,3372,4427.6,3128.4,597.4,74.2,241,45,26.2,1,4,3,3,50,0
23,E,USA,CONCACAF,NETHERLANDS,1?€1,DRAW,1,4_3_3,FW,STARTING,19,10,53%,0,6,1,12,8,66%,5,2,3,3,0,17,1,3,0,3,6,4,9,1,0,2,1,5,39,2,0,3,1,9,21,16,2,3,10997.1,3173.8,4206.4,2779,718.1,119.9,219,56,26.2,1,4,3,3,0,16.66666667
23,E,USA,CONCACAF,NETHERLANDS,1?€1,DRAW,1,4_3_3,FW,STARTING,23,17,74%,0,6,0,9,6,66%,3,0,3,2,0,26,0,8,1,1,16,0,4,4,1,1,0,3,32,2,0,3,1,8,30,12,3,2,9947.4,3573.1,3556.2,2124.8,499.4,193,201,46,27.9,1,4,3,3,25,0
23,E,USA,CONCACAF,NETHERLANDS,1?€1,DRAW,1,4_3_3,MF,STARTING,31,25,81%,0,2,2,8,6,75%,0,0,0,1,0,13,6,4,2,0,0,1,8,4,2,2,0,15,21,2,0,2,2,5,40,19,6,1,10724.2,3306.3,4191,2627.4,514.8,84.7,222,38,26.6,1,4,3,3,50,100
23,E,USA,CONCACAF,NETHERLANDS,1?€1,DRAW,1,4_3_3,DF,STARTING,58,44,76%,2,1,0,28,20,71%,2,2,0,1,0,5,0,0,0,0,1,4,2,6,0,4,3,9,18,1,0,1,5,8,31,18,7,4,10503.5,3362.2,4166.7,2395.8,473.7,105,202,45,28.4,1,4,3,3,0,0
23,E,USA,CONCACAF,NETHERLANDS,1?€1,DRAW,1,4_3_3,FW,STARTING,28,12,43%,0,3,1,5,1,20%,2,1,1,4,0,25,1,3,1,2,11,7,10,5,1,8,1,9,19,1,0,5,2,12,22,14,6,7,11056.9,3704.1,3718.4,2595,686.6,352.7,234,66,30.1,1,4,3,3,20,33.33333333
23,E,USA,CONCACAF,NETHERLANDS,1?€1,DRAW,1,4_3_3,DF,STARTING,45,33,73%,0,1,0,18,11,61%,1,1,0,0,0,27,6,1,0,0,3,17,8,3,0,2,0,4,13,1,0,1,2,13,24,7,1,5,11770.3,3080.3,4712.8,3147.4,603.8,226,249,57,27.8,1,4,3,3,0,0
23,E,USA,CONCACAF,NETHERLANDS,1?€1,DRAW,1,4_3_3,MF,Substitutions,0,0,0,0,0,0,0,0,0,0,0,0,0,0,0,0,0,0,0,0,0,0,0,0,0,0,0,0,0,0,0,0,0,0,0,0,0,0,0,0,0,0,0,0,0,0,1,4,3,3,0,0
23,E,USA,CONCACAF,NETHERLANDS,1?€1,DRAW,1,4_3_3,DF,Substitutions,0,0,0,0,0,0,0,0,0,0,0,0,0,0,0,0,0,0,0,0,0,0,0,0,0,0,0,0,0,0,0,0,0,0,0,0,0,0,0,0,0,0,0,0,0,0,1,4,3,3,0,0
23,E,USA,CONCACAF,NETHERLANDS,1?€1,DRAW,1,4_3_3,DF,Substitutions,0,0,0,0,0,0,0,0,0,0,0,0,0,0,0,0,0,0,0,0,0,0,0,0,0,0,0,0,0,0,0,0,0,0,0,0,0,0,0,0,0,0,0,0,0,0,1,4,3,3,0,0
23,E,USA,CONCACAF,NETHERLANDS,1?€1,DRAW,1,4_3_3,FW,Substitutions,0,0,0,0,0,0,0,0,0,0,0,0,0,0,0,0,0,0,0,0,0,0,0,0,0,0,0,0,0,0,0,0,0,0,0,0,0,0,0,0,0,0,0,0,0,0,1,4,3,3,0,0
23,E,USA,CONCACAF,NETHERLANDS,1?€1,DRAW,1,4_3_3,FW,Substitutions,0,0,0,0,0,0,0,0,0,0,0,0,0,0,0,0,0,0,0,0,0,0,0,0,0,0,0,0,0,0,0,0,0,0,0,0,0,0,0,0,0,0,0,0,0,0,1,4,3,3,0,0
23,E,USA,CONCACAF,NETHERLANDS,1?€1,DRAW,1,4_3_3,DF,Substitutions,0,0,0,0,0,0,0,0,0,0,0,0,0,0,0,0,0,0,0,0,0,0,0,0,0,0,0,0,0,0,0,0,0,0,0,0,0,0,0,0,0,0,0,0,0,0,1,4,3,3,0,0
23,E,USA,CONCACAF,NETHERLANDS,1?€1,DRAW,1,4_3_3,DF,Substitutions,0,0,0,0,0,0,0,0,0,0,0,0,0,0,0,0,0,0,0,0,0,0,0,0,0,0,0,0,0,0,0,0,0,0,0,0,0,0,0,0,0,0,0,0,0,0,1,4,3,3,0,0
23,E,USA,CONCACAF,NETHERLANDS,1?€1,DRAW,1,4_3_3,FW,Substitutions,0,0,0,0,0,0,0,0,0,0,0,0,0,0,0,0,0,0,0,0,0,0,0,0,0,0,0,0,0,0,0,0,0,0,0,0,0,0,0,0,0,0,0,0,0,0,1,4,3,3,0,0
23,E,USA,CONCACAF,NETHERLANDS,1?€1,DRAW,1,4_3_3,MF,Substitutions,19,11,58%,0,7,3,10,6,60%,2,1,1,1,0,27,2,13,0,2,5,5,8,7,1,0,1,8,9,0,1,2,0,10,19,3,3,2,5656,1782.2,1839.9,1619.3,329.2,85.4,121,27,27,1,4,3,3,14.28571429,42.85714286
23,E,USA,CONCACAF,NETHERLANDS,1?€1,DRAW,1,4_3_3,GK,Substitutions,0,0,0,0,0,0,0,0,0,0,0,0,0,0,0,0,0,0,0,0,0,0,0,0,0,0,0,0,0,0,0,0,0,0,0,0,0,0,0,0,0,0,0,0,0,0,1,4,3,3,0,0
23,E,USA,CONCACAF,NETHERLANDS,1?€1,DRAW,1,4_3_3,GK,Substitutions,0,0,0,0,0,0,0,0,0,0,0,0,0,0,0,0,0,0,0,0,0,0,0,0,0,0,0,0,0,0,0,0,0,0,0,0,0,0,0,0,0,0,0,0,0,0,1,4,3,3,0,0
23,E,USA,CONCACAF,NETHERLANDS,1?€1,DRAW,1,4_3_3,MF,Substitutions,0,0,0,0,0,0,0,0,0,0,0,0,0,0,0,0,0,0,0,0,0,0,0,0,0,0,0,0,0,0,0,0,0,0,0,0,0,0,0,0,0,0,0,0,0,0,1,4,3,3,0,0
41,E,USA,CONCACAF,PORTUGAL,0?€0,DRAW,1,4_3_3,GK,STARTING,21,16,76%,0,0,0,11,7,63%,0,0,0,0,0,5,0,0,0,0,0,5,3,0,0,0,0,0,0,0,0,0,0,2,0,0,3,0,4052.1,3235.2,606.2,190,13.4,7.3,25,2,23.8,0,4,3,3,0,0
41,E,USA,CONCACAF,PORTUGAL,0?€0,DRAW,1,4_3_3,DF,STARTING,27,25,93%,0,0,0,15,13,86%,1,0,1,0,0,8,1,0,0,0,0,7,5,1,0,2,5,5,3,3,0,3,9,6,22,5,9,6,9193.7,3263.8,3336.4,2028.1,400.8,164.6,180,39,30.1,0,4,3,3,0,0
41,E,USA,CONCACAF,PORTUGAL,0?€0,DRAW,1,4_3_3,FW,STARTING,19,10,53%,0,2,2,4,2,50%,1,0,1,6,0,24,0,1,1,1,13,8,5,8,2,3,0,5,11,2,0,3,1,3,14,7,3,5,8637.3,3166.4,2215.5,1965.9,745.4,544.2,181,68,30.2,0,4,3,3,25,100
41,E,USA,CONCACAF,PORTUGAL,0?€0,DRAW,1,4_3_3,DF,STARTING,24,18,75%,2,1,0,12,9,75%,3,0,3,0,0,3,0,0,0,0,0,3,2,0,0,0,1,0,4,3,0,3,10,6,4,1,3,6,8423,3179.7,3095.5,1711.6,315.9,119.6,158,32,30.9,0,4,3,3,0,0
41,E,USA,CONCACAF,PORTUGAL,0?€0,DRAW,1,4_3_3,MF,STARTING,33,20,61%,1,1,1,13,8,61%,2,0,2,0,0,46,5,21,1,5,7,7,11,3,0,3,2,9,17,5,0,7,3,9,23,7,1,8,8914.3,2659.1,3340.2,2282.1,615.1,17.8,191,39,25.1,0,4,3,3,0,100
41,E,USA,CONCACAF,PORTUGAL,0?€0,DRAW,1,4_3_3,FW,STARTING,12,7,58%,0,2,1,5,1,20%,2,2,0,1,0,11,2,1,0,0,4,4,2,6,1,3,0,1,7,0,0,0,0,5,6,4,3,3,6372.5,1774.1,2026.4,2102.3,402.7,66.9,147,35,25.1,0,4,3,3,16.66666667,50
41,E,USA,CONCACAF,PORTUGAL,0?€0,DRAW,1,4_3_3,FW,STARTING,8,3,38%,0,1,0,2,0,0%,4,3,1,6,0,21,0,1,0,0,19,1,4,1,0,3,2,1,12,5,0,5,0,3,20,11,3,3,8976,3324.7,3196.4,1756.6,424.6,272.9,155,46,28.8,0,4,3,3,0,0
41,E,USA,CONCACAF,PORTUGAL,0?€0,DRAW,1,4_3_3,MF,STARTING,20,11,55%,0,5,2,9,4,44%,2,0,2,1,0,33,2,16,2,1,7,5,8,5,2,3,1,11,29,4,0,6,2,9,26,11,6,4,10520.8,3398.2,3112,2956.3,704.9,348.2,231,63,29.6,0,4,3,3,40,40
41,E,USA,CONCACAF,PORTUGAL,0?€0,DRAW,1,4_3_3,MF,STARTING,13,11,85%,0,3,1,2,2,100%,0,0,0,0,0,27,13,9,0,1,0,4,8,4,1,8,1,16,22,3,0,7,7,5,35,16,11,9,10186.9,3004.1,3828.2,2744.4,495.1,115.1,196,38,26.1,0,4,3,3,25,33.33333333
41,E,USA,CONCACAF,PORTUGAL,0?€0,DRAW,1,4_3_3,DF,STARTING,52,41,79%,1,1,0,26,20,76%,1,0,1,0,0,7,5,0,0,0,1,1,1,4,2,2,1,5,20,2,1,3,7,12,27,10,9,5,9125.4,3122.7,3621.9,1888.9,404.3,87.6,170,34,29.5,0,4,3,3,50,0
41,E,USA,CONCACAF,PORTUGAL,0?€0,DRAW,1,4_3_3,DF,STARTING,29,22,76%,0,0,0,14,11,78%,3,0,3,0,0,20,8,0,0,1,2,9,8,1,0,2,2,2,12,0,1,2,7,3,16,7,7,6,10568.2,3159.9,4208.2,2444.4,472.4,284.3,199,49,32.2,0,4,3,3,0,0
41,E,USA,CONCACAF,PORTUGAL,0?€0,DRAW,1,4_3_3,MF,Substitutions,0,0,0,0,0,0,0,0,0,0,0,0,0,0,0,0,0,0,0,0,0,0,0,0,0,0,0,0,0,0,0,0,0,0,0,0,0,0,0,0,0,0,0,0,0,0,0,4,3,3,0,0
41,E,USA,CONCACAF,PORTUGAL,0?€0,DRAW,1,4_3_3,DF,Substitutions,0,0,0,0,0,0,0,0,0,0,0,0,0,0,0,0,0,0,0,0,0,0,0,0,0,0,0,0,0,0,0,0,0,0,0,0,0,0,0,0,0,0,0,0,0,0,0,4,3,3,0,0
41,E,USA,CONCACAF,PORTUGAL,0?€0,DRAW,1,4_3_3,DF,Substitutions,3,2,67%,0,0,0,3,2,66%,0,0,0,0,0,0,0,0,0,0,0,0,0,0,0,0,0,0,0,0,0,0,1,1,0,0,0,0,286.3,86.8,64.1,116.1,19.2,0,6,1,23.2,0,4,3,3,0,0
41,E,USA,CONCACAF,PORTUGAL,0?€0,DRAW,1,4_3_3,FW,Substitutions,1,0,0,0,0,0,0,0,0,0,0,0,0,0,0,0,0,0,0,0,0,0,0,0,0,0,0,1,0,0,0,0,0,1,0,0,0,370.1,42.7,164.8,89.2,46.1,27.4,10,6,29.3,0,4,3,3,0,0
41,E,USA,CONCACAF,PORTUGAL,0?€0,DRAW,1,4_3_3,MF,Substitutions,0,0,0,0,0,0,0,0,0,0,0,0,0,0,0,0,0,0,0,0,0,0,0,0,0,0,0,0,0,0,0,0,0,0,0,0,0,0,0,0,0,0,0,0,0,0,0,4,3,3,0,0
41,E,USA,CONCACAF,PORTUGAL,0?€0,DRAW,1,4_3_3,DF,Substitutions,0,0,0,0,0,0,0,0,0,0,0,0,0,0,0,0,0,0,0,0,0,0,0,0,0,0,0,0,0,0,0,0,0,0,0,0,0,0,0,0,0,0,0,0,0,0,0,4,3,3,0,0
41,E,USA,CONCACAF,PORTUGAL,0?€0,DRAW,1,4_3_3,DF,Substitutions,2,2,100%,0,0,0,0,0,0,0,0,0,0,0,0,0,0,0,0,0,0,0,0,0,0,0,0,2,0,0,0,0,1,1,1,0,0,1443.1,576.8,443.9,337.8,68,16.6,28,6,25.2,0,4,3,3,0,0
41,E,USA,CONCACAF,PORTUGAL,0?€0,DRAW,1,4_3_3,FW,Substitutions,24,8,33%,0,4,2,12,2,16%,1,0,1,1,0,3,2,1,0,0,0,0,1,2,0,1,1,1,3,0,0,0,0,4,2,2,1,2,3747.1,1326.8,1147,813.1,295.3,164.9,75,24,28.6,0,4,3,3,0,50
41,E,USA,CONCACAF,PORTUGAL,0?€0,DRAW,1,4_3_3,GK,Substitutions,0,0,0,0,0,0,0,0,0,0,0,0,0,0,0,0,0,0,0,0,0,0,0,0,0,0,0,0,0,0,0,0,0,0,0,0,0,0,0,0,0,0,0,0,0,0,0,4,3,3,0,0
41,E,USA,CONCACAF,PORTUGAL,0?€0,DRAW,1,4_3_3,FW,Substitutions,0,0,0,0,1,0,1,0,0,0,0,0,0,0,6,0,0,0,0,6,0,1,0,0,0,0,1,1,1,0,1,0,0,0,0,0,0,2011.3,463.4,812,403.9,168.5,163.5,34,15,30.1,0,4,3,3,0,0
41,E,USA,CONCACAF,PORTUGAL,0?€0,DRAW,1,4_3_3,GK,Substitutions,0,0,0,0,0,0,0,0,0,0,0,0,0,0,0,0,0,0,0,0,0,0,0,0,0,0,0,0,0,0,0,0,0,0,0,0,0,0,0,0,0,0,0,0,0,0,0,4,3,3,0,0
41,E,USA,CONCACAF,PORTUGAL,0?€0,DRAW,1,4_3_3,MF,Substitutions,0,0,0,0,0,0,0,0,0,0,0,0,0,0,0,0,0,0,0,0,0,0,0,0,0,0,0,0,0,0,0,0,0,0,0,0,0,0,0,0,0,0,0,0,0,0,0,4,3,3,0,0
9,E,USA,CONCACAF,VIETNAM,3?€0,WIN,1,4_3_3,GK,STARTING,9,9,100%,0,0,0,3,3,100%,0,0,0,0,0,5,0,0,0,0,0,5,1,0,0,0,0,0,0,0,0,0,0,1,0,0,1,0,3181.8,2575,422.5,127.6,10.5,46.1,15,2,29.8,3,4,3,3,0,0
9,E,USA,CONCACAF,VIETNAM,3?€0,WIN,1,4_3_3,DF,STARTING,83,76,92%,0,0,0,18,13,72%,2,0,2,0,0,50,1,0,0,0,0,49,30,1,1,0,0,2,0,1,0,1,2,10,7,2,2,1,8339.8,3568.6,3049,1216.8,297.7,207.7,119,37,30.9,3,4,3,3,100,0
9,E,USA,CONCACAF,VIETNAM,3?€0,WIN,1,4_3_3,DF,STARTING,70,65,93%,0,3,0,23,19,82%,1,0,1,4,0,10,2,0,0,0,0,8,5,0,0,1,0,0,0,3,0,3,11,8,1,0,5,7,8263.3,3610.2,2862.4,1361,338.8,90.9,125,33,31.3,3,4,3,3,0,0
9,E,USA,CONCACAF,VIETNAM,3?€0,WIN,1,4_3_3,MF,STARTING,14,13,93%,0,6,2,5,4,80%,1,0,1,2,0,53,14,27,0,3,4,5,5,4,3,2,0,3,6,0,0,0,0,11,14,5,3,1,6322,2165.3,2477.6,1191.1,271.8,216.2,113,38,32.8,3,4,3,3,75,33.33333333
9,E,USA,CONCACAF,VIETNAM,3?€0,WIN,1,4_3_3,MF,STARTING,55,42,76%,0,2,0,20,15,75%,5,3,2,5,1,116,32,36,6,5,18,19,46,2,2,6,3,3,12,7,0,8,3,13,22,7,10,5,10823.9,3753.7,3676.9,2487.3,477.3,427.5,224,64,32,3,4,3,3,100,0
9,E,USA,CONCACAF,VIETNAM,3?€0,WIN,1,4_3_3,FW,STARTING,21,11,52%,0,5,1,4,2,50%,4,2,2,5,2,52,3,21,4,5,14,5,15,3,1,2,1,5,15,0,0,2,0,9,14,7,4,3,9903,3462.1,3410.6,2110.3,564.5,354.5,192,77,31.9,3,4,3,3,33.33333333,20
9,E,USA,CONCACAF,VIETNAM,3?€0,WIN,1,4_3_3,FW,STARTING,15,12,80%,0,0,0,0,0,0,1,1,0,4,0,18,0,3,1,1,11,2,4,0,0,3,2,0,7,1,0,3,0,4,12,5,3,1,5287.3,2339.6,1620,882.5,291.3,153.9,81,37,32.5,3,4,3,3,0,0
9,E,USA,CONCACAF,VIETNAM,3?€0,WIN,1,4_3_3,MF,STARTING,41,31,76%,0,4,1,9,5,55%,2,2,0,1,0,42,24,4,0,1,1,12,12,3,0,4,3,5,7,4,0,5,4,12,16,2,10,4,9827.5,3613.6,3907.4,1822,385.2,99.3,155,37,29.7,3,4,3,3,0,25
9,E,USA,CONCACAF,VIETNAM,3?€0,WIN,1,4_3_3,DF,STARTING,41,36,88%,0,1,0,9,8,88%,0,0,0,0,0,39,16,2,0,0,3,18,11,4,1,4,0,6,4,4,0,4,0,9,13,6,6,2,7810.8,2965,2683.8,1607.5,311.7,242.9,133,40,31.4,3,4,3,3,25,0
9,E,USA,CONCACAF,VIETNAM,3?€0,WIN,1,4_3_3,FW,STARTING,9,7,78%,0,6,3,5,3,60%,8,4,4,0,0,42,0,3,2,0,28,9,6,6,1,4,0,4,12,3,0,5,2,2,15,6,4,3,7771.1,2819.4,2370.2,1516.1,616.2,449.2,137,71,32.1,3,4,3,3,16.66666667,50
9,E,USA,CONCACAF,VIETNAM,3?€0,WIN,1,4_3_3,DF,STARTING,39,29,74%,0,4,1,14,10,71%,5,4,1,2,0,31,10,4,0,2,10,5,7,1,0,1,3,1,4,2,0,3,3,12,6,0,8,2,9601.7,2725,3764.8,2235.3,481,395.6,187,66,32.8,3,4,3,3,0,25
9,E,USA,CONCACAF,VIETNAM,3?€0,WIN,1,4_3_3,MF,Substitutions,0,0,0,0,0,0,0,0,0,0,0,0,0,0,0,0,0,0,0,0,0,0,0,0,0,0,0,0,0,0,0,0,0,0,0,0,0,0,0,0,0,0,0,0,0,0,3,4,3,3,0,0
9,E,USA,CONCACAF,VIETNAM,3?€0,WIN,1,4_3_3,DF,Substitutions,7,6,86%,0,2,0,0,0,0,0,0,0,0,0,10,2,0,0,0,1,7,4,0,0,0,0,0,0,0,0,0,0,2,1,0,0,0,1998.4,527.4,689.5,628.1,117.5,36.2,47,8,28.3,3,4,3,3,0,0
9,E,USA,CONCACAF,VIETNAM,3?€0,WIN,1,4_3_3,DF,Substitutions,15,11,73%,0,0,0,8,5,62%,0,0,0,0,0,11,4,1,0,0,2,4,6,1,1,1,1,0,1,0,0,0,0,1,4,1,2,0,1810.2,479.3,553,613.3,108.6,55.9,51,11,28.3,3,4,3,3,100,0
9,E,USA,CONCACAF,VIETNAM,3?€0,WIN,1,4_3_3,FW,Substitutions,0,0,0,0,0,0,0,0,0,0,0,0,0,0,0,0,0,0,0,0,0,0,0,0,0,0,0,0,0,0,0,0,0,0,0,0,0,0,0,0,0,0,0,0,0,0,3,4,3,3,0,0
9,E,USA,CONCACAF,VIETNAM,3?€0,WIN,1,4_3_3,FW,Substitutions,6,4,67%,0,1,0,3,3,100%,1,0,1,0,0,23,3,3,0,3,10,4,3,1,1,0,0,1,1,0,0,0,0,2,6,1,1,0,2982.2,684.7,1165.5,754.2,280,98.1,65,32,28,3,4,3,3,100,0
9,E,USA,CONCACAF,VIETNAM,3?€0,WIN,1,4_3_3,DF,Substitutions,0,0,0,0,0,0,0,0,0,0,0,0,0,0,0,0,0,0,0,0,0,0,0,0,0,0,0,0,0,0,0,0,0,0,0,0,0,0,0,0,0,0,0,0,0,0,3,4,3,3,0,0
9,E,USA,CONCACAF,VIETNAM,3?€0,WIN,1,4_3_3,DF,Substitutions,0,0,0,0,0,0,0,0,0,0,0,0,0,0,0,0,0,0,0,0,0,0,0,0,0,0,0,0,0,0,0,0,0,0,0,0,0,0,0,0,0,0,0,0,0,0,3,4,3,3,0,0
9,E,USA,CONCACAF,VIETNAM,3?€0,WIN,1,4_3_3,FW,Substitutions,18,15,83%,0,6,1,5,4,80%,2,2,0,2,0,25,2,5,2,0,11,5,12,1,0,4,0,1,4,0,0,0,0,3,4,4,0,3,3926.2,1459,1273.3,947.4,191.6,55,73,20,27.1,3,4,3,3,0,16.66666667
9,E,USA,CONCACAF,VIETNAM,3?€0,WIN,1,4_3_3,MF,Substitutions,17,14,82%,1,1,1,8,8,100%,2,0,2,1,0,34,3,9,4,2,15,1,10,0,0,0,1,0,5,4,0,4,2,2,3,2,3,1,4414.5,1294.8,1497,1102.3,346.1,174.4,92,28,30.1,3,4,3,3,0,100
9,E,USA,CONCACAF,VIETNAM,3?€0,WIN,1,4_3_3,GK,Substitutions,0,0,0,0,0,0,0,0,0,0,0,0,0,0,0,0,0,0,0,0,0,0,0,0,0,0,0,0,0,0,0,0,0,0,0,0,0,0,0,0,0,0,0,0,0,0,3,4,3,3,0,0
9,E,USA,CONCACAF,VIETNAM,3?€0,WIN,1,4_3_3,GK,Substitutions,0,0,0,0,0,0,0,0,0,0,0,0,0,0,0,0,0,0,0,0,0,0,0,0,0,0,0,0,0,0,0,0,0,0,0,0,0,0,0,0,0,0,0,0,0,0,3,4,3,3,0,0
9,E,USA,CONCACAF,VIETNAM,3?€0,WIN,1,4_3_3,MF,Substitutions,0,0,0,0,0,0,0,0,0,0,0,0,0,0,0,0,0,0,0,0,0,0,0,0,0,0,0,0,0,0,0,0,0,0,0,0,0,0,0,0,0,0,0,0,0,0,3,4,3,3,0,0
42,E,VIETNAM,AFC,NETHERLANDS,0?€7,LOSE,32,5_4_1,DF,STARTING,1,0,0,0,0,0,1,0,0,0,0,0,0,0,1,0,0,0,0,0,1,0,2,0,3,0,3,5,0,0,0,2,0,11,2,2,4,2797.7,1028.7,1089.4,569.1,104.1,6.4,56,10,25,0,5,4,1,0,0
42,E,VIETNAM,AFC,NETHERLANDS,0?€7,LOSE,32,5_4_1,DF,STARTING,19,7,37%,0,0,0,16,6,37%,0,0,0,1,0,2,1,0,0,0,0,1,2,4,1,3,1,10,15,0,0,0,4,1,48,18,4,4,9711.4,3806.9,3676.7,1892.7,288.4,46.6,190,24,30.2,0,5,4,1,25,0
42,E,VIETNAM,AFC,NETHERLANDS,0?€7,LOSE,32,5_4_1,DF,STARTING,10,5,50%,0,0,0,4,2,50%,0,0,0,0,0,4,1,0,0,1,0,2,0,2,0,1,0,8,9,0,0,0,0,1,12,8,0,1,2842.6,1122.8,946.6,665.7,98.4,9.1,59,10,31.4,0,5,4,1,0,0
42,E,VIETNAM,AFC,NETHERLANDS,0?€7,LOSE,32,5_4_1,MF,STARTING,20,18,90%,0,0,0,2,1,50%,0,0,0,2,0,34,17,7,0,4,2,4,7,3,0,4,0,13,51,2,0,3,1,5,45,14,2,5,10515.9,3787.8,4327.3,2014.9,331.3,55.7,206,31,25.3,0,5,4,1,0,0
42,E,VIETNAM,AFC,NETHERLANDS,0?€7,LOSE,32,5_4_1,FW,STARTING,25,22,88%,0,0,0,4,3,75%,0,0,0,0,0,18,2,7,0,3,5,1,7,2,0,1,0,9,28,2,0,2,1,4,8,7,0,2,7279,2530.2,2984.4,1461.6,241.7,61.1,132,20,27,0,5,4,1,0,0
42,E,VIETNAM,AFC,NETHERLANDS,0?€7,LOSE,32,5_4_1,DF,STARTING,28,16,57%,0,0,0,14,7,50%,0,0,0,0,0,8,3,0,0,1,0,4,5,5,3,7,3,9,29,2,0,2,7,4,37,14,8,10,9853.3,3520.6,4258.6,1809.1,165.5,99.5,193,20,30.1,0,5,4,1,60,0
42,E,VIETNAM,AFC,NETHERLANDS,0?€7,LOSE,32,5_4_1,GK,STARTING,13,7,54%,0,0,0,9,3,33%,0,0,0,0,0,0,0,0,0,0,0,0,0,0,0,0,0,0,0,0,0,0,0,0,0,0,6,0,1484.2,1382.3,85.3,16.5,0,0,0,0,20.7,0,5,4,1,0,0
42,E,VIETNAM,AFC,NETHERLANDS,0?€7,LOSE,32,5_4_1,MF,STARTING,25,17,68%,1,1,0,12,6,50%,1,1,0,0,0,24,11,10,0,3,0,0,10,4,1,4,2,11,50,0,0,2,6,9,54,26,7,5,10649.6,3468.6,4157.6,2639,298.2,87.3,241,30,26.9,0,5,4,1,25,0
42,E,VIETNAM,AFC,NETHERLANDS,0?€7,LOSE,32,5_4_1,DF,STARTING,34,30,88%,0,1,0,13,12,92%,2,0,2,0,0,25,12,2,0,1,1,9,8,7,0,5,0,12,27,0,0,0,4,9,47,21,7,4,9798.7,3736.2,3814.6,1699.1,454.7,95,159,44,32.4,0,5,4,1,0,0
42,E,VIETNAM,AFC,NETHERLANDS,0?€7,LOSE,32,5_4_1,MF,STARTING,21,9,43%,0,2,1,7,2,28%,2,1,1,0,0,19,0,3,4,4,6,2,7,5,4,4,1,6,35,2,0,2,4,6,27,13,5,6,10149.1,4044.4,3321.8,2166.8,417.1,197.9,197,38,29.1,0,5,4,1,80,50
42,E,VIETNAM,AFC,NETHERLANDS,0?€7,LOSE,32,5_4_1,MF,STARTING,23,13,57%,0,0,0,5,3,60%,0,0,0,2,0,25,2,5,2,1,8,7,7,2,0,0,1,2,39,0,0,0,0,2,41,24,1,0,6217.1,2612.4,2146.1,1198,194,66.5,112,18,28.7,0,5,4,1,0,0
42,E,VIETNAM,AFC,NETHERLANDS,0?€7,LOSE,32,5_4_1,GK,Substitutions,0,0,0,0,0,0,0,0,0,0,0,0,0,0,0,0,0,0,0,0,0,0,0,0,0,0,0,0,0,0,0,0,0,0,0,0,0,0,0,0,0,0,0,0,0,0,0,5,4,1,0,0
42,E,VIETNAM,AFC,NETHERLANDS,0?€7,LOSE,32,5_4_1,DF,Substitutions,7,4,57%,0,0,0,3,1,33%,0,0,0,0,0,1,0,0,0,0,0,1,0,1,0,2,0,0,0,1,0,1,11,2,6,0,3,9,5157.4,3221.3,1383.7,496.1,56.2,0,53,7,21.6,0,5,4,1,0,0
42,E,VIETNAM,AFC,NETHERLANDS,0?€7,LOSE,32,5_4_1,DF,Substitutions,0,0,0,0,0,0,0,0,0,0,0,0,0,0,0,0,0,0,0,0,0,0,0,0,0,0,0,0,0,0,0,0,0,0,0,0,0,0,0,0,0,0,0,0,0,0,0,5,4,1,0,0
42,E,VIETNAM,AFC,NETHERLANDS,0?€7,LOSE,32,5_4_1,MF,Substitutions,12,8,67%,0,1,0,2,1,50%,1,1,0,0,0,16,4,2,0,0,3,7,7,0,0,0,0,0,0,0,0,0,0,0,0,0,0,0,3776.3,1410.5,1536.6,720.1,99.7,9.1,72,8,26.1,0,5,4,1,0,0
42,E,VIETNAM,AFC,NETHERLANDS,0?€7,LOSE,32,5_4_1,MF,Substitutions,0,0,0,0,0,0,0,0,0,0,0,0,0,0,0,0,0,0,0,0,0,0,0,0,0,0,0,0,0,0,0,0,0,0,0,0,0,0,0,0,0,0,0,0,0,0,0,5,4,1,0,0
42,E,VIETNAM,AFC,NETHERLANDS,0?€7,LOSE,32,5_4_1,FW,Substitutions,14,9,64%,0,1,0,3,0,0,1,0,1,0,0,13,1,3,1,1,6,1,5,4,1,0,1,5,19,0,0,0,1,3,18,10,2,1,3858.3,1628.2,1099.6,877.8,229.2,23.1,87,18,26.4,0,5,4,1,25,0
42,E,VIETNAM,AFC,NETHERLANDS,0?€7,LOSE,32,5_4_1,MF,Substitutions,0,0,0,0,0,0,0,0,0,0,0,0,0,0,0,0,0,0,0,0,0,0,0,0,0,0,0,0,0,0,0,0,0,0,0,0,0,0,0,0,0,0,0,0,0,0,0,5,4,1,0,0
42,E,VIETNAM,AFC,NETHERLANDS,0?€7,LOSE,32,5_4_1,FW,Substitutions,0,0,0,0,0,0,0,0,0,0,0,0,0,0,0,0,0,0,0,0,0,0,0,0,0,0,0,0,0,0,0,0,0,0,0,0,0,0,0,0,0,0,0,0,0,0,0,5,4,1,0,0
42,E,VIETNAM,AFC,NETHERLANDS,0?€7,LOSE,32,5_4_1,FW,Substitutions,0,0,0,0,0,0,0,0,0,0,0,0,0,0,0,0,0,0,0,0,0,0,0,0,0,0,0,0,0,0,0,0,0,0,0,0,0,0,0,0,0,0,0,0,0,0,0,5,4,1,0,0
42,E,VIETNAM,AFC,NETHERLANDS,0?€7,LOSE,32,5_4_1,GK,Substitutions,20,7,35%,0,0,0,9,1,11%,0,0,0,0,0,0,0,0,0,0,0,0,0,0,0,0,0,0,0,0,0,0,1,0,0,8,0,0,1540.2,1257.8,183.3,99,0,0,0,0,19.1,0,5,4,1,0,0
42,E,VIETNAM,AFC,NETHERLANDS,0?€7,LOSE,32,5_4_1,MF,Substitutions,0,0,0,0,0,0,0,0,0,0,0,0,0,0,0,0,0,0,0,0,0,0,0,0,0,0,0,0,0,0,0,0,0,0,0,0,0,0,0,0,0,0,0,0,0,0,0,5,4,1,0,0
42,E,VIETNAM,AFC,NETHERLANDS,0?€7,LOSE,32,5_4_1,DF,Substitutions,29,19,66%,0,2,1,11,5,45%,3,0,3,0,0,16,5,0,0,1,1,9,9,2,0,2,1,8,14,0,0,1,5,3,33,16,5,2,7270.9,2851.6,2485.9,1380,325,228.3,142,36,28.3,0,5,4,1,0,50
24,E,VIETNAM,AFC,PORTUGAL,0?€2,LOSE,32,5_4_1,DF,STARTING,6,4,67%,0,0,0,3,2,66%,0,0,0,0,0,2,1,1,0,0,0,0,0,2,0,2,0,4,7,1,0,1,5,1,16,3,2,4,6727.7,2797.4,2243,1198.9,386.2,102.9,114,31,29.3,0,5,4,1,0,0
24,E,VIETNAM,AFC,PORTUGAL,0?€2,LOSE,32,5_4_1,DF,STARTING,19,7,37%,0,0,0,11,2,18%,0,0,0,0,0,4,2,0,0,0,0,2,1,4,1,7,1,7,13,2,0,2,8,3,26,10,8,9,8558.2,3476.4,2932.9,1631.2,453.6,63.3,153,35,26.6,0,5,4,1,25,0
24,E,VIETNAM,AFC,PORTUGAL,0?€2,LOSE,32,5_4_1,DF,STARTING,33,19,58%,0,1,0,10,3,30%,0,0,0,0,0,9,2,0,0,1,0,6,4,6,1,3,0,6,21,2,0,3,5,7,51,13,3,6,9633.2,3529.6,3388,2181.9,395,138.7,202,42,26.7,0,5,4,1,16.66666667,0
24,E,VIETNAM,AFC,PORTUGAL,0?€2,LOSE,32,5_4_1,FW,STARTING,18,15,83%,0,0,0,7,5,71%,2,2,0,0,0,13,1,1,0,3,6,2,3,0,0,0,1,2,21,3,0,3,2,6,18,7,0,2,7305.2,2957.1,2371.3,1565.5,340.4,70.1,139,28,28.4,0,5,4,1,0,0
24,E,VIETNAM,AFC,PORTUGAL,0?€2,LOSE,32,5_4_1,MF,STARTING,34,18,53%,0,0,0,13,5,38%,0,0,0,1,0,25,8,10,0,2,1,4,14,6,2,2,0,21,24,4,0,7,3,8,44,14,4,4,9957.3,3606.5,3631.4,2308.1,385.3,25.9,197,37,26.4,0,5,4,1,33.33333333,0
24,E,VIETNAM,AFC,PORTUGAL,0?€2,LOSE,32,5_4_1,DF,STARTING,21,10,48%,0,0,0,12,7,58%,2,1,1,0,0,9,2,0,0,0,0,7,4,4,2,3,3,9,12,1,0,1,10,8,26,13,9,7,8650.4,3162.6,3388.4,1491.3,367.6,241.3,159,45,28.9,0,5,4,1,50,0
24,E,VIETNAM,AFC,PORTUGAL,0?€2,LOSE,32,5_4_1,GK,STARTING,33,19,58%,0,0,0,19,11,57%,0,0,0,0,0,0,0,0,0,0,0,0,0,0,0,0,0,0,0,0,0,0,0,0,0,0,7,0,3294.9,2777,399.3,118.3,0,0,0,0,26.5,0,5,4,1,0,0
24,E,VIETNAM,AFC,PORTUGAL,0?€2,LOSE,32,5_4_1,MF,STARTING,17,13,76%,0,1,1,3,1,33%,0,0,0,0,0,15,4,8,0,2,1,0,5,0,0,2,0,4,32,1,0,1,4,7,32,14,1,3,7287.2,2209.5,2517.7,2074.7,357.8,127.5,163,31,26.7,0,5,4,1,0,100
24,E,VIETNAM,AFC,PORTUGAL,0?€2,LOSE,32,5_4_1,DF,STARTING,37,28,76%,0,0,0,17,13,76%,0,0,0,0,0,18,1,1,0,1,2,13,7,3,0,7,4,6,20,0,0,0,4,13,47,15,6,9,9743.5,3297.2,3660.6,2121.2,510.6,153.9,188,46,28.2,0,5,4,1,0,0
24,E,VIETNAM,AFC,PORTUGAL,0?€2,LOSE,32,5_4_1,MF,STARTING,8,5,62%,0,0,0,1,0,0%,1,1,0,1,0,9,0,0,1,1,6,1,0,3,1,1,0,4,20,0,0,1,0,5,26,11,2,2,9458.5,4061.5,3009.7,1589,494.7,303.6,149,52,29.5,0,5,4,1,33.33333333,0
24,E,VIETNAM,AFC,PORTUGAL,0?€2,LOSE,32,5_4_1,MF,STARTING,10,7,70%,0,4,0,3,2,66%,4,2,2,3,0,24,1,9,2,6,3,3,10,1,0,4,0,1,16,1,0,1,1,6,22,12,2,3,7032.8,2771.6,1854.5,1796.2,449.4,160.3,137,34,27.8,0,5,4,1,0,0
24,E,VIETNAM,AFC,PORTUGAL,0?€2,LOSE,32,5_4_1,GK,Substitutions,0,0,0,0,0,0,0,0,0,0,0,0,0,0,0,0,0,0,0,0,0,0,0,0,0,0,0,0,0,0,0,0,0,0,0,0,0,0,0,0,0,0,0,0,0,0,0,5,4,1,0,0
24,E,VIETNAM,AFC,PORTUGAL,0?€2,LOSE,32,5_4_1,DF,Substitutions,4,1,25%,0,0,0,3,0,0,0,0,0,0,0,0,0,0,0,0,0,0,0,0,0,1,0,0,0,0,0,0,4,0,0,0,1,2,1701.2,936.5,454.7,205.8,84.9,19.2,18,4,27.2,0,5,4,1,0,0
24,E,VIETNAM,AFC,PORTUGAL,0?€2,LOSE,32,5_4_1,DF,Substitutions,0,0,0,0,0,0,0,0,0,0,0,0,0,0,0,0,0,0,0,0,0,0,0,0,0,0,0,0,0,0,0,0,0,0,0,0,0,0,0,0,0,0,0,0,0,0,0,5,4,1,0,0
24,E,VIETNAM,AFC,PORTUGAL,0?€2,LOSE,32,5_4_1,MF,Substitutions,0,0,0,0,0,0,0,0,0,0,0,0,0,0,0,0,0,0,0,0,0,0,0,0,0,0,0,0,0,0,0,0,0,0,0,0,0,0,0,0,0,0,0,0,0,0,0,5,4,1,0,0
24,E,VIETNAM,AFC,PORTUGAL,0?€2,LOSE,32,5_4_1,MF,Substitutions,0,0,0,0,0,0,0,0,0,0,0,0,0,0,0,0,0,0,0,0,0,0,0,0,0,0,0,0,0,0,0,0,0,0,0,0,0,0,0,0,0,0,0,0,0,0,0,5,4,1,0,0
24,E,VIETNAM,AFC,PORTUGAL,0?€2,LOSE,32,5_4_1,MF,Substitutions,7,6,86%,0,0,0,4,3,75%,0,0,0,0,0,9,5,1,0,0,0,3,3,1,0,1,0,5,9,0,0,0,2,2,11,2,2,2,3164.2,1012.2,1158.1,771.1,190.2,32.3,66,18,27.1,0,5,4,1,0,0
24,E,VIETNAM,AFC,PORTUGAL,0?€2,LOSE,32,5_4_1,FW,Substitutions,5,2,40%,0,0,0,2,0,0%,0,0,0,1,0,4,0,0,0,0,4,0,0,1,0,1,0,2,14,0,0,1,1,0,5,3,2,0,2624.1,847.9,985.9,569.2,182.9,38.6,44,13,28,0,5,4,1,0,0
24,E,VIETNAM,AFC,PORTUGAL,0?€2,LOSE,32,5_4_1,FW,Substitutions,0,0,0,0,0,0,0,0,0,0,0,0,0,0,0,0,0,0,0,0,0,0,0,0,0,0,0,0,0,0,0,0,0,0,0,0,0,0,0,0,0,0,0,0,0,0,0,5,4,1,0,0
24,E,VIETNAM,AFC,PORTUGAL,0?€2,LOSE,32,5_4_1,FW,Substitutions,0,0,0,0,0,0,0,0,0,0,0,0,0,0,0,0,0,0,0,0,0,0,0,0,0,0,0,0,0,0,0,0,0,0,0,0,0,0,0,0,0,0,0,0,0,0,0,5,4,1,0,0
24,E,VIETNAM,AFC,PORTUGAL,0?€2,LOSE,32,5_4_1,GK,Substitutions,0,0,0,0,0,0,0,0,0,0,0,0,0,0,0,0,0,0,0,0,0,0,0,0,0,0,0,0,0,0,0,0,0,0,0,0,0,0,0,0,0,0,0,0,0,0,0,5,4,1,0,0
24,E,VIETNAM,AFC,PORTUGAL,0?€2,LOSE,32,5_4_1,MF,Substitutions,6,3,50%,0,1,1,3,2,66%,0,0,0,0,0,10,1,2,0,1,1,5,1,0,0,0,0,1,7,0,0,1,1,3,6,5,1,1,3059.9,1121.5,1105.6,604,181.8,47.1,60,17,27.7,0,5,4,1,0,100
24,E,VIETNAM,AFC,PORTUGAL,0?€2,LOSE,32,5_4_1,DF,Substitutions,0,0,0,0,0,0,0,0,0,0,0,0,0,0,0,0,0,0,0,0,0,0,0,0,0,0,0,0,0,0,0,0,0,0,0,0,0,0,0,0,0,0,0,0,0,0,0,5,4,1,0,0
9,E,VIETNAM,AFC,USA,0?€3,LOSE,32,5_4_1,DF,STARTING,13,5,38%,0,0,0,6,1,16%,0,0,0,0,0,3,0,0,0,0,0,3,2,1,1,3,0,3,11,0,0,0,7,2,15,4,3,6,4701.1,2314.8,1570.6,634.6,134.5,46.1,66,16,32.5,0,5,4,1,100,0
9,E,VIETNAM,AFC,USA,0?€3,LOSE,32,5_4_1,DF,STARTING,25,15,60%,0,0,0,12,5,41%,0,0,0,0,0,6,1,0,0,0,0,5,2,8,1,4,0,4,12,2,0,2,15,2,29,6,6,15,8332.2,3625.3,2858.8,1377.3,383.3,86.7,132,38,30.5,0,5,4,1,12.5,0
9,E,VIETNAM,AFC,USA,0?€3,LOSE,32,5_4_1,DF,STARTING,30,17,57%,0,0,0,13,4,30%,1,0,1,0,0,14,7,0,0,0,0,7,7,9,2,2,1,18,20,1,0,2,1,1,45,16,6,4,9617.2,3778.6,3231.4,1792.6,570.3,244.3,166,73,31.1,0,5,4,1,22.22222222,0
9,E,VIETNAM,AFC,USA,0?€3,LOSE,32,5_4_1,MF,STARTING,6,2,33%,0,0,0,2,2,100%,0,0,0,0,0,16,1,2,3,1,5,4,3,2,0,2,0,2,12,1,0,2,0,4,13,3,1,2,4792.3,1866.6,1468.8,922,364.2,170.6,81,41,32.8,0,5,4,1,0,0
9,E,VIETNAM,AFC,USA,0?€3,LOSE,32,5_4_1,FW,STARTING,15,12,80%,0,0,0,1,1,100%,0,0,0,0,0,31,2,15,2,0,10,2,8,1,0,1,0,1,37,0,0,3,0,3,33,20,0,1,7487.2,2869.1,2437.1,1477.2,399.1,304.7,136,52,31,0,5,4,1,0,0
9,E,VIETNAM,AFC,USA,0?€3,LOSE,32,5_4_1,MF,STARTING,20,15,75%,0,0,0,1,0,0%,1,1,0,0,0,53,21,16,2,3,1,10,6,5,1,1,0,13,25,1,0,2,6,7,44,13,4,4,8664.2,3318.4,3150.3,1638.4,402,155.1,150,52,29.7,0,5,4,1,20,0
9,E,VIETNAM,AFC,USA,0?€3,LOSE,32,5_4_1,MF,STARTING,35,22,63%,0,2,0,15,6,40%,0,0,0,0,0,40,19,14,0,1,3,3,13,10,0,1,1,8,50,2,0,5,6,12,45,22,7,9,9780.3,3964.9,3371.3,1807.4,467.5,169.2,172,52,31.8,0,5,4,1,0,0
9,E,VIETNAM,AFC,USA,0?€3,LOSE,32,5_4_1,DF,STARTING,20,12,60%,0,0,0,10,4,40%,0,0,0,0,0,3,1,0,0,0,0,2,1,5,1,8,0,11,13,2,0,2,10,5,17,6,7,13,7929.8,3512.9,2689,1365.5,257.7,104.7,139,31,31.4,0,5,4,1,20,0
9,E,VIETNAM,AFC,USA,0?€3,LOSE,32,5_4_1,GK,STARTING,29,9,31%,0,0,0,18,3,16%,0,0,0,0,0,0,0,0,0,0,0,0,0,0,0,0,0,0,0,0,0,0,0,1,0,0,7,0,2871.9,2385.4,390.6,78.4,17.5,0,14,2,27,0,5,4,1,0,0
9,E,VIETNAM,AFC,USA,0?€3,LOSE,32,5_4_1,DF,STARTING,30,16,53%,0,0,0,10,6,60%,0,0,0,0,0,6,3,0,0,0,0,3,3,8,3,8,1,8,17,0,0,1,7,3,36,15,7,12,9258.4,3757.1,3181.2,1763.7,393.5,162.9,169,50,31.5,0,5,4,1,37.5,0
9,E,VIETNAM,AFC,USA,0?€3,LOSE,32,5_4_1,MF,STARTING,9,6,67%,0,0,0,3,2,66%,3,1,2,0,0,26,5,8,2,2,5,4,6,5,1,0,0,3,25,0,0,0,1,7,23,13,2,2,6180.1,2507.3,1908.4,1193.4,315.8,254.6,128,47,31.4,0,5,4,1,20,0
9,E,VIETNAM,AFC,USA,0?€3,LOSE,32,5_4_1,GK,Substitutions,0,0,0,0,0,0,0,0,0,0,0,0,0,0,0,0,0,0,0,0,0,0,0,0,0,0,0,0,0,0,0,0,0,0,0,0,0,0,0,0,0,0,0,0,0,0,0,5,4,1,0,0
9,E,VIETNAM,AFC,USA,0?€3,LOSE,32,5_4_1,DF,Substitutions,0,0,0,0,0,0,0,0,0,0,0,0,0,0,1,0,0,0,0,0,1,1,0,0,1,0,1,2,1,0,1,8,0,3,1,1,5,2866,1698.9,754.6,345.3,59.6,7.5,32,5,24.5,0,5,4,1,0,0
9,E,VIETNAM,AFC,USA,0?€3,LOSE,32,5_4_1,DF,Substitutions,0,0,0,0,0,0,0,0,0,0,0,0,0,0,0,0,0,0,0,0,0,0,0,0,0,0,0,0,0,0,0,0,0,0,0,0,0,0,0,0,0,0,0,0,0,0,0,5,4,1,0,0
9,E,VIETNAM,AFC,USA,0?€3,LOSE,32,5_4_1,MF,Substitutions,0,0,0,0,0,0,0,0,0,0,0,0,0,0,0,0,0,0,0,0,0,0,0,0,0,0,0,0,0,0,0,0,0,0,0,0,0,0,0,0,0,0,0,0,0,0,0,5,4,1,0,0
9,E,VIETNAM,AFC,USA,0?€3,LOSE,32,5_4_1,FW,Substitutions,8,6,75%,0,0,0,1,0,0,1,1,0,0,0,10,1,4,0,3,2,0,2,3,2,0,0,2,9,2,0,2,1,1,6,2,2,1,2626.7,896.5,935.9,671.1,59.6,63.6,50,9,30,0,5,4,1,66.66666667,0
9,E,VIETNAM,AFC,USA,0?€3,LOSE,32,5_4_1,FW,Substitutions,0,0,0,0,0,0,0,0,0,0,0,0,0,0,0,0,0,0,0,0,0,0,0,0,0,0,0,0,0,0,0,0,0,0,0,0,0,0,0,0,0,0,0,0,0,0,0,5,4,1,0,0
9,E,VIETNAM,AFC,USA,0?€3,LOSE,32,5_4_1,MF,Substitutions,2,1,50%,0,0,0,1,0,0,0,0,0,0,0,4,1,1,0,2,0,0,2,1,0,0,0,3,8,0,0,0,1,0,5,2,0,1,1351.7,327.5,579.7,387.5,56.9,0,31,7,23,0,5,4,1,0,0
9,E,VIETNAM,AFC,USA,0?€3,LOSE,32,5_4_1,FW,Substitutions,0,0,0,0,0,0,0,0,0,0,0,0,0,0,0,0,0,0,0,0,0,0,0,0,0,0,0,0,0,0,0,0,0,0,0,0,0,0,0,0,0,0,0,0,0,0,0,5,4,1,0,0
9,E,VIETNAM,AFC,USA,0?€3,LOSE,32,5_4_1,MF,Substitutions,0,0,0,0,0,0,0,0,0,0,0,0,0,0,0,0,0,0,0,0,0,0,0,0,0,0,0,0,0,0,0,0,0,0,0,0,0,0,0,0,0,0,0,0,0,0,0,5,4,1,0,0
9,E,VIETNAM,AFC,USA,0?€3,LOSE,32,5_4_1,GK,Substitutions,0,0,0,0,0,0,0,0,0,0,0,0,0,0,0,0,0,0,0,0,0,0,0,0,0,0,0,0,0,0,0,0,0,0,0,0,0,0,0,0,0,0,0,0,0,0,0,5,4,1,0,0
9,E,VIETNAM,AFC,USA,0?€3,LOSE,32,5_4_1,MF,Substitutions,9,3,33%,0,0,0,3,0,0,2,2,0,0,0,20,6,3,0,1,3,7,6,1,0,2,0,3,10,1,0,1,2,5,18,4,2,3,5332.1,1745.7,2239.5,1133.1,133.8,80,99,13,30.4,0,5,4,1,0,0
9,E,VIETNAM,AFC,USA,0?€3,LOSE,32,5_4_1,DF,Substitutions,4,3,75%,0,1,0,2,2,100%,1,0,1,0,0,2,0,0,0,0,2,0,0,2,1,1,0,2,8,1,0,1,1,1,13,5,1,3,4219.8,1481.2,1401,949.5,280.2,108,77,25,29.6,0,5,4,1,50,0
28,F,BRAZIL,CONMEBOL,FRANCE,0?€2,LOSE,8,4_4_2,DF,STARTING,42,24,57%,0,3,0,20,7,35%,2,1,1,1,0,9,2,0,0,0,1,6,6,1,1,5,1,0,4,0,0,0,13,1,6,0,7,10,9206.3,3084.1,3218.5,2321.8,518.3,62.6,168,42,31.8,0,4,4,2,100,0
28,F,BRAZIL,CONMEBOL,FRANCE,0?€2,LOSE,8,4_4_2,DF,STARTING,32,26,81%,0,0,0,6,4,66%,0,0,0,0,0,0,0,0,0,0,0,0,0,9,2,5,0,8,34,3,0,3,8,5,39,21,9,10,9762.7,3390.6,3757.7,2090.2,331,193.3,176,35,30.4,0,4,4,2,22.22222222,0
28,F,BRAZIL,CONMEBOL,FRANCE,0?€2,LOSE,8,4_4_2,MF,STARTING,41,30,73%,2,0,0,15,10,66%,1,0,1,2,0,21,8,10,0,0,0,3,8,6,1,4,1,9,21,1,0,2,3,5,32,19,3,3,11020,3428.3,4236.1,2950,320.7,83.8,201,32,29.6,0,4,4,2,16.66666667,0
28,F,BRAZIL,CONMEBOL,FRANCE,0?€2,LOSE,8,4_4_2,DF,STARTING,46,29,63%,0,2,0,22,11,50%,1,0,1,0,0,9,4,0,0,0,2,3,2,4,1,4,0,6,25,3,0,4,3,9,26,14,2,5,10017,3262.5,3767.4,2283.9,528.9,173.3,181,40,25.9,0,4,4,2,25,0
28,F,BRAZIL,CONMEBOL,FRANCE,0?€2,LOSE,8,4_4_2,FW,STARTING,24,18,75%,0,3,1,3,1,33%,5,4,1,1,1,60,5,11,1,1,36,6,10,0,0,0,0,0,0,0,0,0,0,1,0,0,7,0,8874,3195.5,2892,1894.6,513.8,378,159,52,28.8,0,4,4,2,0,33.33333333
28,F,BRAZIL,CONMEBOL,FRANCE,0?€2,LOSE,8,4_4_2,MF,STARTING,19,14,74%,0,1,0,8,3,37%,6,2,4,2,0,43,7,20,5,3,7,1,13,4,1,2,2,8,4,3,1,4,13,6,11,3,6,9,9193.6,3159.8,3168.1,2119.1,547,199.5,158,47,30,0,4,4,2,25,0
28,F,BRAZIL,CONMEBOL,FRANCE,0?€2,LOSE,8,4_4_2,GK,STARTING,30,27,90%,0,0,0,6,4,66%,0,0,0,0,0,1,0,0,0,0,0,1,1,0,0,1,1,4,3,1,0,1,5,5,9,5,2,2,5009.4,3780.6,753.9,437.3,37.6,0,44,4,21.8,0,4,4,2,0,0
28,F,BRAZIL,CONMEBOL,FRANCE,0?€2,LOSE,8,4_4_2,DF,STARTING,32,24,75%,0,0,0,12,6,50%,0,0,0,0,0,24,0,0,0,0,0,24,5,3,1,3,4,8,16,1,0,1,5,4,31,10,6,5,9613,2970.4,3997.1,2262.9,260.5,123,167,25,28.4,0,4,4,2,33.33333333,0
28,F,BRAZIL,CONMEBOL,FRANCE,0?€2,LOSE,8,4_4_2,MF,STARTING,31,24,77%,0,0,0,5,3,60%,1,0,1,1,0,52,13,18,7,1,7,6,16,0,0,1,0,5,22,2,0,4,4,9,10,6,1,3,9547.3,3219.3,3547.8,2161.5,461.1,157.5,160,28,26.4,0,4,4,2,0,0
28,F,BRAZIL,CONMEBOL,FRANCE,0?€2,LOSE,8,4_4_2,FW,STARTING,3,1,33%,0,1,1,2,0,0,5,4,1,0,0,39,0,10,2,4,22,1,5,2,1,3,0,6,19,2,0,4,1,6,8,2,4,3,6263.3,2577.4,1856.4,1014,383.9,431.5,98,40,29.8,0,4,4,2,50,100
28,F,BRAZIL,CONMEBOL,FRANCE,0?€2,LOSE,8,4_4_2,MF,STARTING,31,27,87%,1,0,0,11,8,72%,8,2,6,3,0,54,22,21,1,2,7,1,15,0,0,0,0,0,0,0,0,0,0,0,0,0,0,0,10916.2,3640.6,2951.7,3106.8,747.8,469.4,239,68,29.9,0,4,4,2,0,0
28,F,BRAZIL,CONMEBOL,FRANCE,0?€2,LOSE,8,4_4_2,GK,Substitutions,0,0,0,0,0,0,0,0,0,0,0,0,0,0,0,0,0,0,0,0,0,0,3,1,1,0,4,19,0,1,1,0,2,10,8,2,0,0,0,0,0,0,0,0,0,0,0,4,4,2,33.33333333,0
28,F,BRAZIL,CONMEBOL,FRANCE,0?€2,LOSE,8,4_4_2,DF,Substitutions,0,0,0,0,0,0,0,0,0,0,0,0,0,0,0,0,0,0,0,0,0,0,0,0,0,0,0,0,0,0,0,0,0,0,0,0,0,0,0,0,0,0,0,0,0,0,0,4,4,2,0,0
28,F,BRAZIL,CONMEBOL,FRANCE,0?€2,LOSE,8,4_4_2,FW,Substitutions,13,10,77%,0,3,0,3,1,33%,0,0,0,0,0,15,6,4,0,0,4,1,3,0,0,2,0,0,8,0,0,0,1,2,4,2,0,3,4620.3,1111.2,1581.5,1569.1,246.7,112.3,104,20,29.4,0,4,4,2,0,0
28,F,BRAZIL,CONMEBOL,FRANCE,0?€2,LOSE,8,4_4_2,MF,Substitutions,2,1,50%,0,0,0,0,0,0%,0,0,0,0,0,12,2,1,2,1,4,2,2,0,0,0,0,0,0,0,0,0,0,0,0,0,0,0,1394.2,458.7,490.5,316.5,90.2,38.2,27,8,29.4,0,4,4,2,0,0
28,F,BRAZIL,CONMEBOL,FRANCE,0?€2,LOSE,8,4_4_2,FW,Substitutions,0,0,0%,0,0,0,0,0,0%,0,0,0,0,0,9,0,5,0,0,2,2,0,0,0,0,0,0,0,0,0,0,0,0,0,0,0,0,1338.4,432.3,360,391.6,138.3,16.3,25,7,24.6,0,4,4,2,0,0
28,F,BRAZIL,CONMEBOL,FRANCE,0?€2,LOSE,8,4_4_2,DF,Substitutions,0,0,0,0,0,0,0,0,0,0,0,0,0,0,0,0,0,0,0,0,0,0,0,0,0,0,0,0,0,0,0,0,0,0,0,0,0,0,0,0,0,0,0,0,0,0,0,4,4,2,0,0
28,F,BRAZIL,CONMEBOL,FRANCE,0?€2,LOSE,8,4_4_2,FW,Substitutions,0,0,0,0,0,0,0,0,0,0,0,0,0,0,0,0,0,0,0,0,0,0,0,0,0,0,0,0,0,0,0,0,0,0,0,0,0,0,0,0,0,0,0,0,0,0,0,4,4,2,0,0
28,F,BRAZIL,CONMEBOL,FRANCE,0?€2,LOSE,8,4_4_2,FW,Substitutions,5,0,0%,0,0,0,0,0,0%,0,0,0,0,0,5,0,1,2,0,0,2,2,0,0,0,0,0,0,0,0,0,0,0,0,0,0,0,2022.3,697.3,555.9,643.7,94.8,30.5,37,5,26.3,0,4,4,2,0,0
28,F,BRAZIL,CONMEBOL,FRANCE,0?€2,LOSE,8,4_4_2,MF,Substitutions,7,7,100%,0,1,0,3,3,100%,0,0,0,1,0,7,3,0,0,0,3,1,3,0,0,0,0,0,0,0,0,0,0,0,0,0,0,0,1414.5,377.8,453.2,389.5,153.9,40.3,35,11,26.5,0,4,4,2,0,0
28,F,BRAZIL,CONMEBOL,FRANCE,0?€2,LOSE,8,4_4_2,MF,Substitutions,0,0,0,0,0,0,0,0,0,0,0,0,0,0,0,0,0,0,0,0,0,0,0,0,0,0,0,0,0,0,0,0,0,0,0,0,0,0,0,0,0,0,0,0,0,0,0,4,4,2,0,0
28,F,BRAZIL,CONMEBOL,FRANCE,0?€2,LOSE,8,4_4_2,GK,Substitutions,0,0,0,0,0,0,0,0,0,0,0,0,0,0,0,0,0,0,0,0,0,0,0,0,0,0,0,0,0,0,0,0,0,0,0,0,0,0,0,0,0,0,0,0,0,0,0,4,4,2,0,0
28,F,BRAZIL,CONMEBOL,FRANCE,0?€2,LOSE,8,4_4_2,FW,Substitutions,0,0,0,0,0,0,0,0,0,0,0,0,0,0,0,0,0,0,0,0,0,0,2,0,1,4,7,22,3,0,4,7,11,19,8,9,7,0,0,0,0,0,0,0,0,0,0,4,4,2,0,0
44,F,BRAZIL,CONMEBOL,JAMAICA,0?€0,DRAW,8,4_4_2,DF,STARTING,67,53,79%,0,6,1,16,10,62%,1,0,1,0,0,27,8,0,0,0,2,17,17,5,4,2,0,1,4,1,0,1,9,7,7,2,6,9,8738.6,3113.6,2835.7,2104.3,467.5,218.5,156,39,30.3,0,4,4,2,80,16.66666667
44,F,BRAZIL,CONMEBOL,JAMAICA,0?€0,DRAW,8,4_4_2,DF,STARTING,64,57,89%,0,0,0,20,16,80%,3,0,3,0,0,14,0,0,0,0,0,14,7,3,1,4,0,6,2,5,0,5,5,11,6,1,10,2,9480.4,3728.6,3230,1853.4,417.1,250.3,169,37,28.8,0,4,4,2,33.33333333,0
44,F,BRAZIL,CONMEBOL,JAMAICA,0?€0,DRAW,8,4_4_2,DF,STARTING,88,80,91%,1,0,0,40,34,85%,5,0,5,0,0,8,0,0,0,0,0,8,6,3,2,3,4,3,2,2,0,3,8,11,9,2,11,6,10217.9,3557.9,3803.1,2193.8,464.9,199.2,188,40,28.7,0,4,4,2,66.66666667,0
44,F,BRAZIL,CONMEBOL,JAMAICA,0?€0,DRAW,8,4_4_2,MF,STARTING,43,35,81%,0,1,0,14,10,71%,2,1,1,2,0,66,43,16,1,0,1,5,18,5,2,2,0,2,3,6,0,8,3,8,12,2,7,1,9466.1,2885.3,4258.8,2107.2,188.4,26.5,171,17,28.9,0,4,4,2,40,0
44,F,BRAZIL,CONMEBOL,JAMAICA,0?€0,DRAW,8,4_4_2,DF,STARTING,82,69,84%,0,11,2,25,16,64%,1,1,0,2,0,42,8,1,1,0,13,19,24,1,0,4,1,3,6,2,0,3,12,9,4,2,10,9,10464.1,3226.1,4119.7,2466.4,488.7,163.2,192,37,30.1,0,4,4,2,0,18.18181818
44,F,BRAZIL,CONMEBOL,JAMAICA,0?€0,DRAW,8,4_4_2,FW,STARTING,30,21,70%,0,6,1,9,7,77%,3,1,2,2,0,46,7,8,1,3,21,6,10,1,0,0,1,1,11,0,0,0,0,9,10,1,1,0,10026.2,3738.8,3249.5,2050.4,653.7,334.9,184,64,29,0,4,4,2,0,16.66666667
44,F,BRAZIL,CONMEBOL,JAMAICA,0?€0,DRAW,8,4_4_2,FW,STARTING,37,29,78%,0,3,1,14,9,64%,5,3,2,2,0,44,3,17,1,2,15,6,16,2,1,4,1,5,7,1,0,2,1,5,4,1,4,3,9043.5,3234.9,2846,2414.6,412.4,136.6,183,42,29.9,0,4,4,2,50,33.33333333
44,F,BRAZIL,CONMEBOL,JAMAICA,0?€0,DRAW,8,4_4_2,MF,STARTING,37,31,84%,0,2,0,11,8,72%,2,0,2,2,0,69,19,13,2,6,8,21,15,0,0,4,0,1,7,0,0,0,2,7,3,2,4,2,11164.6,3752.4,3919.9,2595.8,648.7,246.7,206,50,31.1,0,4,4,2,0,0
44,F,BRAZIL,CONMEBOL,JAMAICA,0?€0,DRAW,8,4_4_2,GK,STARTING,18,17,94%,0,0,0,1,0,0%,0,0,0,0,0,9,0,0,0,0,0,9,3,0,0,0,0,0,0,0,0,0,1,3,0,0,2,0,4581,3775.7,460.8,314.3,20.2,10.1,35,2,25.6,0,4,4,2,0,0
44,F,BRAZIL,CONMEBOL,JAMAICA,0?€0,DRAW,8,4_4_2,MF,STARTING,32,25,78%,0,0,0,9,6,66%,0,0,0,2,0,12,0,2,0,0,7,3,3,1,0,2,0,2,7,1,0,1,4,6,2,1,0,4,1446,629.7,360.2,191.3,181.2,83.4,22,15,30.1,0,4,4,2,0,0
44,F,BRAZIL,CONMEBOL,JAMAICA,0?€0,DRAW,8,4_4_2,MF,STARTING,69,55,80%,0,0,0,18,11,61%,6,2,4,1,0,38,22,7,0,1,6,2,16,3,2,1,0,3,8,2,0,2,0,7,6,2,3,2,10533.3,3694,3363.3,2504.8,676.2,296,209,57,30.3,0,4,4,2,66.66666667,0
44,F,BRAZIL,CONMEBOL,JAMAICA,0?€0,DRAW,8,4_4_2,GK,Substitutions,0,0,0,0,0,0,0,0,0,0,0,0,0,0,0,0,0,0,0,0,0,0,0,0,0,0,0,0,0,0,0,0,0,0,0,0,0,0,0,0,0,0,0,0,0,0,0,4,4,2,0,0
44,F,BRAZIL,CONMEBOL,JAMAICA,0?€0,DRAW,8,4_4_2,FW,Substitutions,0,0,0,0,1,0,0,0,0,0,0,0,1,0,2,0,0,0,0,1,1,0,0,0,0,0,0,0,1,0,1,0,0,0,0,1,0,1740.7,465.3,672.6,452,112.1,38.8,29,7,25.5,0,4,4,2,0,0
44,F,BRAZIL,CONMEBOL,JAMAICA,0?€0,DRAW,8,4_4_2,MF,Substitutions,0,0,0,0,0,0,0,0,0,0,0,0,0,0,0,0,0,0,0,0,0,0,0,0,0,0,0,0,0,0,0,0,0,0,0,0,0,0,0,0,0,0,0,0,0,0,0,4,4,2,0,0
44,F,BRAZIL,CONMEBOL,JAMAICA,0?€0,DRAW,8,4_4_2,DF,Substitutions,0,0,0,0,0,0,0,0,0,0,0,0,0,0,0,0,0,0,0,0,0,0,0,0,0,0,0,0,0,0,0,0,0,0,0,0,0,0,0,0,0,0,0,0,0,0,0,4,4,2,0,0
44,F,BRAZIL,CONMEBOL,JAMAICA,0?€0,DRAW,8,4_4_2,DF,Substitutions,0,0,0,0,0,0,0,0,0,0,0,0,0,0,0,0,0,0,0,0,0,0,0,0,0,0,0,0,0,0,0,0,0,0,0,0,0,0,0,0,0,0,0,0,0,0,0,4,4,2,0,0
44,F,BRAZIL,CONMEBOL,JAMAICA,0?€0,DRAW,8,4_4_2,FW,Substitutions,8,5,62%,0,0,0,2,1,50%,0,0,0,0,0,6,3,3,0,0,0,0,2,0,0,0,0,0,2,0,0,0,0,2,2,1,0,0,1819.3,370.9,646.9,673.7,104.8,22.9,42,8,24.5,0,4,4,2,0,0
44,F,BRAZIL,CONMEBOL,JAMAICA,0?€0,DRAW,8,4_4_2,FW,Substitutions,15,10,67%,0,1,0,2,2,100%,0,0,0,2,0,14,2,4,2,2,3,1,8,0,0,0,0,0,9,3,0,5,0,0,5,3,1,0,4855.4,2115,1441.1,1009,169,121.9,79,17,28.2,0,4,4,2,0,0
44,F,BRAZIL,CONMEBOL,JAMAICA,0?€0,DRAW,8,4_4_2,FW,Substitutions,3,3,100%,0,1,0,0,0,0,1,1,0,1,0,12,0,2,0,0,7,3,3,0,0,1,0,0,1,0,0,1,0,1,0,0,0,1,1446,629.7,360.2,191.3,181.2,83.4,22,15,30.1,0,4,4,2,0,0
44,F,BRAZIL,CONMEBOL,JAMAICA,0?€0,DRAW,8,4_4_2,MF,Substitutions,0,0,0,0,0,0,0,0,0,0,0,0,0,0,0,0,0,0,0,0,0,0,0,0,0,0,0,0,0,0,0,0,0,0,0,0,0,0,0,0,0,0,0,0,0,0,0,4,4,2,0,0
44,F,BRAZIL,CONMEBOL,JAMAICA,0?€0,DRAW,8,4_4_2,MF,Substitutions,0,0,0,0,0,0,0,0,0,0,0,0,0,0,0,0,0,0,0,0,0,0,0,0,0,0,0,0,0,0,0,0,0,0,0,0,0,0,0,0,0,0,0,0,0,0,0,4,4,2,0,0
44,F,BRAZIL,CONMEBOL,JAMAICA,0?€0,DRAW,8,4_4_2,GK,Substitutions,0,0,0,0,0,0,0,0,0,0,0,0,0,0,0,0,0,0,0,0,0,0,0,0,0,0,0,0,0,0,0,0,0,0,0,0,0,0,0,0,0,0,0,0,0,0,0,4,4,2,0,0
44,F,BRAZIL,CONMEBOL,JAMAICA,0?€0,DRAW,8,4_4_2,FW,Substitutions,0,0,0,0,0,0,0,0,0,0,0,0,0,0,0,0,0,0,0,0,0,0,0,0,0,0,0,0,0,0,0,0,0,0,0,0,0,0,0,0,0,0,0,0,0,0,0,4,4,2,0,0
13,F,BRAZIL,CONMEBOL,PANAMA,4?€0,WIN,8,4_4_2,DF,STARTING,56,50,89%,0,2,2,8,6,75%,1,1,0,1,0,21,8,0,0,0,1,12,11,0,0,2,1,1,2,2,0,2,5,5,6,2,3,5,6249.2,2197.9,2236.6,1472.9,278.1,63.1,108,22,30,4,4,4,2,0,100
13,F,BRAZIL,CONMEBOL,PANAMA,4?€0,WIN,8,4_4_2,DF,STARTING,83,72,87%,2,0,0,31,25,80%,14,0,14,1,0,1,0,0,0,0,0,1,1,4,0,2,0,5,3,1,0,2,7,11,6,6,5,3,10608.7,3225,4099.2,2661.7,508.2,114.6,198,44,30.6,4,4,4,2,0,0
13,F,BRAZIL,CONMEBOL,PANAMA,4?€0,WIN,8,4_4_2,MF,STARTING,44,37,84%,2,0,0,7,4,57%,1,1,0,2,0,24,20,2,1,0,1,0,14,5,4,5,1,7,10,1,0,2,3,8,13,5,8,5,8561.6,2495.7,3826.2,2071,168.7,0,157,13,23,4,4,4,2,80,0
13,F,BRAZIL,CONMEBOL,PANAMA,4?€0,WIN,8,4_4_2,DF,STARTING,70,59,84%,1,7,1,22,13,59%,0,0,0,0,0,56,14,0,1,0,21,20,30,5,1,2,0,6,0,2,0,2,2,10,10,2,3,3,10664.6,3076.7,4004.6,2548.8,778.5,256,199,57,28.2,4,4,4,2,20,14.28571429
13,F,BRAZIL,CONMEBOL,PANAMA,4?€0,WIN,8,4_4_2,GK,STARTING,14,12,86%,0,2,2,3,1,33%,1,1,0,3,0,51,3,10,1,4,29,4,7,2,1,0,1,2,12,1,0,1,0,6,15,8,2,1,6346.4,2097.5,2269.5,1407,354.8,217.7,119,38,28.1,4,4,4,2,50,100
13,F,BRAZIL,CONMEBOL,PANAMA,4?€0,WIN,8,4_4_2,MF,STARTING,49,42,86%,0,3,1,11,7,63%,3,2,1,6,0,58,12,17,6,5,11,7,21,1,0,2,0,3,6,0,0,1,3,12,9,4,3,1,11071.1,3708.8,3995.6,2594,524.8,248,209,49,29.8,4,4,4,2,0,33.33333333
13,F,BRAZIL,CONMEBOL,PANAMA,4?€0,WIN,8,4_4_2,GK,STARTING,12,12,100%,0,0,0,1,1,100%,0,0,0,0,0,8,0,0,0,0,0,8,1,0,0,1,0,0,0,0,0,0,0,3,0,0,3,0,4662.3,3538.7,808.9,297.5,17.3,0,32,2,21.7,4,4,4,2,0,0
13,F,BRAZIL,CONMEBOL,PANAMA,4?€0,WIN,8,4_4_2,DF,STARTING,77,71,92%,1,0,0,11,8,72%,2,0,2,1,0,31,0,0,0,0,1,30,17,0,0,2,0,1,2,3,0,3,5,8,3,2,2,2,10115.5,3093.3,4238.4,2367,347,69.8,180,28,27.2,4,4,4,2,0,0
13,F,BRAZIL,CONMEBOL,PANAMA,4?€0,WIN,8,4_4_2,GK,STARTING,21,15,71%,0,0,0,6,4,66%,2,1,1,5,1,59,6,37,0,3,11,2,18,1,1,1,0,1,14,2,0,2,0,5,16,6,2,1,6182.7,2271.5,2093.5,1307,399.4,111.3,109,33,28.1,4,4,4,2,100,0
13,F,BRAZIL,CONMEBOL,PANAMA,4?€0,WIN,8,4_4_2,MF,STARTING,47,45,96%,1,6,2,7,5,71%,0,0,0,4,3,49,23,12,1,3,5,5,16,6,1,1,0,6,3,3,0,3,1,11,5,1,3,2,8650.7,2382.4,3909.3,1946.4,353.8,58.8,153,24,25.7,4,4,4,2,16.66666667,33.33333333
13,F,BRAZIL,CONMEBOL,PANAMA,4?€0,WIN,8,4_4_2,MF,STARTING,56,50,89%,1,0,0,17,12,70%,5,1,4,3,0,91,29,39,2,2,17,2,19,5,2,1,2,5,6,2,0,2,0,8,19,5,6,1,11108,3291.3,3741.2,2861.4,866.4,348.8,235,70,30.9,4,4,4,2,40,0
13,F,BRAZIL,CONMEBOL,PANAMA,4?€0,WIN,8,4_4_2,GK,Substitutions,0,0,0,0,0,0,0,0,0,0,0,0,0,0,0,0,0,0,0,0,0,0,0,0,0,0,0,0,0,0,0,0,0,0,0,0,0,0,0,0,0,0,0,0,0,0,4,4,4,2,0,0
13,F,BRAZIL,CONMEBOL,PANAMA,4?€0,WIN,8,4_4_2,DF,Substitutions,0,0,0,0,0,0,0,0,0,0,0,0,0,0,0,0,0,0,0,0,0,0,0,0,0,0,0,0,0,0,0,0,0,0,0,0,0,0,0,0,0,0,0,0,0,0,4,4,4,2,0,0
13,F,BRAZIL,CONMEBOL,PANAMA,4?€0,WIN,8,4_4_2,FW,Substitutions,0,0,0,0,0,0,0,0,0,0,0,0,0,0,0,0,0,0,0,0,0,0,0,0,0,0,0,0,0,0,0,0,0,0,0,0,0,0,0,0,0,0,0,0,0,0,4,4,4,2,0,0
13,F,BRAZIL,CONMEBOL,PANAMA,4?€0,WIN,8,4_4_2,MF,Substitutions,0,0,0,0,0,0,0,0,0,0,0,0,0,0,0,0,0,0,0,0,0,0,0,0,0,0,0,0,0,0,0,0,0,0,0,0,0,0,0,0,0,0,0,0,0,0,4,4,4,2,0,0
13,F,BRAZIL,CONMEBOL,PANAMA,4?€0,WIN,8,4_4_2,FW,Substitutions,11,11,1,1,3,1,5,5,100%,2,0,2,1,0,9,5,2,0,0,1,1,3,0,0,0,0,0,3,0,0,0,0,2,0,0,0,0,2687.5,796.8,781,783.1,200.8,126,55,15,29.5,4,4,4,2,0,33.33333333
13,F,BRAZIL,CONMEBOL,PANAMA,4?€0,WIN,8,4_4_2,DF,Substitutions,19,16,84%,1,2,0,5,4,80%,0,0,0,1,0,10,3,0,0,0,3,4,4,1,1,1,0,1,0,0,0,0,0,2,0,0,2,0,4293.6,1064.4,1760.8,1036.9,309.1,122.8,76,22,27,4,4,4,2,100,0
13,F,BRAZIL,CONMEBOL,PANAMA,4?€0,WIN,8,4_4_2,FW,Substitutions,16,15,94%,0,3,0,7,4,57%,0,0,0,2,0,12,6,4,0,0,2,0,5,0,0,1,0,3,4,0,0,0,0,8,6,3,0,0,2985.1,598.8,1011,1124.8,161.2,89.3,74,16,26.5,4,4,4,2,0,0
13,F,BRAZIL,CONMEBOL,PANAMA,4?€0,WIN,8,4_4_2,FW,Substitutions,5,3,60%,0,2,1,4,2,50%,3,3,0,3,0,26,0,8,1,1,13,3,7,1,1,0,0,2,7,0,0,0,1,2,3,3,1,1,3746.8,1468.7,1375.4,532.8,173.1,196.7,54,19,31.7,4,4,4,2,100,50
13,F,BRAZIL,CONMEBOL,PANAMA,4?€0,WIN,8,4_4_2,MF,Substitutions,0,0,0,0,0,0,0,0,0,0,0,0,0,0,0,0,0,0,0,0,0,0,0,0,0,0,0,0,0,0,0,0,0,0,0,0,0,0,0,0,0,0,0,0,0,0,4,4,4,2,0,0
13,F,BRAZIL,CONMEBOL,PANAMA,4?€0,WIN,8,4_4_2,MF,Substitutions,0,0,0,0,0,0,0,0,0,0,0,0,0,0,0,0,0,0,0,0,0,0,0,0,0,0,0,0,0,0,0,0,0,0,0,0,0,0,0,0,0,0,0,0,0,0,4,4,4,2,0,0
13,F,BRAZIL,CONMEBOL,PANAMA,4?€0,WIN,8,4_4_2,GK,Substitutions,0,0,0,0,0,0,0,0,0,0,0,0,0,0,0,0,0,0,0,0,0,0,0,0,0,0,0,0,0,0,0,0,0,0,0,0,0,0,0,0,0,0,0,0,0,0,4,4,4,2,0,0
13,F,BRAZIL,CONMEBOL,PANAMA,4?€0,WIN,8,4_4_2,FW,Substitutions,8,8,100%,0,1,0,0,0,0,1,0,1,0,0,41,0,9,6,2,22,2,8,0,0,0,0,1,6,1,0,1,0,1,6,3,0,0,4249.7,1438.9,1460.6,963.4,243.9,143.2,88,19,27,4,4,4,2,0,0
28,F,FRANCE,UEFA,BRAZIL,2?€0,WIN,5,4_4_2,DF,STARTING,24,16,67%,0,0,0,9,6,66%,0,0,0,0,0,7,1,0,0,0,0,6,4,6,3,3,1,6,8,4,0,4,8,5,19,8,8,8,8925,3448.6,3250.5,1602.9,389.1,232.9,146,38,27.8,2,4,4,2,50,0
28,F,FRANCE,UEFA,BRAZIL,2?€0,WIN,5,4_4_2,DF,STARTING,34,26,76%,2,0,0,11,6,54%,0,0,0,1,1,9,4,0,0,0,0,5,3,1,0,3,1,0,0,2,0,2,7,11,6,0,5,7,8703,3460.3,3246.2,1513.4,386.4,96.6,132,27,31.3,2,4,4,2,0,0
28,F,FRANCE,UEFA,BRAZIL,2?€0,WIN,5,4_4_2,MF,STARTING,49,41,84%,1,1,0,11,9,81%,0,0,0,2,0,30,10,11,2,2,4,1,10,9,3,1,2,7,10,5,0,5,5,12,19,4,8,6,10110,3248.3,3797.3,2606.4,368,91,179,26,25.6,2,4,4,2,33.33333333,0
28,F,FRANCE,UEFA,BRAZIL,2?€0,WIN,5,4_4_2,DF,STARTING,51,36,71%,0,2,1,18,8,44%,5,1,4,0,0,32,7,0,1,1,3,20,18,6,1,4,2,8,3,3,0,4,5,8,6,2,7,4,9935.4,3729.8,3597.6,2102.3,449.1,56.6,156,32,28.9,2,4,4,2,16.66666667,50
28,F,FRANCE,UEFA,BRAZIL,2?€0,WIN,5,4_4_2,MF,STARTING,44,38,86%,0,0,0,12,11,91%,1,0,1,1,0,23,4,9,0,2,7,1,7,13,4,3,0,16,17,0,0,1,1,11,14,5,6,3,10315.8,3642.5,3605.4,2426.3,446.7,195,192,40,30.2,2,4,4,2,30.76923077,0
28,F,FRANCE,UEFA,BRAZIL,2?€0,WIN,5,4_4_2,FW,STARTING,29,18,62%,0,1,0,6,5,83%,1,1,0,2,1,29,2,8,1,3,12,3,12,3,1,3,0,3,16,0,0,1,0,5,14,7,2,1,7429.1,2563.8,2865.4,1454.6,356.6,188.7,128,34,31.8,2,4,4,2,33.33333333,0
28,F,FRANCE,UEFA,BRAZIL,2?€0,WIN,5,4_4_2,FW,STARTING,19,14,74%,0,5,2,4,4,100%,1,1,0,1,0,36,4,11,0,4,16,1,12,5,2,3,0,6,19,1,0,2,1,6,20,9,4,2,9333.1,3388.9,3233.9,2014.1,411.6,285.6,174,37,30.2,2,4,4,2,40,40
28,F,FRANCE,UEFA,BRAZIL,2?€0,WIN,5,4_4_2,FW,STARTING,33,23,70%,1,3,1,11,7,63%,3,2,1,4,0,26,6,3,1,2,13,1,7,6,3,6,0,7,23,0,0,0,2,9,24,15,6,3,10668.1,3724.2,3579.1,2371.5,744.6,248.6,189,57,27.5,2,4,4,2,50,33.33333333
28,F,FRANCE,UEFA,BRAZIL,2?€0,WIN,5,4_4_2,MF,STARTING,27,18,67%,0,6,1,7,4,57%,1,0,1,4,0,32,5,2,0,4,9,12,18,3,1,1,1,3,7,1,0,2,3,9,13,3,2,3,10202.6,3394.4,3544.4,2353.7,597.9,312.2,187,49,28.3,2,4,4,2,33.33333333,16.66666667
28,F,FRANCE,UEFA,BRAZIL,2?€0,WIN,5,4_4_2,GK,STARTING,34,15,44%,0,0,0,22,6,27%,0,0,0,0,0,7,0,0,0,0,0,7,3,0,0,0,0,0,0,0,0,0,1,3,0,0,6,1,4915.6,3748.6,886.3,193.7,60,27,25,6,25.4,2,4,4,2,0,0
28,F,FRANCE,UEFA,BRAZIL,2?€0,WIN,5,4_4_2,DF,STARTING,73,53,73%,0,1,0,24,14,58%,0,0,0,1,0,17,5,0,0,0,3,9,4,10,5,1,2,12,12,3,0,3,9,15,24,10,11,7,9599.7,3490.5,4185.5,1567.6,240,117.1,133,23,27.4,2,4,4,2,50,0
28,F,FRANCE,UEFA,BRAZIL,2?€0,WIN,5,4_4_2,GK,Substitutions,0,0,0,0,0,0,0,0,0,0,0,0,0,0,0,0,0,0,0,0,0,0,0,0,0,0,0,0,0,0,0,0,0,0,0,0,0,0,0,0,0,0,0,0,0,0,2,4,4,2,0,0
28,F,FRANCE,UEFA,BRAZIL,2?€0,WIN,5,4_4_2,MF,Substitutions,0,0,0,0,0,0,0,0,0,0,0,0,0,0,0,0,0,0,0,0,0,0,0,0,0,0,0,0,0,0,0,0,0,0,0,0,0,0,0,0,0,0,0,0,0,0,2,4,4,2,0,0
28,F,FRANCE,UEFA,BRAZIL,2?€0,WIN,5,4_4_2,DF,Substitutions,0,0,0,0,0,0,0,0,0,0,0,0,0,0,0,0,0,0,0,0,0,0,0,0,0,0,0,0,0,0,0,0,0,0,0,0,0,0,0,0,0,0,0,0,0,0,2,4,4,2,0,0
28,F,FRANCE,UEFA,BRAZIL,2?€0,WIN,5,4_4_2,MF,Substitutions,0,0,0,0,0,0,0,0,0,0,0,0,0,0,0,0,0,0,0,0,0,0,0,0,0,0,0,0,0,0,0,0,0,0,0,0,0,0,0,0,0,0,0,0,0,0,2,4,4,2,0,0
28,F,FRANCE,UEFA,BRAZIL,2?€0,WIN,5,4_4_2,FW,Substitutions,0,0,0,0,0,0,0,0,0,0,0,0,0,0,0,0,0,0,0,0,0,0,0,0,0,0,0,0,0,0,0,0,0,0,0,0,0,0,0,0,0,0,0,0,0,0,2,4,4,2,0,0
28,F,FRANCE,UEFA,BRAZIL,2?€0,WIN,5,4_4_2,DF,Substitutions,0,0,0,0,0,0,0,0,0,0,0,0,0,0,0,0,0,0,0,0,0,0,0,0,0,0,0,0,0,0,0,0,0,0,0,0,0,0,0,0,0,0,0,0,0,0,2,4,4,2,0,0
28,F,FRANCE,UEFA,BRAZIL,2?€0,WIN,5,4_4_2,MF,Substitutions,1,1,100%,0,1,0,0,0,0%,0,0,0,1,0,5,0,0,1,0,2,2,2,1,0,2,0,2,3,0,0,0,2,5,1,1,1,2,1498.1,400.7,503.3,449,115.8,29.2,28,10,26.9,2,4,4,2,0,0
28,F,FRANCE,UEFA,BRAZIL,2?€0,WIN,5,4_4_2,FW,Substitutions,0,0,0,0,0,0,0,0,0,0,0,0,0,0,0,0,0,0,0,0,0,0,0,0,0,0,0,0,0,0,0,0,0,0,0,0,0,0,0,0,0,0,0,0,0,0,2,4,4,2,0,0
28,F,FRANCE,UEFA,BRAZIL,2?€0,WIN,5,4_4_2,FW,Substitutions,0,0,0,0,0,0,0,0,0,0,0,0,0,0,0,0,0,0,0,0,0,0,0,0,0,0,0,0,0,0,0,0,0,0,0,0,0,0,0,0,0,0,0,0,0,0,2,4,4,2,0,0
28,F,FRANCE,UEFA,BRAZIL,2?€0,WIN,5,4_4_2,DF,Substitutions,0,0,0,0,0,0,0,0,0,0,0,0,0,0,0,0,0,0,0,0,0,0,0,0,0,0,0,0,0,0,0,0,0,0,0,0,0,0,0,0,0,0,0,0,0,0,2,4,4,2,0,0
28,F,FRANCE,UEFA,BRAZIL,2?€0,WIN,5,4_4_2,GK,Substitutions,0,0,0,0,0,0,0,0,0,0,0,0,0,0,0,0,0,0,0,0,0,0,0,0,0,0,0,0,0,0,0,0,0,0,0,0,0,0,0,0,0,0,0,0,0,0,2,4,4,2,0,0
28,F,FRANCE,UEFA,BRAZIL,2?€0,WIN,5,4_4_2,FW,Substitutions,12,10,83%,0,2,0,3,2,66%,3,3,0,0,0,18,1,4,1,2,9,1,7,1,1,2,0,2,10,2,0,2,0,2,9,7,2,0,3297.5,1059.5,1077,778.5,266.8,115.7,62,19,30.2,2,4,4,2,100,0
11,F,FRANCE,UEFA,JAMAICA,0?€0,DRAW,5,4_4_2,DF,STARTING,61,48,79%,0,6,1,23,14,60%,3,2,1,1,0,43,8,0,2,1,20,12,19,3,1,2,0,6,5,2,0,2,2,5,5,1,2,1,10308.2,3190.4,3846,2572.9,568,130.9,218,40,29.4,0,4,4,2,33.33333333,16.66666667
11,F,FRANCE,UEFA,JAMAICA,0?€0,DRAW,5,4_4_2,DF,STARTING,54,48,89%,2,0,0,9,6,66%,2,1,1,2,0,14,2,1,0,0,0,11,8,0,0,1,2,1,0,6,0,6,11,8,1,0,6,9,8680.1,3413.9,3037.2,1897.5,286.4,46.9,149,29,28.5,0,4,4,2,0,0
11,F,FRANCE,UEFA,JAMAICA,0?€0,DRAW,5,4_4_2,MF,STARTING,51,48,94%,1,1,0,20,18,90%,1,0,1,1,0,35,22,7,0,1,3,2,16,9,5,1,0,7,5,8,0,8,1,8,2,1,7,4,9660.9,3388.1,3363,2451.9,372.9,85,174,29,27.2,0,4,4,2,55.55555556,0
11,F,FRANCE,UEFA,JAMAICA,0?€0,DRAW,5,4_4_2,DF,STARTING,66,56,85%,0,6,1,14,9,64%,2,1,1,0,0,73,28,3,0,0,9,33,38,6,2,3,1,4,6,3,0,4,4,13,10,4,9,1,9114.6,3645.8,2962.2,1780.1,443.9,282.6,156,45,28.4,0,4,4,2,33.33333333,16.66666667
11,F,FRANCE,UEFA,JAMAICA,0?€0,DRAW,5,4_4_2,MF,STARTING,37,33,89%,0,2,0,7,6,85%,1,0,1,0,0,54,26,13,1,3,6,5,15,4,1,1,1,6,7,0,0,1,0,8,7,4,5,3,9603.4,3390,3374.6,2316.3,320.8,201.7,179,35,27.6,0,4,4,2,25,0
11,F,FRANCE,UEFA,JAMAICA,0?€0,DRAW,5,4_4_2,FW,STARTING,38,25,66%,0,1,1,11,5,45%,2,0,2,2,0,76,12,19,2,9,28,6,27,0,0,4,1,1,17,2,0,3,2,6,15,9,1,3,10343.5,3445.4,3840.5,2448.3,474.8,134.5,190,41,27.6,0,4,4,2,0,100
11,F,FRANCE,UEFA,JAMAICA,0?€0,DRAW,5,4_4_2,MF,STARTING,19,15,79%,0,8,2,12,8,66%,1,1,0,0,0,45,3,19,4,5,8,6,14,0,0,1,0,1,8,0,0,1,2,5,12,5,1,2,6960.6,2674.3,2138.3,1502.8,431.6,214.4,116,34,29.6,0,4,4,2,0,25
11,F,FRANCE,UEFA,JAMAICA,0?€0,DRAW,5,4_4_2,FW,STARTING,14,12,86%,1,2,1,4,3,75%,2,2,0,5,0,36,2,15,1,2,14,2,8,1,0,3,0,3,12,4,0,5,0,2,7,4,3,1,8826.2,3484.6,3237.5,1497.8,363.6,242.7,143,37,29.6,0,4,4,2,0,50
11,F,FRANCE,UEFA,JAMAICA,0?€0,DRAW,5,4_4_2,MF,STARTING,20,14,70%,0,5,1,6,4,66%,0,0,0,1,0,21,5,1,1,1,8,5,6,2,0,2,0,2,4,3,0,4,5,4,4,2,3,6,7054.3,2308.9,2638.3,1520.2,393.6,193.3,117,33,28.9,0,4,4,2,0,20
11,F,FRANCE,UEFA,JAMAICA,0?€0,DRAW,5,4_4_2,GK,STARTING,26,22,85%,0,0,0,4,1,25%,0,0,0,0,0,8,0,0,0,0,0,8,3,0,0,0,0,0,0,0,0,0,0,6,0,0,4,0,5004.7,3801.1,833.8,340.8,29,0,34,3,22.6,0,4,4,2,0,0
11,F,FRANCE,UEFA,JAMAICA,0?€0,DRAW,5,4_4_2,DF,STARTING,67,58,87%,1,0,0,17,12,70%,1,0,1,0,0,18,4,0,0,0,0,14,9,3,1,2,0,11,2,0,0,0,10,15,9,6,6,6,9151.1,3209.3,3442.6,2070.9,323.9,105.2,184,32,27.7,0,4,4,2,33.33333333,0
11,F,FRANCE,UEFA,JAMAICA,0?€0,DRAW,5,4_4_2,GK,Substitutions,0,0,0,0,0,0,0,0,0,0,0,0,0,0,0,0,0,0,0,0,0,0,0,0,0,0,0,0,0,0,0,0,0,0,0,0,0,0,0,0,0,0,0,0,0,0,0,4,4,2,0,0
11,F,FRANCE,UEFA,JAMAICA,0?€0,DRAW,5,4_4_2,MF,Substitutions,0,0,0,0,0,0,0,0,0,0,0,0,0,0,0,0,0,0,0,0,0,0,0,0,0,0,0,0,0,0,0,0,0,0,0,0,0,0,0,0,0,0,0,0,0,0,0,4,4,2,0,0
11,F,FRANCE,UEFA,JAMAICA,0?€0,DRAW,5,4_4_2,DF,Substitutions,0,0,0,0,0,0,0,0,0,0,0,0,0,0,0,0,0,0,0,0,0,0,0,0,0,0,0,0,0,0,0,0,0,0,0,0,0,0,0,0,0,0,0,0,0,0,0,4,4,2,0,0
11,F,FRANCE,UEFA,JAMAICA,0?€0,DRAW,5,4_4_2,DF,Substitutions,0,0,0,0,0,0,0,0,0,0,0,0,0,0,0,0,0,0,0,0,0,0,0,0,0,0,0,0,0,0,0,0,0,0,0,0,0,0,0,0,0,0,0,0,0,0,0,4,4,2,0,0
11,F,FRANCE,UEFA,JAMAICA,0?€0,DRAW,5,4_4_2,DF,Substitutions,0,0,0,0,0,0,0,0,0,0,0,0,0,0,0,0,0,0,0,0,0,0,0,0,0,0,0,0,0,0,0,0,0,0,0,0,0,0,0,0,0,0,0,0,0,0,0,4,4,2,0,0
11,F,FRANCE,UEFA,JAMAICA,0?€0,DRAW,5,4_4_2,MF,Substitutions,19,14,74%,0,7,2,4,2,50%,0,0,0,1,0,34,9,11,1,1,7,5,9,1,0,0,1,0,3,0,0,1,0,5,1,0,1,0,3634.8,1039.2,1498.6,893.4,169,34.5,61,14,26,0,4,4,2,0,28.57142857
11,F,FRANCE,UEFA,JAMAICA,0?€0,DRAW,5,4_4_2,MF,Substitutions,0,0,0,0,0,0,0,0,0,0,0,0,0,0,0,0,0,0,0,0,0,0,0,0,0,0,0,0,0,0,0,0,0,0,0,0,0,0,0,0,0,0,0,0,0,0,0,4,4,2,0,0
11,F,FRANCE,UEFA,JAMAICA,0?€0,DRAW,5,4_4_2,FW,Substitutions,0,0,0,0,0,0,0,0,0,0,0,0,0,0,0,0,0,0,0,0,0,0,0,0,0,0,0,0,0,0,0,0,0,0,0,0,0,0,0,0,0,0,0,0,0,0,0,4,4,2,0,0
11,F,FRANCE,UEFA,JAMAICA,0?€0,DRAW,5,4_4_2,FW,Substitutions,0,0,0,0,0,0,0,0,0,0,0,0,0,0,0,0,0,0,0,0,0,0,0,0,0,0,0,0,0,0,0,0,0,0,0,0,0,0,0,0,0,0,0,0,0,0,0,4,4,2,0,0
11,F,FRANCE,UEFA,JAMAICA,0?€0,DRAW,5,4_4_2,GK,Substitutions,0,0,0,0,0,0,0,0,0,0,0,0,0,0,0,0,0,0,0,0,0,0,0,0,0,0,0,0,0,0,0,0,0,0,0,0,0,0,0,0,0,0,0,0,0,0,0,4,4,2,0,0
11,F,FRANCE,UEFA,JAMAICA,0?€0,DRAW,5,4_4_2,DF,Substitutions,0,0,0,0,0,0,0,0,0,0,0,0,0,0,0,0,0,0,0,0,0,0,0,0,0,0,0,0,0,0,0,0,0,0,0,0,0,0,0,0,0,0,0,0,0,0,0,4,4,2,0,0
11,F,FRANCE,UEFA,JAMAICA,0?€0,DRAW,5,4_4_2,FW,Substitutions,8,6,75%,0,4,1,5,4,80%,1,0,1,0,0,10,2,0,0,0,7,1,6,2,1,0,0,2,0,0,0,0,1,1,0,0,1,2,3424.1,894.7,1346.3,976.2,122.6,83.9,70,15,29.1,0,4,4,2,50,25
43,F,FRANCE,UEFA,PANAMA,6?€3,WIN,5,4_4_1_1,DF,STARTING,64,57,89%,0,0,0,13,9,69%,0,0,0,5,1,57,7,1,0,0,0,49,36,3,1,1,1,3,2,5,0,5,6,8,6,1,7,6,9416.2,3613.9,3507.5,1933.1,269.3,92.3,169,27,27,6,4,5,1,33.33333333,0
43,F,FRANCE,UEFA,PANAMA,6?€3,WIN,5,4_4_1_1,DF,STARTING,57,55,96%,4,0,0,13,11,84%,1,0,1,1,0,16,3,0,0,0,1,12,5,3,1,1,1,2,1,2,0,2,5,8,8,3,7,2,9609.8,3681.5,3560.4,1842.2,321.9,204.7,166,34,28.5,6,4,5,1,33.33333333,0
43,F,FRANCE,UEFA,PANAMA,6?€3,WIN,5,4_4_1_1,MF,STARTING,29,29,100%,0,0,0,5,5,100%,1,1,0,0,0,17,15,0,0,0,1,1,12,2,0,2,1,1,1,1,0,1,4,7,2,0,4,6,5182.1,1663.4,2245.9,1093.4,142.5,36.8,88,17,29.8,6,4,5,1,0,0
43,F,FRANCE,UEFA,PANAMA,6?€3,WIN,5,4_4_1_1,FW,STARTING,12,8,67%,0,3,0,2,1,50%,0,0,0,7,3,29,4,9,0,1,14,1,8,1,1,2,0,2,13,2,0,2,0,1,9,8,2,1,5910.8,2129.7,2270.4,1000.1,399.6,110.5,97,40,30.9,6,4,5,1,100,0
43,F,FRANCE,UEFA,PANAMA,6?€3,WIN,5,4_4_1_1,FW,STARTING,39,30,77%,0,8,5,17,13,76%,8,3,5,1,0,67,12,19,2,4,21,9,20,4,1,4,0,7,14,1,0,1,1,12,14,9,3,3,11058.3,3454.6,3900.3,2775.6,606,322.9,208,66,28.7,6,4,5,1,25,62.5
43,F,FRANCE,UEFA,PANAMA,6?€3,WIN,5,4_4_1_1,MF,STARTING,33,25,76%,0,7,4,12,9,75%,4,0,4,2,0,44,9,5,0,0,10,20,25,0,0,0,0,0,1,1,0,1,0,6,3,0,0,0,5187.7,1912.7,1661.6,1066.1,398.4,148.9,89,31,28,6,4,5,1,0,57.14285714
43,F,FRANCE,UEFA,PANAMA,6?€3,WIN,5,4_4_1_1,GK,STARTING,28,24,86%,0,0,0,8,5,62%,0,0,0,0,0,6,0,0,0,0,0,6,2,0,0,0,0,0,0,0,0,0,0,2,0,0,8,0,5082.4,3780.8,1024.6,206.9,70.6,0,27,5,22.5,6,4,5,1,0,0
43,F,FRANCE,UEFA,PANAMA,6?€3,WIN,5,4_4_1_1,MF,STARTING,57,45,79%,0,6,2,23,15,65%,13,2,11,4,1,31,17,7,1,1,2,3,18,4,1,4,1,5,5,1,0,1,3,12,7,2,5,4,11110.8,3502.1,4399.9,2751,403.3,55.6,209,32,28.8,6,4,5,1,25,33.33333333
43,F,FRANCE,UEFA,PANAMA,6?€3,WIN,5,4_4_1_1,DF,STARTING,57,50,88%,0,5,2,12,10,83%,0,0,0,1,0,26,4,5,0,1,10,6,9,6,1,2,2,7,3,2,0,3,4,14,1,0,6,6,10730.3,3365,3988.4,2582.8,549.4,244.7,212,51,29.4,6,4,5,1,16.66666667,40
43,F,FRANCE,UEFA,PANAMA,6?€3,WIN,5,4_4_1_1,DF,STARTING,60,52,87%,0,2,2,23,21,91%,1,1,0,1,0,16,2,0,1,2,5,6,7,3,0,1,0,3,2,0,0,1,1,11,11,4,3,2,10047.8,3567,4051.3,2019.6,379.8,30.1,167,29,26.1,6,4,5,1,0,100
43,F,FRANCE,UEFA,PANAMA,6?€3,WIN,5,4_4_1_1,MF,STARTING,20,15,75%,0,7,4,2,1,50%,3,1,2,3,1,52,1,7,2,3,28,11,14,3,0,3,0,4,13,1,0,1,1,2,9,5,1,5,9955.7,3239.6,3747.3,2174.3,547.6,247.9,197,62,31,6,4,5,1,0,57.14285714
43,F,FRANCE,UEFA,PANAMA,6?€3,WIN,5,4_4_1_1,GK,Substitutions,0,0,0,0,0,0,0,0,0,0,0,0,0,0,0,0,0,0,0,0,0,0,0,0,0,0,0,0,0,0,0,0,0,0,0,0,0,0,0,0,0,0,0,0,0,0,6,4,5,1,0,0
43,F,FRANCE,UEFA,PANAMA,6?€3,WIN,5,4_4_1_1,DF,Substitutions,0,0,0,0,0,0,0,0,0,0,0,0,0,0,0,0,0,0,0,0,0,0,0,0,0,0,0,0,0,0,0,0,0,0,0,0,0,0,0,0,0,0,0,0,0,0,6,4,5,1,0,0
43,F,FRANCE,UEFA,PANAMA,6?€3,WIN,5,4_4_1_1,MF,Substitutions,10,7,70%,0,0,0,3,2,66%,0,0,0,0,0,17,6,5,1,0,4,1,6,5,4,1,0,4,7,2,0,2,0,3,6,3,5,2,4343.2,1289.9,1479.7,1203.1,292.7,77.7,84,24,27.9,6,4,5,1,80,0
43,F,FRANCE,UEFA,PANAMA,6?€3,WIN,5,4_4_1_1,MF,Substitutions,0,0,0,0,0,0,0,0,0,0,0,0,0,0,0,0,0,0,0,0,0,0,0,0,0,0,0,0,0,0,0,0,0,0,0,0,0,0,0,0,0,0,0,0,0,0,6,4,5,1,0,0
43,F,FRANCE,UEFA,PANAMA,6?€3,WIN,5,4_4_1_1,DF,Substitutions,0,0,0,0,0,0,0,0,0,0,0,0,0,0,0,0,0,0,0,0,0,0,0,0,0,0,0,0,0,0,0,0,0,0,0,0,0,0,0,0,0,0,0,0,0,0,6,4,5,1,0,0
43,F,FRANCE,UEFA,PANAMA,6?€3,WIN,5,4_4_1_1,FW,Substitutions,0,0,0,0,0,0,0,0,0,0,0,0,0,0,0,0,0,0,0,0,0,0,0,0,0,0,0,0,0,0,0,0,0,0,0,0,0,0,0,0,0,0,0,0,0,0,6,4,5,1,0,0
43,F,FRANCE,UEFA,PANAMA,6?€3,WIN,5,4_4_1_1,MF,Substitutions,18,17,94%,0,7,1,4,2,50%,0,0,0,1,0,26,9,10,1,2,3,1,14,2,0,2,1,6,5,1,0,1,1,6,7,3,3,2,6021.5,2008.2,2187.6,1475.3,298.1,53,113,22,27.4,6,4,5,1,0,14.28571429
43,F,FRANCE,UEFA,PANAMA,6?€3,WIN,5,4_4_1_1,DF,Substitutions,0,0,0,0,0,0,0,0,0,0,0,0,0,0,0,0,0,0,0,0,0,0,0,0,0,0,0,0,0,0,0,0,0,0,0,0,0,0,0,0,0,0,0,0,0,0,6,4,5,1,0,0
43,F,FRANCE,UEFA,PANAMA,6?€3,WIN,5,4_4_1_1,MF,Substitutions,0,0,0,0,0,0,0,0,0,0,0,0,0,0,0,0,0,0,0,0,0,0,0,0,0,0,0,0,0,0,0,0,0,0,0,0,0,0,0,0,0,0,0,0,0,0,6,4,5,1,0,0
43,F,FRANCE,UEFA,PANAMA,6?€3,WIN,5,4_4_1_1,FW,Substitutions,13,11,85%,0,1,0,5,4,80%,5,2,3,1,0,29,1,2,1,0,13,12,12,7,3,1,1,9,2,2,0,2,2,2,3,1,5,3,5385,1898.8,1811.5,1184.7,302.6,187.4,107,30,29.7,6,4,5,1,42.85714286,0
43,F,FRANCE,UEFA,PANAMA,6?€3,WIN,5,4_4_1_1,FW,Substitutions,0,0,0,0,0,0,0,0,0,0,0,0,0,0,0,0,0,0,0,0,0,0,0,0,0,0,0,0,0,0,0,0,0,0,0,0,0,0,0,0,0,0,0,0,0,0,6,4,5,1,0,0
43,F,FRANCE,UEFA,PANAMA,6?€3,WIN,5,4_4_1_1,GK,Substitutions,0,0,0,0,0,0,0,0,0,0,0,0,0,0,0,0,0,0,0,0,0,0,0,0,0,0,0,0,0,0,0,0,0,0,0,0,0,0,0,0,0,0,0,0,0,0,6,4,5,1,0,0
44,F,JAMAICA,CONCACAF,BRAZIL,0?€0,DRAW,43,4_1_4_1,MF,STARTING,19,12,63%,0,0,0,5,3,60%,0,0,0,0,0,6,4,2,0,0,0,0,2,3,2,3,4,3,2,2,0,3,8,11,9,2,11,6,10093.1,3575,4167.4,2058,274.5,17.2,154,21,26.5,0,4,5,1,66.66666667,0
44,F,JAMAICA,CONCACAF,BRAZIL,0?€0,DRAW,43,4_1_4_1,DF,STARTING,15,7,47%,0,1,0,8,3,37%,1,0,1,0,0,5,0,0,0,0,0,5,3,1,0,0,1,1,11,0,0,0,0,9,10,1,1,0,9366,3347.4,3977.7,1655.9,219.2,165.8,137,26,30,0,4,5,1,0,0
44,F,JAMAICA,CONCACAF,BRAZIL,0?€0,DRAW,43,4_1_4_1,MF,STARTING,27,16,59%,0,0,0,13,6,46%,0,0,0,0,0,3,0,3,0,0,0,0,0,6,1,2,0,5,33,3,1,5,2,9,39,18,3,3,10527.4,3675.1,3134,3130.9,544.3,43.2,245,30,25.7,0,4,5,1,16.66666667,0
44,F,JAMAICA,CONCACAF,BRAZIL,0?€0,DRAW,43,4_1_4_1,MF,STARTING,17,11,65%,0,0,0,3,1,33%,3,3,0,0,0,20,1,2,3,2,7,5,5,0,0,2,1,1,43,0,0,1,3,5,41,27,1,4,8543.6,3367.9,2962.1,1592.5,434.9,186.3,148,37,30.4,0,4,5,1,0,0
44,F,JAMAICA,CONCACAF,BRAZIL,0?€0,DRAW,43,4_1_4_1,FW,STARTING,9,4,44%,0,0,0,1,0,0,6,5,1,3,0,14,0,0,0,2,11,1,5,2,1,2,1,2,12,1,0,2,2,2,6,1,4,3,9876.7,4073.1,3224.7,1987.2,299.3,293.3,152,34,28.3,0,4,5,1,50,0
44,F,JAMAICA,CONCACAF,BRAZIL,0?€0,DRAW,43,4_1_4_1,GK,STARTING,40,10,25%,0,0,0,29,5,17%,0,0,0,0,0,4,0,0,0,0,0,4,2,0,0,0,0,0,0,0,0,0,0,1,0,0,17,0,4058.5,3088.1,741.5,221.6,7.7,0,31,1,20.9,0,4,5,1,0,0
44,F,JAMAICA,CONCACAF,BRAZIL,0?€0,DRAW,43,4_1_4_1,DF,STARTING,29,12,41%,0,0,0,16,7,43%,0,0,0,0,0,8,4,0,0,0,0,4,3,2,0,8,0,2,12,0,0,0,13,7,23,6,3,15,10321.7,3098.6,4229.8,2482.4,370.5,141.4,214,39,29.6,0,4,5,1,0,0
44,F,JAMAICA,CONCACAF,BRAZIL,0?€0,DRAW,43,4_1_4_1,DF,STARTING,14,9,64%,0,0,0,4,1,25%,2,0,2,0,0,8,1,0,0,0,0,7,5,3,2,1,0,3,8,2,0,2,0,7,6,2,3,2,9676.3,3542.5,3783.4,1775.6,411.2,164.5,163,42,29.1,0,4,5,1,66.66666667,0
44,F,JAMAICA,CONCACAF,BRAZIL,0?€0,DRAW,43,4_1_4_1,DF,STARTING,25,14,56%,0,0,0,15,4,26%,1,0,1,0,0,5,1,0,0,0,0,4,4,5,1,8,0,17,18,2,0,2,11,6,28,12,10,8,10499.3,3388.1,4421.3,2050.5,439.9,200.5,189,47,28.5,0,4,5,1,20,0
44,F,JAMAICA,CONCACAF,BRAZIL,0?€0,DRAW,43,4_1_4_1,MF,STARTING,16,10,62%,0,0,0,8,4,50%,1,1,0,0,0,14,2,6,0,1,4,1,6,6,0,5,0,19,45,3,0,3,3,8,26,18,2,5,10837,3955.5,3502.5,3018.1,333.8,27.1,211,24,25.4,0,4,5,1,0,0
44,F,JAMAICA,CONCACAF,BRAZIL,0?€0,DRAW,43,4_1_4_1,MF,STARTING,12,6,50%,0,0,0,6,3,50%,1,0,1,0,0,2,0,1,0,0,1,0,1,2,0,1,0,4,30,1,0,2,1,5,22,15,1,1,5246.4,2197.7,1545.1,1130.1,298,75,94,27,29.1,0,4,5,1,0,0
44,F,JAMAICA,CONCACAF,BRAZIL,0?€0,DRAW,43,4_1_4_1,GK,Substitutions,0,0,0,0,0,0,0,0,0,0,0,0,0,0,0,0,0,0,0,0,0,0,0,0,0,0,0,0,0,0,0,0,0,0,0,0,0,0,0,0,0,0,0,0,0,0,0,4,5,1,0,0
44,F,JAMAICA,CONCACAF,BRAZIL,0?€0,DRAW,43,4_1_4_1,MF,Substitutions,0,0,0,0,0,0,0,0,0%,0,0,0,1,0,3,0,0,0,0,2,1,3,3,1,4,0,6,2,5,0,5,5,11,6,1,10,2,1251,251.1,556.8,298.7,113.7,30.6,24,9,26.6,0,4,5,1,33.33333333,0
44,F,JAMAICA,CONCACAF,BRAZIL,0?€0,DRAW,43,4_1_4_1,DF,Substitutions,0,0,0,0,0,0,0,0,0,0,0,0,0,0,0,0,0,0,0,0,0,0,0,0,4,0,1,7,0,0,0,2,7,3,2,4,2,0,0,0,0,0,0,0,0,0,0,4,5,1,0,0
44,F,JAMAICA,CONCACAF,BRAZIL,0?€0,DRAW,43,4_1_4_1,MF,Substitutions,0,0,0,0,0,0,0,0,0,0,0,0,0,0,0,0,0,0,0,0,0,0,0,0,0,0,0,0,0,0,0,0,0,0,0,0,0,0,0,0,0,0,0,0,0,0,0,4,5,1,0,0
44,F,JAMAICA,CONCACAF,BRAZIL,0?€0,DRAW,43,4_1_4_1,MF,Substitutions,0,0,0,0,0,0,0,0,0,0,0,0,0,0,0,0,0,0,0,0,0,0,0,0,0,0,0,0,0,0,0,0,0,0,0,0,0,0,0,0,0,0,0,0,0,0,0,4,5,1,0,0
44,F,JAMAICA,CONCACAF,BRAZIL,0?€0,DRAW,43,4_1_4_1,FW,Substitutions,0,0,0,0,0,0,0,0,0,0,0,0,0,0,0,0,0,0,0,0,0,0,0,0,0,0,0,0,0,0,0,0,0,0,0,0,0,0,0,0,0,0,0,0,0,0,0,4,5,1,0,0
44,F,JAMAICA,CONCACAF,BRAZIL,0?€0,DRAW,43,4_1_4_1,MF,Substitutions,0,0,0,0,0,0,0,0,0,0,0,0,0,0,0,0,0,0,0,0,0,0,0,0,0,0,0,0,0,0,0,0,0,0,0,0,0,0,0,0,0,0,0,0,0,0,0,4,5,1,0,0
44,F,JAMAICA,CONCACAF,BRAZIL,0?€0,DRAW,43,4_1_4_1,MF,Substitutions,7,6,86%,0,1,0,2,2,100%,1,1,0,0,0,7,0,0,1,1,4,1,3,5,2,2,1,6,21,1,0,1,5,2,28,11,3,6,5806.6,1805.8,2150.2,1369.8,351.3,129.5,117,32,27,0,4,5,1,40,0
44,F,JAMAICA,CONCACAF,BRAZIL,0?€0,DRAW,43,4_1_4_1,MF,Substitutions,0,0,0,0,0,0,0,0,0,0,0,0,0,0,0,0,0,0,0,0,0,0,0,0,0,0,0,0,0,0,0,0,0,0,0,0,0,0,0,0,0,0,0,0,0,0,0,4,5,1,0,0
44,F,JAMAICA,CONCACAF,BRAZIL,0?€0,DRAW,43,4_1_4_1,MF,Substitutions,0,0,0,0,0,0,0,0,0,0,0,0,0,0,0,0,0,0,0,0,0,0,0,0,0,0,0,0,0,0,0,0,0,0,0,0,0,0,0,0,0,0,0,0,0,0,0,4,5,1,0,0
44,F,JAMAICA,CONCACAF,BRAZIL,0?€0,DRAW,43,4_1_4_1,GK,Substitutions,0,0,0,0,0,0,0,0,0,0,0,0,0,0,0,0,0,0,0,0,0,0,0,0,0,0,0,0,0,0,0,0,0,0,0,0,0,0,0,0,0,0,0,0,0,0,0,4,5,1,0,0
11,F,JAMAICA,CONCACAF,FRANCE,0?€0,DRAW,43,4_1_4_1,MF,STARTING,12,10,83%,0,0,0,1,0,0,0,0,0,0,0,6,4,2,0,0,0,0,1,1,1,3,0,7,24,1,0,1,5,4,18,11,4,4,9644.4,3441.1,3520.2,2180.6,319.2,183.2,169,29,28.8,0,4,5,1,100,0
11,F,JAMAICA,CONCACAF,FRANCE,0?€0,DRAW,43,4_1_4_1,DF,STARTING,13,9,69%,0,0,0,3,2,66%,0,0,0,0,0,3,0,0,0,0,0,3,0,1,1,5,1,0,4,0,0,0,13,1,6,0,7,10,8677.3,3151.6,3666.1,1521.1,295,44.3,119,22,28.6,0,4,5,1,100,0
11,F,JAMAICA,CONCACAF,FRANCE,0?€0,DRAW,43,4_1_4_1,MF,STARTING,15,7,47%,0,0,0,5,1,20%,0,0,0,0,0,10,5,3,0,0,2,0,2,9,2,5,0,8,34,3,0,3,8,5,39,21,9,10,10043.3,3579.4,2655.4,2898.5,716.1,192.8,211,54,26.8,0,4,5,1,22.22222222,0
11,F,JAMAICA,CONCACAF,FRANCE,0?€0,DRAW,43,4_1_4_1,MF,STARTING,13,9,69%,0,0,0,3,2,66%,4,3,1,0,0,13,0,2,0,0,9,2,3,6,1,4,1,9,21,1,0,2,3,5,32,19,3,3,9384.6,3909.6,3100.7,1795.3,458,120.1,152,46,27.5,0,4,5,1,16.66666667,0
11,F,JAMAICA,CONCACAF,FRANCE,0?€0,DRAW,43,4_1_4_1,FW,STARTING,7,3,43%,1,3,0,3,1,33%,6,5,1,3,0,13,2,5,1,0,5,0,3,4,1,4,0,6,25,3,0,4,3,9,26,14,2,5,8877.5,3605.1,2443.1,2089.8,388.8,350.7,148,46,28.3,0,4,5,1,25,0
11,F,JAMAICA,CONCACAF,FRANCE,0?€0,DRAW,43,4_1_4_1,GK,STARTING,35,12,34%,0,0,0,20,3,15%,0,0,0,0,0,4,0,0,0,0,0,4,4,0,0,0,0,0,0,0,0,0,0,1,0,0,7,0,4393.5,3137.9,990.3,259.7,5.3,0,37,1,19.5,0,4,5,1,0,0
11,F,JAMAICA,CONCACAF,FRANCE,0?€0,DRAW,43,4_1_4_1,DF,STARTING,26,15,58%,0,4,1,19,10,52%,2,1,1,1,0,3,1,0,0,0,0,2,1,4,1,2,2,8,4,3,1,4,13,6,11,3,6,9,9589,3101.1,3589.2,2272.6,366.3,259.9,193,43,30.7,0,4,5,1,25,25
11,F,JAMAICA,CONCACAF,FRANCE,0?€0,DRAW,43,4_1_4_1,DF,STARTING,10,5,50%,0,0,0,6,2,33%,0,0,0,0,0,11,0,0,0,0,1,10,1,0,0,1,1,4,3,1,0,1,5,5,9,5,2,2,9236.8,3472.1,3410.2,1734.7,385.2,235.5,151,36,28.4,0,4,5,1,0,0
11,F,JAMAICA,CONCACAF,FRANCE,0?€0,DRAW,43,4_1_4_1,DF,STARTING,32,12,38%,0,0,0,12,2,16%,0,0,0,0,0,16,8,1,0,0,0,7,6,3,1,3,4,8,16,1,0,1,5,4,31,10,6,5,9374.2,3292.2,3720.6,1795.2,435,130.3,162,39,27.3,0,4,5,1,33.33333333,0
11,F,JAMAICA,CONCACAF,FRANCE,0?€0,DRAW,43,4_1_4_1,FW,STARTING,10,8,80%,0,0,0,4,3,75%,0,0,0,1,0,12,3,5,1,2,1,0,2,0,0,1,0,5,22,2,0,4,4,9,10,6,1,3,7477.1,2713.5,2503.3,1745.9,438.2,75.5,139,37,31.9,0,4,5,1,0,0
11,F,JAMAICA,CONCACAF,FRANCE,0?€0,DRAW,43,4_1_4_1,MF,STARTING,9,5,56%,0,0,0,1,1,100%,3,1,2,1,0,9,1,0,0,1,5,2,1,2,1,3,0,6,19,2,0,4,1,6,8,2,4,3,7147.8,3088.6,2081.4,1263.7,371.7,342.4,112,34,31.1,0,4,5,1,50,0
11,F,JAMAICA,CONCACAF,FRANCE,0?€0,DRAW,43,4_1_4_1,GK,Substitutions,0,0,0,0,0,0,0,0,0,0,0,0,0,0,0,0,0,0,0,0,0,0,0,0,0,0,0,0,0,0,0,0,0,0,0,0,0,0,0,0,0,0,0,0,0,0,0,4,5,1,0,0
11,F,JAMAICA,CONCACAF,FRANCE,0?€0,DRAW,43,4_1_4_1,MF,Substitutions,4,3,75%,0,1,0,1,1,100%,1,1,0,0,0,3,1,0,0,0,1,1,2,3,1,1,0,4,19,0,1,1,0,2,10,8,2,0,2781.3,772.6,1185.9,592.4,160.2,70.4,48,14,28.9,0,4,5,1,33.33333333,0
11,F,JAMAICA,CONCACAF,FRANCE,0?€0,DRAW,43,4_1_4_1,DF,Substitutions,0,0,0,0,0,0,0,0,0,0,0,0,0,0,0,0,0,0,0,0,0,0,0,0,0,0,0,0,0,0,0,0,0,0,0,0,0,0,0,0,0,0,0,0,0,0,0,4,5,1,0,0
11,F,JAMAICA,CONCACAF,FRANCE,0?€0,DRAW,43,4_1_4_1,MF,Substitutions,3,0,0,0,0,0,1,0,0,0,0,0,0,0,3,1,1,0,0,1,0,0,0,0,2,0,0,8,0,0,0,1,2,4,2,0,3,3233.9,690.8,1113.4,1096,283,50.8,74,22,26.1,0,4,5,1,0,0
11,F,JAMAICA,CONCACAF,FRANCE,0?€0,DRAW,43,4_1_4_1,MF,Substitutions,0,0,0,0,0,0,0,0,0,0,0,0,0,0,0,0,0,0,0,0,0,0,0,0,0,0,0,0,0,0,0,0,0,0,0,0,0,0,0,0,0,0,0,0,0,0,0,4,5,1,0,0
11,F,JAMAICA,CONCACAF,FRANCE,0?€0,DRAW,43,4_1_4_1,FW,Substitutions,0,0,0,0,0,0,0,0,0,0,0,0,0,0,0,0,0,0,0,0,0,0,0,0,0,0,0,0,0,0,0,0,0,0,0,0,0,0,0,0,0,0,0,0,0,0,0,4,5,1,0,0
11,F,JAMAICA,CONCACAF,FRANCE,0?€0,DRAW,43,4_1_4_1,MF,Substitutions,0,0,0,0,0,0,0,0,0,0,0,0,0,0,0,0,0,0,0,0,0,0,0,0,0,0,0,0,0,0,0,0,0,0,0,0,0,0,0,0,0,0,0,0,0,0,0,4,5,1,0,0
11,F,JAMAICA,CONCACAF,FRANCE,0?€0,DRAW,43,4_1_4_1,MF,Substitutions,0,0,0,0,0,0,0,0,0,0,0,0,0,0,0,0,0,0,0,0,0,0,0,0,0,0,0,0,0,0,0,0,0,0,0,0,0,0,0,0,0,0,0,0,0,0,0,4,5,1,0,0
11,F,JAMAICA,CONCACAF,FRANCE,0?€0,DRAW,43,4_1_4_1,MF,Substitutions,0,0,0,0,0,0,0,0,0,0,0,0,0,0,0,0,0,0,0,0,0,0,0,0,0,0,0,0,0,0,0,0,0,0,0,0,0,0,0,0,0,0,0,0,0,0,0,4,5,1,0,0
11,F,JAMAICA,CONCACAF,FRANCE,0?€0,DRAW,43,4_1_4_1,MF,Substitutions,0,0,0,0,0,0,0,0,0,0,0,0,0,0,0,0,0,0,0,0,0,0,0,0,0,0,0,0,0,0,0,0,0,0,0,0,0,0,0,0,0,0,0,0,0,0,0,4,5,1,0,0
11,F,JAMAICA,CONCACAF,FRANCE,0?€0,DRAW,43,4_1_4_1,MF,Substitutions,0,0,0,0,0,0,0,0,0,0,0,0,0,0,0,0,0,0,0,0,0,0,0,0,0,0,0,0,0,0,0,0,0,0,0,0,0,0,0,0,0,0,0,0,0,0,0,4,5,1,0,0
11,F,JAMAICA,CONCACAF,FRANCE,0?€0,DRAW,43,4_1_4_1,GK,Substitutions,0,0,0,0,0,0,0,0,0,0,0,0,0,0,0,0,0,0,0,0,0,0,0,0,0,0,0,0,0,0,0,0,0,0,0,0,0,0,0,0,0,0,0,0,0,0,0,4,5,1,0,0
29,F,JAMAICA,CONCACAF,PANAMA,1?€0,WIN,43,4_1_4_1,MF,STARTING,29,21,72%,0,0,0,10,7,70%,0,0,0,2,0,14,10,2,0,0,0,2,4,2,0,1,4,7,22,3,0,4,7,11,19,8,9,7,9528.9,3621,4001.2,1610.4,277.3,19.1,130,20,28.6,1,4,5,1,0,0
29,F,JAMAICA,CONCACAF,PANAMA,1?€0,WIN,43,4_1_4_1,DF,STARTING,35,29,83%,0,0,0,15,14,93%,6,0,6,1,0,2,0,0,0,0,1,1,0,4,2,4,1,5,5,4,0,4,12,8,9,5,5,12,9242.2,3112.8,4185.8,1406.7,382.6,154.3,122,31,29.6,1,4,5,1,50,0
29,F,JAMAICA,CONCACAF,PANAMA,1?€0,WIN,43,4_1_4_1,MF,STARTING,37,27,73%,0,0,0,22,17,77%,3,1,2,5,0,46,13,24,2,2,0,5,11,1,0,6,0,2,17,1,0,2,5,16,18,7,6,6,9769.7,3516.1,2945.6,2740.4,486.5,81.1,207,35,26.6,1,4,5,1,0,0
29,F,JAMAICA,CONCACAF,PANAMA,1?€0,WIN,43,4_1_4_1,FW,STARTING,28,22,79%,1,1,0,9,5,55%,9,5,4,0,0,29,1,8,2,1,10,7,13,0,0,1,0,7,10,1,0,1,0,8,8,5,0,1,7481.3,3347.9,2296,1171.6,424.9,240.1,109,39,32.7,1,4,5,1,0,0
29,F,JAMAICA,CONCACAF,PANAMA,1?€0,WIN,43,4_1_4_1,GK,STARTING,33,27,82%,0,0,0,17,14,82%,0,0,0,0,0,10,0,0,0,0,0,10,8,0,0,0,0,0,0,0,0,0,0,1,0,0,7,0,4256.2,3185.4,884.9,186,0,0,0,0,18.1,1,4,5,1,0,0
29,F,JAMAICA,CONCACAF,PANAMA,1?€0,WIN,43,4_1_4_1,DF,STARTING,43,31,72%,0,5,1,18,9,50%,0,0,0,1,0,25,7,0,1,0,5,12,14,7,3,1,2,9,13,2,0,2,4,5,39,12,8,2,10187.2,3331.2,3709.2,2303.3,417.7,425.8,204,46,29,1,4,5,1,42.85714286,20
29,F,JAMAICA,CONCACAF,PANAMA,1?€0,WIN,43,4_1_4_1,DF,STARTING,35,29,83%,0,2,0,14,9,64%,3,1,2,2,0,10,4,0,0,0,3,3,5,2,0,2,1,5,6,0,0,0,12,8,13,4,4,11,9421.8,3049.8,3370.2,2425.2,464.5,112.1,181,37,30.2,1,4,5,1,0,0
29,F,JAMAICA,CONCACAF,PANAMA,1?€0,WIN,43,4_1_4_1,DF,STARTING,32,26,81%,0,0,0,8,4,50%,0,0,0,1,1,17,3,0,0,0,0,14,6,2,1,3,1,7,4,5,0,5,8,4,18,8,6,5,9786.3,3472.2,3786.3,1932.8,385.6,208.4,155,39,30.5,1,4,5,1,50,0
29,F,JAMAICA,CONCACAF,PANAMA,1?€0,WIN,43,4_1_4_1,FW,STARTING,10,8,80%,0,7,4,2,1,50%,3,3,0,2,0,20,3,2,0,1,9,5,9,2,0,3,0,6,13,1,0,1,1,5,13,9,2,2,6892.6,2329.7,2487.6,1601.9,385.3,88.2,140,34,27.4,1,4,5,1,0,57.14285714
29,F,JAMAICA,CONCACAF,PANAMA,1?€0,WIN,43,4_1_4_1,MF,STARTING,21,18,86%,0,1,0,3,1,33%,1,1,0,4,0,35,4,25,3,0,3,0,8,1,1,1,3,2,22,5,1,7,1,7,25,4,4,2,8979.6,3596.3,2952.5,2009.6,356.5,64.7,165,28,27.6,1,4,5,1,100,0
29,F,JAMAICA,CONCACAF,PANAMA,1?€0,WIN,43,4_1_4_1,FW,STARTING,14,10,71%,0,1,1,2,1,50%,1,1,0,0,0,27,0,12,0,3,11,1,6,0,0,2,0,1,13,1,0,1,0,7,13,10,2,1,7694.9,2809.4,2844.8,1474.3,401.7,165.4,133,44,27.9,1,4,5,1,0,100
29,F,JAMAICA,CONCACAF,PANAMA,1?€0,WIN,43,4_1_4_1,GK,Substitutions,0,0,0,0,0,0,0,0,0,0,0,0,0,0,0,0,0,0,0,0,0,0,0,0,0,0,0,0,0,0,0,0,0,0,0,0,0,0,0,0,0,0,0,0,0,0,1,4,5,1,0,0
29,F,JAMAICA,CONCACAF,PANAMA,1?€0,WIN,43,4_1_4_1,MF,Substitutions,3,2,67%,0,0,0,1,0,0,0,0,0,0,0,0,0,0,0,0,0,0,0,1,0,1,1,1,5,0,0,0,0,0,4,2,1,1,1684.4,626.8,562.4,295.6,127.8,71.9,25,12,28.8,1,4,5,1,0,0
29,F,JAMAICA,CONCACAF,PANAMA,1?€0,WIN,43,4_1_4_1,DF,Substitutions,0,0,0,0,0,0,0,0,0,0,0,0,0,0,0,0,0,0,0,0,0,0,0,0,0,0,0,0,0,0,0,0,0,0,0,0,0,0,0,0,0,0,0,0,0,0,1,4,5,1,0,0
29,F,JAMAICA,CONCACAF,PANAMA,1?€0,WIN,43,4_1_4_1,MF,Substitutions,0,0,0,0,0,0,0,0,0,0,0,0,0,0,0,0,0,0,0,0,0,0,0,0,0,0,0,0,0,0,0,0,0,0,0,0,0,0,0,0,0,0,0,0,0,0,1,4,5,1,0,0
29,F,JAMAICA,CONCACAF,PANAMA,1?€0,WIN,43,4_1_4_1,MF,Substitutions,1,1,100%,0,0,0,0,0,0,1,0,1,1,0,2,0,0,1,0,0,1,2,0,0,0,0,0,5,4,0,4,0,0,6,2,2,0,1138.4,359.3,416.6,319.4,43.1,0,25,4,21.9,1,4,5,1,0,0
29,F,JAMAICA,CONCACAF,PANAMA,1?€0,WIN,43,4_1_4_1,FW,Substitutions,1,1,100%,0,1,0,0,0,0,1,0,1,0,0,7,0,3,0,0,2,2,1,1,1,1,0,0,2,0,0,0,0,1,0,0,1,1,1874.2,563,685.2,422.3,151.2,52.5,35,10,27.5,1,4,5,1,100,0
29,F,JAMAICA,CONCACAF,PANAMA,1?€0,WIN,43,4_1_4_1,MF,Substitutions,0,0,0,0,0,0,0,0,0,0,0,0,0,0,0,0,0,0,0,0,0,0,0,0,0,0,0,0,0,0,0,0,0,0,0,0,0,0,0,0,0,0,0,0,0,0,1,4,5,1,0,0
29,F,JAMAICA,CONCACAF,PANAMA,1?€0,WIN,43,4_1_4_1,MF,Substitutions,0,0,0,0,0,0,0,0,0,0,0,0,0,0,0,0,0,0,0,0,0,0,0,0,0,0,0,0,0,0,0,0,0,0,0,0,0,0,0,0,0,0,0,0,0,0,1,4,5,1,0,0
29,F,JAMAICA,CONCACAF,PANAMA,1?€0,WIN,43,4_1_4_1,MF,Substitutions,2,1,50%,0,0,0,2,1,50%,1,0,1,0,0,1,0,0,0,0,1,0,0,0,0,1,0,0,0,0,0,0,1,0,2,0,0,1,1130.8,354,445.2,235.7,39,56.8,20,7,27.7,1,4,5,1,0,0
29,F,JAMAICA,CONCACAF,PANAMA,1?€0,WIN,43,4_1_4_1,FW,Substitutions,7,3,43%,0,0,0,2,1,50%,1,0,1,1,0,9,0,1,0,1,5,2,4,1,0,0,1,2,7,1,0,1,0,2,2,1,1,1,3146.6,1462.2,901.2,558.2,172.4,52.9,46,15,29.7,1,4,5,1,0,0
29,F,JAMAICA,CONCACAF,PANAMA,1?€0,WIN,43,4_1_4_1,GK,Substitutions,0,0,0,0,0,0,0,0,0,0,0,0,0,0,0,0,0,0,0,0,0,0,0,0,0,0,0,0,0,0,0,0,0,0,0,0,0,0,0,0,0,0,0,0,0,0,1,4,5,1,0,0
13,F,PANAMA,CONCACAF,BRAZIL,0?€4,LOSE,52,5_4_1,DF,STARTING,12,6,50%,0,0,0,5,0,0,0,0,0,0,0,4,1,1,0,0,0,2,1,0,0,2,1,0,12,0,0,0,5,3,13,6,2,5,4904.8,1701,2054.6,875,236.4,38.3,83,17,25.6,0,5,4,1,0,0
13,F,PANAMA,CONCACAF,BRAZIL,0?€4,LOSE,52,5_4_1,DF,STARTING,26,13,50%,0,4,1,14,5,35%,0,0,0,1,0,32,8,0,1,1,4,18,4,4,1,2,2,4,20,1,0,1,5,5,40,11,4,3,10594.7,3479.3,3556.7,2411.4,734.2,413.2,219,67,28.1,0,5,4,1,25,25
13,F,PANAMA,CONCACAF,BRAZIL,0?€4,LOSE,52,5_4_1,DF,STARTING,25,15,60%,1,0,0,16,7,43%,1,0,1,0,0,2,0,0,0,0,0,2,1,6,1,4,1,4,2,0,0,1,6,0,6,2,4,8,8329.7,3432.7,3536,1075.4,239.1,46.6,103,17,25.6,0,5,4,1,16.66666667,0
13,F,PANAMA,CONCACAF,BRAZIL,0?€4,LOSE,52,5_4_1,MF,STARTING,21,14,67%,0,0,0,5,3,60%,0,0,0,1,0,36,17,14,0,2,0,3,5,2,1,1,0,9,25,1,0,1,5,7,47,16,3,4,11080.6,3112.6,4561.9,2814.5,533,58.7,216,34,26,0,5,4,1,50,0
13,F,PANAMA,CONCACAF,BRAZIL,0?€4,LOSE,52,5_4_1,FW,STARTING,9,7,78%,0,0,0,2,0,0%,5,5,0,0,0,6,1,3,1,0,1,0,2,2,0,2,0,2,49,1,0,2,1,0,31,15,0,1,5961.3,1739.5,2210.5,1691.8,285,34.6,125,24,25.3,0,5,4,1,0,0
13,F,PANAMA,CONCACAF,BRAZIL,0?€4,LOSE,52,5_4_1,MF,STARTING,12,5,42%,0,0,0,5,2,40%,2,2,0,1,0,20,5,8,1,1,4,1,3,6,2,2,1,8,38,3,0,3,1,6,16,9,4,2,8262.1,2904.9,3042.1,1804.4,406.5,104.1,148,32,29.1,0,5,4,1,33.33333333,0
13,F,PANAMA,CONCACAF,BRAZIL,0?€4,LOSE,52,5_4_1,MF,STARTING,5,4,80%,0,0,0,0,0,0,0,0,0,0,0,7,1,2,1,0,3,0,1,1,0,3,0,3,18,0,0,0,0,2,7,5,1,4,5927.1,2078.6,2116,1171.8,438.6,122.1,117,40,27.5,0,5,4,1,0,0
13,F,PANAMA,CONCACAF,BRAZIL,0?€4,LOSE,52,5_4_1,GK,STARTING,34,21,62%,0,0,0,15,7,46%,0,0,0,0,0,3,0,0,0,0,0,3,1,0,0,0,0,0,0,0,0,0,0,6,0,0,14,0,3221.5,2520.8,543.1,134,23.2,0,25,2,22.9,0,5,4,1,0,0
13,F,PANAMA,CONCACAF,BRAZIL,0?€4,LOSE,52,5_4_1,DF,STARTING,16,8,50%,0,0,0,7,2,28%,0,0,0,0,0,6,2,0,0,0,0,4,1,3,0,1,1,4,2,2,0,3,7,2,15,1,3,8,8485.5,3149.8,3776.9,1325.4,213,20.4,121,13,24.2,0,5,4,1,0,0
13,F,PANAMA,CONCACAF,BRAZIL,0?€4,LOSE,52,5_4_1,MF,STARTING,19,15,79%,1,0,0,3,3,100%,0,0,0,0,0,1,0,1,0,0,0,0,1,8,0,1,1,7,24,1,1,4,0,8,30,12,3,2,6489.1,2097.9,2452.9,1754.6,143.4,40.2,115,13,25.3,0,5,4,1,0,0
13,F,PANAMA,CONCACAF,BRAZIL,0?€4,LOSE,52,5_4_1,DF,STARTING,30,22,73%,0,0,0,15,11,73%,0,0,0,1,0,10,1,1,0,0,1,7,5,1,0,3,0,4,7,1,0,1,4,5,19,8,1,5,10538.7,2997.2,4423.1,2317.5,592.3,208.7,190,49,31.2,0,5,4,1,0,0
13,F,PANAMA,CONCACAF,BRAZIL,0?€4,LOSE,52,5_4_1,GK,Substitutions,0,0,0,0,0,0,0,0,0,0,0,0,0,0,0,0,0,0,0,0,0,0,0,0,0,0,0,0,0,0,0,0,0,0,0,0,0,0,0,0,0,0,0,0,0,0,0,5,4,1,0,0
13,F,PANAMA,CONCACAF,BRAZIL,0?€4,LOSE,52,5_4_1,DF,Substitutions,16,7,44%,0,0,0,10,2,20%,0,0,0,0,0,0,0,0,0,0,0,0,0,2,0,4,1,4,2,1,0,1,3,5,11,1,5,2,4624.1,1913,1609.7,736.2,252,113.3,67,20,29.3,0,5,4,1,0,0
13,F,PANAMA,CONCACAF,BRAZIL,0?€4,LOSE,52,5_4_1,MF,Substitutions,5,4,80%,1,0,0,1,0,0,1,0,1,0,0,10,2,8,0,0,0,0,2,3,0,2,0,5,6,0,0,0,0,1,13,6,2,1,3617.5,1042.9,1277.3,1131.9,150.8,14.5,68,9,26.2,0,5,4,1,0,0
13,F,PANAMA,CONCACAF,BRAZIL,0?€4,LOSE,52,5_4_1,MF,Substitutions,3,3,100%,0,2,0,2,1,50%,2,2,0,0,0,25,1,3,4,2,10,5,7,6,0,0,0,6,15,1,0,2,0,4,17,9,0,2,4951.8,1602.9,1459.8,1154.8,396.1,338.2,91,30,26.7,0,5,4,1,0,0
13,F,PANAMA,CONCACAF,BRAZIL,0?€4,LOSE,52,5_4_1,FW,Substitutions,5,1,20%,0,0,0,2,0,0,1,1,0,2,0,14,0,1,1,2,7,3,1,0,0,2,1,1,10,1,0,1,1,3,13,7,2,2,4910.1,1638,1145.5,1420.5,538.6,167.9,125,40,28.7,0,5,4,1,0,0
13,F,PANAMA,CONCACAF,BRAZIL,0?€4,LOSE,52,5_4_1,MF,Substitutions,3,3,100%,0,0,0,0,0,0,0,0,0,0,0,1,0,0,0,0,1,0,1,2,1,1,0,0,0,1,0,1,0,1,0,0,2,0,2038.9,535.4,646.3,695.3,132.7,29.2,47,9,24.8,0,5,4,1,50,0
13,F,PANAMA,CONCACAF,BRAZIL,0?€4,LOSE,52,5_4_1,DF,Substitutions,0,0,0,0,0,0,0,0,0,0,0,0,0,0,0,0,0,0,0,0,0,0,0,0,0,0,0,0,0,0,0,0,0,0,0,0,0,0,0,0,0,0,0,0,0,0,0,5,4,1,0,0
13,F,PANAMA,CONCACAF,BRAZIL,0?€4,LOSE,52,5_4_1,MF,Substitutions,0,0,0,0,0,0,0,0,0,0,0,0,0,0,0,0,0,0,0,0,0,0,0,0,0,0,0,0,0,0,0,0,0,0,0,0,0,0,0,0,0,0,0,0,0,0,0,5,4,1,0,0
13,F,PANAMA,CONCACAF,BRAZIL,0?€4,LOSE,52,5_4_1,FW,Substitutions,0,0,0,0,0,0,0,0,0,0,0,0,0,0,0,0,0,0,0,0,0,0,0,0,0,0,0,0,0,0,0,0,0,0,0,0,0,0,0,0,0,0,0,0,0,0,0,5,4,1,0,0
13,F,PANAMA,CONCACAF,BRAZIL,0?€4,LOSE,52,5_4_1,FW,Substitutions,3,3,100%,1,0,0,2,2,100%,2,2,0,1,0,5,0,2,0,0,2,1,3,1,0,0,0,1,7,0,0,0,0,1,1,0,0,0,2107.1,714.1,708.6,486.5,144.3,53.3,36,12,26.8,0,5,4,1,0,0
13,F,PANAMA,CONCACAF,BRAZIL,0?€4,LOSE,52,5_4_1,DF,Substitutions,0,0,0,0,0,0,0,0,0,0,0,0,0,0,0,0,0,0,0,0,0,0,0,0,0,0,0,0,0,0,0,0,0,0,0,0,0,0,0,0,0,0,0,0,0,0,0,5,4,1,0,0
13,F,PANAMA,CONCACAF,BRAZIL,0?€4,LOSE,52,5_4_1,GK,Substitutions,0,0,0,0,0,0,0,0,0,0,0,0,0,0,0,0,0,0,0,0,0,0,0,0,0,0,0,0,0,0,0,0,0,0,0,0,0,0,0,0,0,0,0,0,0,0,0,5,4,1,0,0
43,F,PANAMA,CONCACAF,FRANCE,3?€6,LOSE,52,5_4_1,DF,STARTING,27,15,56%,0,2,0,15,8,53%,0,0,0,0,0,4,1,0,0,0,3,0,1,2,1,4,0,5,9,1,0,1,9,7,12,3,6,6,9836.8,4086.2,3698.6,1479.4,408.2,165.3,136,38,28.7,3,5,4,1,50,0
43,F,PANAMA,CONCACAF,FRANCE,3?€6,LOSE,52,5_4_1,DF,STARTING,11,5,45%,0,0,0,8,3,37%,1,0,1,1,0,2,1,0,0,0,0,1,1,3,1,4,0,4,2,3,0,3,11,3,5,3,4,8,5553.2,2540.6,1908.6,838.5,204.9,61.1,73,20,32.7,3,5,4,1,33.33333333,0
43,F,PANAMA,CONCACAF,FRANCE,3?€6,LOSE,52,5_4_1,DF,STARTING,21,13,62%,0,0,0,14,9,64%,1,1,0,1,1,2,1,0,0,0,0,1,1,1,0,6,1,3,2,3,0,3,10,4,34,3,3,12,8808,3483.6,3665,1366.1,272.2,22,140,23,27,3,5,4,1,0,0
43,F,PANAMA,CONCACAF,FRANCE,3?€6,LOSE,52,5_4_1,MF,STARTING,11,5,45%,0,0,0,2,0,0,1,1,0,0,0,1,0,0,1,0,0,0,1,3,0,0,0,4,13,1,0,4,3,7,13,4,2,2,4846.4,1631.3,1756.8,1259.6,171.6,27.6,96,17,28.9,3,5,4,1,0,0
43,F,PANAMA,CONCACAF,FRANCE,3?€6,LOSE,52,5_4_1,MF,STARTING,4,1,25%,0,0,0,3,0,0,2,2,0,0,0,15,1,2,0,0,11,1,1,4,0,1,0,12,28,0,0,0,1,3,26,22,1,1,6664.2,2095.2,2250.5,1540.8,411.2,365.9,123,49,30,3,5,4,1,0,0
43,F,PANAMA,CONCACAF,FRANCE,3?€6,LOSE,52,5_4_1,FW,STARTING,28,16,57%,0,1,1,6,3,50%,4,2,2,4,1,20,3,6,0,2,5,4,9,4,1,1,0,5,26,6,0,6,0,9,15,8,3,0,9984.1,3981.7,3234.9,2289.4,373.4,103.8,177,34,27.6,3,5,4,1,25,100
43,F,PANAMA,CONCACAF,FRANCE,3?€6,LOSE,52,5_4_1,GK,STARTING,26,11,42%,0,0,0,17,5,29%,0,0,0,0,0,1,0,0,0,0,0,1,0,0,0,0,0,0,0,0,0,0,0,2,0,0,13,0,3798.1,2815.9,573.1,297.4,41,70.6,32,4,25.5,3,5,4,1,0,0
43,F,PANAMA,CONCACAF,FRANCE,3?€6,LOSE,52,5_4_1,MF,STARTING,5,4,80%,0,0,0,2,1,50%,0,0,0,0,0,29,2,5,1,3,13,5,4,1,0,1,0,4,31,0,0,1,0,4,28,18,0,0,8626.8,3207.5,2243,2412.1,523.6,241.6,184,52,32.8,3,5,4,1,0,0
43,F,PANAMA,CONCACAF,FRANCE,3?€6,LOSE,52,5_4_1,MF,STARTING,5,4,80%,0,0,0,4,3,75%,1,1,0,0,0,2,0,1,0,1,0,0,0,5,2,3,0,5,17,1,0,3,2,1,12,4,3,4,6923.9,1944.2,2802.1,1756.6,371.1,50.5,143,32,29.7,3,5,4,1,40,0
43,F,PANAMA,CONCACAF,FRANCE,3?€6,LOSE,52,5_4_1,MF,STARTING,16,9,56%,0,0,0,5,2,40%,0,0,0,0,0,10,2,4,1,0,2,1,0,10,4,2,0,13,25,3,0,3,3,7,21,15,6,4,10316.3,4003.8,3291.9,2443.9,479.7,98,204,41,27.9,3,5,4,1,40,0
43,F,PANAMA,CONCACAF,FRANCE,3?€6,LOSE,52,5_4_1,DF,STARTING,24,14,58%,0,0,0,11,6,54%,0,0,0,0,0,23,12,1,1,0,0,9,10,4,1,6,3,6,15,0,1,1,6,8,57,14,7,8,10679.3,3368.3,4108.3,2474.4,591.6,136.7,218,56,28.6,3,5,4,1,25,0
43,F,PANAMA,CONCACAF,FRANCE,3?€6,LOSE,52,5_4_1,GK,Substitutions,0,0,0,0,0,0,0,0,0,0,0,0,0,0,0,0,0,0,0,0,0,0,0,0,0,0,0,0,0,0,0,0,0,0,0,0,0,0,0,0,0,0,0,0,0,0,3,5,4,1,0,0
43,F,PANAMA,CONCACAF,FRANCE,3?€6,LOSE,52,5_4_1,DF,Substitutions,0,0,0,0,0,0,0,0,0,0,0,0,0,0,0,0,0,0,0,0,0,0,0,0,0,0,0,0,0,0,0,0,0,0,0,0,0,0,0,0,0,0,0,0,0,0,3,5,4,1,0,0
43,F,PANAMA,CONCACAF,FRANCE,3?€6,LOSE,52,5_4_1,MF,Substitutions,7,5,71%,0,0,0,1,1,100%,0,0,0,0,0,7,3,3,0,1,0,0,2,3,0,1,0,3,5,1,0,1,1,3,8,1,1,3,4711,1378,1768,1230.5,265.7,69.3,92,23,27,3,5,4,1,0,0
43,F,PANAMA,CONCACAF,FRANCE,3?€6,LOSE,52,5_4_1,FW,Substitutions,0,0,0,0,0,0,0,0,0,0,0,0,0,0,0,0,0,0,0,0,0,0,0,0,0,0,0,0,0,0,0,0,0,0,0,0,0,0,0,0,0,0,0,0,0,0,3,5,4,1,0,0
43,F,PANAMA,CONCACAF,FRANCE,3?€6,LOSE,52,5_4_1,MF,Substitutions,3,1,33%,0,0,0,0,0,0,0,0,0,0,0,7,0,2,2,1,2,0,2,2,0,0,0,2,3,0,0,0,0,1,3,2,0,2,2296.1,767.8,778.8,575.4,96.7,77.4,48,8,29.8,3,5,4,1,0,0
43,F,PANAMA,CONCACAF,FRANCE,3?€6,LOSE,52,5_4_1,DF,Substitutions,0,0,0,0,0,0,0,0,0,0,0,0,0,0,0,0,0,0,0,0,0,0,0,0,0,0,0,0,0,0,0,0,0,0,0,0,0,0,0,0,0,0,0,0,0,0,3,5,4,1,0,0
43,F,PANAMA,CONCACAF,FRANCE,3?€6,LOSE,52,5_4_1,DF,Substitutions,6,2,33%,0,0,0,2,0,0,0,0,0,0,0,0,0,0,0,0,0,0,0,3,2,1,0,3,1,0,0,0,5,2,5,3,4,4,3790.1,1475.9,1124.9,959.3,173.2,57.2,76,17,31.2,3,5,4,1,66.66666667,0
43,F,PANAMA,CONCACAF,FRANCE,3?€6,LOSE,52,5_4_1,MF,Substitutions,0,0,0,0,0,0,0,0,0,0,0,0,0,0,0,0,0,0,0,0,0,0,0,0,0,0,0,0,0,0,0,0,0,0,0,0,0,0,0,0,0,0,0,0,0,0,3,5,4,1,0,0
43,F,PANAMA,CONCACAF,FRANCE,3?€6,LOSE,52,5_4_1,FW,Substitutions,4,3,75%,0,0,0,1,0,0,1,0,1,0,0,10,0,1,0,1,4,4,2,2,0,1,1,4,12,1,0,1,1,5,6,4,2,1,4499,1433.4,1491.9,1069.4,363.5,141.3,96,24,27.4,3,5,4,1,0,0
43,F,PANAMA,CONCACAF,FRANCE,3?€6,LOSE,52,5_4_1,FW,Substitutions,10,7,70%,0,0,0,2,0,0,1,1,0,1,1,16,1,6,0,1,5,3,4,3,0,0,0,5,17,3,0,3,1,6,13,10,0,0,4842.5,1981.5,1759.7,897.3,127.4,77,74,12,27.4,3,5,4,1,0,0
43,F,PANAMA,CONCACAF,FRANCE,3?€6,LOSE,52,5_4_1,DF,Substitutions,0,0,0,0,0,0,0,0,0,0,0,0,0,0,0,0,0,0,0,0,0,0,0,0,0,0,0,0,0,0,0,0,0,0,0,0,0,0,0,0,0,0,0,0,0,0,3,5,4,1,0,0
43,F,PANAMA,CONCACAF,FRANCE,3?€6,LOSE,52,5_4_1,GK,Substitutions,0,0,0,0,0,0,0,0,0,0,0,0,0,0,0,0,0,0,0,0,0,0,0,0,0,0,0,0,0,0,0,0,0,0,0,0,0,0,0,0,0,0,0,0,0,0,3,5,4,1,0,0
29,F,PANAMA,CONCACAF,JAMAICA,0?€1,LOSE,52,4_2_3_1,DF,STARTING,37,25,68%,0,0,0,19,10,52%,0,0,0,1,0,17,4,0,0,0,0,13,7,8,1,8,1,7,7,1,0,3,7,6,19,5,6,9,8335.2,4058.4,2618.1,1321.1,220.9,116.7,121,25,27.6,0,4,5,1,12.5,0
29,F,PANAMA,CONCACAF,JAMAICA,0?€1,LOSE,52,4_2_3_1,DF,STARTING,40,34,85%,0,3,1,14,9,64%,1,0,1,0,0,25,9,1,0,0,4,11,11,6,2,6,3,7,5,0,0,0,9,8,14,4,8,8,9729.3,3443.2,3313.8,2333.1,477.7,160.5,191,39,29.6,0,4,5,1,33.33333333,33.33333333
29,F,PANAMA,CONCACAF,JAMAICA,0?€1,LOSE,52,4_2_3_1,DF,STARTING,42,32,76%,1,0,0,17,11,64%,3,1,2,0,0,3,2,0,0,0,0,1,2,3,1,5,2,4,3,2,0,2,10,5,3,1,6,10,8361.4,3143.1,3561.1,1373.8,251.7,31.8,132,20,24.4,0,4,5,1,33.33333333,0
29,F,PANAMA,CONCACAF,JAMAICA,0?€1,LOSE,52,4_2_3_1,MF,STARTING,16,11,69%,0,0,0,7,4,57%,2,0,2,0,0,10,5,2,2,0,0,1,4,8,2,2,1,8,10,0,0,0,1,10,15,6,4,4,4403.9,1582.8,1621.9,1102.3,97.3,0,82,11,28,0,4,5,1,25,0
29,F,PANAMA,CONCACAF,JAMAICA,0?€1,LOSE,52,4_2_3_1,DF,STARTING,27,15,56%,0,2,0,4,4,100%,5,2,3,2,0,49,1,5,5,2,22,14,16,5,1,2,0,8,12,0,0,2,0,10,6,2,2,1,11020.1,3666.4,3320.4,2781.5,663.4,589.6,210,65,29.6,0,4,5,1,20,0
29,F,PANAMA,CONCACAF,JAMAICA,0?€1,LOSE,52,4_2_3_1,MF,STARTING,27,24,89%,0,0,0,5,5,100%,0,0,0,3,0,16,8,6,0,0,1,1,5,4,1,0,0,4,12,0,0,2,3,14,12,5,2,3,8634.4,2365,3763.7,1936.7,445.5,124.3,159,36,28.3,0,4,5,1,25,0
29,F,PANAMA,CONCACAF,JAMAICA,0?€1,LOSE,52,4_2_3_1,FW,STARTING,41,22,54%,3,13,3,23,9,39%,3,1,2,5,0,51,9,15,2,11,4,10,12,4,2,2,0,6,15,1,0,1,1,13,19,12,4,1,10165,3603.5,3720.4,2427.4,358.8,54.9,178,26,27.7,0,4,5,1,50,23.07692308
29,F,PANAMA,CONCACAF,JAMAICA,0?€1,LOSE,52,4_2_3_1,GK,STARTING,32,26,81%,0,0,0,4,2,50%,0,0,0,0,0,10,0,0,0,0,0,10,6,1,0,0,0,0,0,0,0,0,1,4,0,0,8,0,3402.4,2496,647.8,224.6,34,0,30,3,28.5,0,4,5,1,0,0
29,F,PANAMA,CONCACAF,JAMAICA,0?€1,LOSE,52,4_2_3_1,MF,STARTING,11,7,64%,1,2,0,1,1,100%,4,3,1,0,0,34,1,5,1,0,15,12,4,4,1,2,0,6,12,6,0,6,1,5,15,6,5,1,10310.8,3876.8,2965.4,2471.5,727.9,269.1,197,62,29.5,0,4,5,1,25,0
29,F,PANAMA,CONCACAF,JAMAICA,0?€1,LOSE,52,4_2_3_1,MF,STARTING,8,8,100%,0,0,0,2,2,100%,1,0,1,0,0,14,0,5,0,0,9,0,3,1,1,3,0,1,14,3,0,4,2,3,12,7,4,1,6524.1,2529.4,2458.3,1068.6,279.2,188.5,90,27,29.5,0,4,5,1,100,0
29,F,PANAMA,CONCACAF,JAMAICA,0?€1,LOSE,52,4_2_3_1,DF,STARTING,38,30,79%,0,1,0,14,8,57%,0,0,0,0,0,10,3,0,1,0,2,4,4,5,0,2,0,8,11,2,0,2,5,6,10,6,2,5,8804.6,2718,3722.6,1812,418.2,133.8,149,33,31.5,0,4,5,1,0,0
29,F,PANAMA,CONCACAF,JAMAICA,0?€1,LOSE,52,4_2_3_1,GK,Substitutions,0,0,0,0,0,0,0,0,0,0,0,0,0,0,0,0,0,0,0,0,0,0,0,0,0,0,0,0,0,0,0,0,0,0,0,0,0,0,0,0,0,0,0,0,0,0,0,4,5,1,0,0
29,F,PANAMA,CONCACAF,JAMAICA,0?€1,LOSE,52,4_2_3_1,DF,Substitutions,5,5,100%,0,1,0,3,2,66%,0,0,0,0,0,5,0,0,0,0,1,4,3,0,0,0,0,0,2,0,0,0,0,0,0,0,0,0,1105.1,383.1,393.7,219.3,78.2,30.8,21,9,27.7,0,4,5,1,0,0
29,F,PANAMA,CONCACAF,JAMAICA,0?€1,LOSE,52,4_2_3_1,FW,Substitutions,12,9,75%,0,0,0,3,3,100%,0,0,0,0,0,8,1,1,0,0,6,0,2,1,1,0,0,1,16,1,0,2,0,1,7,3,1,0,3470.4,1068.5,1440.2,715.6,223.1,22.9,65,16,24.5,0,4,5,1,100,0
29,F,PANAMA,CONCACAF,JAMAICA,0?€1,LOSE,52,4_2_3_1,MF,Substitutions,0,0,0,0,0,0,0,0,0,0,0,0,0,0,0,0,0,0,0,0,0,0,0,0,0,0,0,0,0,0,0,0,0,0,0,0,0,0,0,0,0,0,0,0,0,0,0,4,5,1,0,0
29,F,PANAMA,CONCACAF,JAMAICA,0?€1,LOSE,52,4_2_3_1,MF,Substitutions,4,4,100%,0,0,0,1,1,100%,0,0,0,0,0,5,0,0,0,0,1,4,3,1,0,3,1,4,4,1,0,1,0,2,1,0,1,4,2143.6,557.3,911.9,475.7,100.7,98.2,41,11,26.8,0,4,5,1,0,0
29,F,PANAMA,CONCACAF,JAMAICA,0?€1,LOSE,52,4_2_3_1,DF,Substitutions,0,0,0,0,0,0,0,0,0,0,0,0,0,0,0,0,0,0,0,0,0,0,0,0,0,0,0,0,0,0,0,0,0,0,0,0,0,0,0,0,0,0,0,0,0,0,0,4,5,1,0,0
29,F,PANAMA,CONCACAF,JAMAICA,0?€1,LOSE,52,4_2_3_1,DF,Substitutions,0,0,0,0,0,0,0,0,0,0,0,0,0,0,0,0,0,0,0,0,0,0,0,0,0,0,0,0,0,0,0,0,0,0,0,0,0,0,0,0,0,0,0,0,0,0,0,4,5,1,0,0
29,F,PANAMA,CONCACAF,JAMAICA,0?€1,LOSE,52,4_2_3_1,MF,Substitutions,0,0,0,0,0,0,0,0,0,0,0,0,0,0,0,0,0,0,0,0,0,0,0,0,0,0,0,0,0,0,0,0,0,0,0,0,0,0,0,0,0,0,0,0,0,0,0,4,5,1,0,0
29,F,PANAMA,CONCACAF,JAMAICA,0?€1,LOSE,52,4_2_3_1,FW,Substitutions,0,0,0,0,0,0,0,0,0,0,0,0,0,0,0,0,0,0,0,0,0,0,0,0,0,0,0,0,0,0,0,0,0,0,0,0,0,0,0,0,0,0,0,0,0,0,0,4,5,1,0,0
29,F,PANAMA,CONCACAF,JAMAICA,0?€1,LOSE,52,4_2_3_1,MF,Substitutions,26,19,73%,0,0,0,11,8,72%,1,1,0,1,0,8,1,1,0,0,6,0,2,4,2,0,1,6,8,1,0,1,1,5,11,2,4,2,5039.2,1794,1751.6,1326.8,138.1,28.7,92,12,25.7,0,4,5,1,50,0
29,F,PANAMA,CONCACAF,JAMAICA,0?€1,LOSE,52,4_2_3_1,DF,Substitutions,0,0,0,0,0,0,0,0,0,0,0,0,0,0,0,0,0,0,0,0,0,0,0,0,0,0,0,0,0,0,0,0,0,0,0,0,0,0,0,0,0,0,0,0,0,0,0,4,5,1,0,0
29,F,PANAMA,CONCACAF,JAMAICA,0?€1,LOSE,52,4_2_3_1,GK,Substitutions,0,0,0,0,0,0,0,0,0,0,0,0,0,0,0,0,0,0,0,0,0,0,0,0,0,0,0,0,0,0,0,0,0,0,0,0,0,0,0,0,0,0,0,0,0,0,0,4,5,1,0,0
14,G,ARGENTINA,CONMEBOL,ITALY,0?€1,LOSE,28,4_2_3_1,GK,STARTING,20,18,90%,0,0,0,7,5,71%,0,0,0,0,0,0,0,0,0,0,0,0,0,0,0,0,0,0,0,0,0,0,0,0,0,0,5,0,2766.5,2405.5,267.5,93.5,0,0,16,0,23.4,0,4,5,1,0,0
14,G,ARGENTINA,CONMEBOL,ITALY,0?€1,LOSE,28,4_2_3_1,DF,STARTING,54,44,81%,0,3,1,21,14,66%,1,0,1,1,0,13,3,1,0,0,2,7,6,6,1,5,1,4,9,1,1,2,7,5,23,6,7,5,9551.3,3308.6,3387.8,2104.1,552.1,198.7,180,52,30.4,0,4,5,1,16.66666667,33.33333333
14,G,ARGENTINA,CONMEBOL,ITALY,0?€1,LOSE,28,4_2_3_1,DF,STARTING,19,13,68%,1,0,0,9,4,44%,0,0,0,0,0,19,4,2,0,0,0,13,4,5,1,1,1,8,5,2,0,2,8,7,10,6,8,4,8321.4,3257.8,3038.1,1467.1,347.8,210.5,129,33,30.9,0,4,5,1,20,0
14,G,ARGENTINA,CONMEBOL,ITALY,0?€1,LOSE,28,4_2_3_1,MF,STARTING,19,15,79%,0,2,0,2,1,50%,0,0,0,0,0,23,1,2,2,4,8,6,6,8,1,1,0,3,27,0,1,1,1,5,27,12,3,5,8125.9,2716.5,2770.1,1968.9,547.7,122.7,180,54,31.9,0,4,5,1,12.5,0
14,G,ARGENTINA,CONMEBOL,ITALY,0?€1,LOSE,28,4_2_3_1,MF,STARTING,22,16,73%,0,0,0,7,5,71%,3,2,1,0,0,38,9,17,3,0,0,9,9,1,0,3,0,5,20,1,0,2,7,7,14,4,6,6,8806.3,2985.4,3386.9,1719.9,520.5,194.6,165,57,30.8,0,4,5,1,0,0
14,G,ARGENTINA,CONMEBOL,ITALY,0?€1,LOSE,28,4_2_3_1,DF,STARTING,53,27,51%,1,2,1,31,14,45%,1,1,0,0,0,14,1,1,0,0,0,12,11,5,0,7,0,1,5,4,0,4,9,2,18,1,5,13,9897.1,3133.4,4141.9,1979.4,522.6,119.8,197,43,30.9,0,4,5,1,0,50
14,G,ARGENTINA,CONMEBOL,ITALY,0?€1,LOSE,28,4_2_3_1,DF,STARTING,15,13,87%,0,0,0,6,6,100%,1,0,1,0,0,10,3,1,0,0,0,6,1,6,2,5,1,9,7,1,0,2,6,3,41,6,9,6,9262.5,3574.4,2931.6,2210,474.2,73.2,195,49,32.6,0,4,5,1,33.33333333,0
14,G,ARGENTINA,CONMEBOL,ITALY,0?€1,LOSE,28,4_2_3_1,MF,STARTING,30,22,73%,0,2,0,10,2,20%,7,5,2,2,0,51,5,13,2,3,19,9,15,5,0,1,0,8,20,3,0,3,1,5,19,12,2,0,10527.9,3286.8,3141.5,2985.7,763.3,350.6,247,69,30.5,0,4,5,1,0,0
14,G,ARGENTINA,CONMEBOL,ITALY,0?€1,LOSE,28,4_2_3_1,MF,STARTING,53,43,81%,3,0,0,16,12,75%,1,1,0,0,0,53,28,18,1,1,0,5,17,4,0,2,2,7,13,0,0,4,4,10,16,7,6,4,10079.4,3129.7,3498.6,2744.6,560.4,146.2,214,55,29.4,0,4,5,1,0,0
14,G,ARGENTINA,CONMEBOL,ITALY,0?€1,LOSE,28,4_2_3_1,FW,STARTING,14,9,64%,0,0,0,4,2,50%,0,0,0,2,0,31,0,20,1,2,7,1,6,4,0,1,0,2,44,5,0,6,1,4,27,19,1,2,8514.2,3273.7,2845.4,1655.2,378,361.9,152,45,32.9,0,4,5,1,0,0
14,G,ARGENTINA,CONMEBOL,ITALY,0?€1,LOSE,28,4_2_3_1,MF,STARTING,56,46,82%,1,1,0,12,7,58%,11,7,4,1,0,66,9,18,5,2,2,30,24,1,1,2,2,1,25,0,0,0,4,11,32,16,5,4,9847.5,3615,2992.6,2609.6,457.9,171.3,195,44,30,0,4,5,1,100,0
14,G,ARGENTINA,CONMEBOL,ITALY,0?€1,LOSE,28,4_2_3_1,DF,Substitutions,0,0,0,0,0,0,0,0,0,0,0,0,0,0,0,0,0,0,0,0,0,0,0,0,0,0,0,0,0,0,0,0,0,0,0,0,0,0,0,0,0,0,0,0,0,0,0,4,5,1,0,0
14,G,ARGENTINA,CONMEBOL,ITALY,0?€1,LOSE,28,4_2_3_1,DF,Substitutions,0,0,0,0,0,0,0,0,0,0,0,0,0,0,0,0,0,0,0,0,0,0,0,0,0,0,0,0,0,0,0,0,0,0,0,0,0,0,0,0,0,0,0,0,0,0,0,4,5,1,0,0
14,G,ARGENTINA,CONMEBOL,ITALY,0?€1,LOSE,28,4_2_3_1,MF,Substitutions,0,0,0,0,0,0,0,0,0,0,0,0,0,0,0,0,0,0,0,0,0,0,0,0,0,0,0,0,0,0,0,0,0,0,0,0,0,0,0,0,0,0,0,0,0,0,0,4,5,1,0,0
14,G,ARGENTINA,CONMEBOL,ITALY,0?€1,LOSE,28,4_2_3_1,FW,Substitutions,0,0,0,0,0,0,0,0,0,0,0,0,0,0,2,0,0,0,0,1,1,1,0,0,0,0,0,1,0,0,0,0,0,0,0,0,0,616.1,163.6,207.9,128.1,38.6,77.8,9,4,28.2,0,4,5,1,0,0
14,G,ARGENTINA,CONMEBOL,ITALY,0?€1,LOSE,28,4_2_3_1,MF,Substitutions,4,3,75%,0,0,0,0,0,0,0,0,0,0,0,7,0,7,0,0,0,0,2,0,0,0,0,3,2,0,0,0,0,2,1,1,0,0,708.6,218.6,169.8,214,84.7,21.5,11,4,30.6,0,4,5,1,0,0
14,G,ARGENTINA,CONMEBOL,ITALY,0?€1,LOSE,28,4_2_3_1,FW,Substitutions,8,5,62%,0,0,0,3,1,33%,1,1,0,0,0,7,0,0,1,0,3,3,2,1,1,0,0,2,2,2,0,2,0,1,0,0,1,0,2132.1,703.2,784,458.8,99.8,86.1,41,11,28.5,0,4,5,1,100,0
14,G,ARGENTINA,CONMEBOL,ITALY,0?€1,LOSE,28,4_2_3_1,GK,Substitutions,0,0,0,0,0,0,0,0,0,0,0,0,0,0,0,0,0,0,0,0,0,0,0,0,0,0,0,0,0,0,0,0,0,0,0,0,0,0,0,0,0,0,0,0,0,0,0,4,5,1,0,0
14,G,ARGENTINA,CONMEBOL,ITALY,0?€1,LOSE,28,4_2_3_1,MF,Substitutions,0,0,0,0,0,0,0,0,0,0,0,0,0,0,0,0,0,0,0,0,0,0,0,0,0,0,0,0,0,0,0,0,0,0,0,0,0,0,0,0,0,0,0,0,0,0,0,4,5,1,0,0
14,G,ARGENTINA,CONMEBOL,ITALY,0?€1,LOSE,28,4_2_3_1,DF,Substitutions,0,0,0,0,0,0,0,0,0,0,0,0,0,0,0,0,0,0,0,0,0,0,0,0,0,0,0,0,0,0,0,0,0,0,0,0,0,0,0,0,0,0,0,0,0,0,0,4,5,1,0,0
14,G,ARGENTINA,CONMEBOL,ITALY,0?€1,LOSE,28,4_2_3_1,FW,Substitutions,0,0,0,0,0,0,0,0,0,0,0,0,0,0,0,0,0,0,0,0,0,0,0,0,0,0,0,0,0,0,0,0,0,0,0,0,0,0,0,0,0,0,0,0,0,0,0,4,5,1,0,0
14,G,ARGENTINA,CONMEBOL,ITALY,0?€1,LOSE,28,4_2_3_1,FW,Substitutions,0,0,0,0,0,0,0,0,0,0,0,0,0,0,0,0,0,0,0,0,0,0,0,0,0,0,0,0,0,0,0,0,0,0,0,0,0,0,0,0,0,0,0,0,0,0,0,4,5,1,0,0
14,G,ARGENTINA,CONMEBOL,ITALY,0?€1,LOSE,28,4_2_3_1,GK,Substitutions,0,0,0,0,0,0,0,0,0,0,0,0,0,0,0,0,0,0,0,0,0,0,0,0,0,0,0,0,0,0,0,0,0,0,0,0,0,0,0,0,0,0,0,0,0,0,0,4,5,1,0,0
27,G,ARGENTINA,CONMEBOL,SOUTH AFRICA,2?€2,DRAW,28,4_2_3_1,GK,STARTING,23,22,96%,0,0,0,6,5,83%,0,0,0,0,0,0,0,0,0,0,0,0,0,0,0,0,0,0,0,0,0,0,0,2,0,0,7,0,3165.6,2713.2,338.1,104.5,9.8,0,13,1,21.9,2,4,5,1,0,0
27,G,ARGENTINA,CONMEBOL,SOUTH AFRICA,2?€2,DRAW,28,4_2_3_1,DF,STARTING,48,40,83%,0,6,3,26,19,73%,1,0,1,0,0,29,11,0,1,3,7,7,7,5,2,2,1,4,6,2,0,2,9,7,30,5,9,7,10481.7,3354.1,3845.7,2578.5,472.7,230.6,205,33,28.1,2,4,5,1,40,50
27,G,ARGENTINA,CONMEBOL,SOUTH AFRICA,2?€2,DRAW,28,4_2_3_1,DF,STARTING,55,43,78%,1,0,0,21,13,61%,1,1,0,0,0,13,4,0,0,1,0,8,7,8,1,4,2,10,6,1,0,1,12,17,1,1,10,15,9271.7,3540.9,3282.2,1863.6,400.5,184.5,147,33,29,2,4,5,1,12.5,0
27,G,ARGENTINA,CONMEBOL,SOUTH AFRICA,2?€2,DRAW,28,4_2_3_1,MF,STARTING,27,26,96%,0,0,0,5,5,100%,0,0,0,0,0,23,14,8,0,0,0,1,10,4,0,0,0,4,6,1,0,1,1,6,10,4,0,2,5287,1728.9,2253.9,1003.5,230.5,70.3,93,18,26.3,2,4,5,1,0,0
27,G,ARGENTINA,CONMEBOL,SOUTH AFRICA,2?€2,DRAW,28,4_2_3_1,FW,STARTING,11,10,91%,0,2,0,0,0,0,3,1,2,0,0,45,2,6,3,1,25,8,8,4,1,0,0,5,15,4,0,4,0,3,18,5,2,1,7191.3,2451.5,2409.1,1709.4,463.8,156.8,132,34,28,2,4,5,1,25,0
27,G,ARGENTINA,CONMEBOL,SOUTH AFRICA,2?€2,DRAW,28,4_2_3_1,DF,STARTING,60,47,78%,0,0,0,23,15,65%,1,1,0,1,1,67,34,15,1,2,1,14,21,7,3,4,0,8,10,3,0,3,5,9,14,5,8,6,11222,3450.8,4538.2,2604.6,496,131.3,220,37,26.2,2,4,5,1,42.85714286,0
27,G,ARGENTINA,CONMEBOL,SOUTH AFRICA,2?€2,DRAW,28,4_2_3_1,DF,STARTING,54,50,93%,0,0,0,22,20,90%,2,0,2,0,0,23,5,0,0,0,0,18,15,4,0,1,0,3,3,4,0,4,6,4,8,1,3,6,10353.6,3799.8,3452.9,2380.3,569.4,152.2,213,44,28,2,4,5,1,0,0
27,G,ARGENTINA,CONMEBOL,SOUTH AFRICA,2?€2,DRAW,28,4_2_3_1,MF,STARTING,40,27,68%,2,3,1,10,4,40%,7,4,3,3,0,78,18,23,5,1,25,6,32,2,0,3,0,6,25,4,1,5,2,14,16,7,3,4,11142.3,3791.7,3320.4,3061.9,730.9,237.3,237,59,26.6,2,4,5,1,0,33.33333333
27,G,ARGENTINA,CONMEBOL,SOUTH AFRICA,2?€2,DRAW,28,4_2_3_1,MF,STARTING,45,39,87%,1,0,0,18,13,72%,0,0,0,0,0,39,19,13,1,0,1,5,17,3,1,3,1,4,9,1,0,1,1,4,4,0,2,2,5355.1,1584,2153.3,1290,292.4,35.9,111,18,24.6,2,4,5,1,33.33333333,0
27,G,ARGENTINA,CONMEBOL,SOUTH AFRICA,2?€2,DRAW,28,4_2_3_1,MF,STARTING,20,13,65%,0,1,0,5,1,20%,2,1,1,2,0,40,0,18,2,1,11,8,12,1,1,1,0,3,7,2,0,2,2,5,10,5,3,1,6535.7,2882.3,2064.6,1207.2,268,114.4,108,22,25.7,2,4,5,1,100,0
27,G,ARGENTINA,CONMEBOL,SOUTH AFRICA,2?€2,DRAW,28,4_2_3_1,MF,STARTING,49,41,84%,0,2,0,13,8,61%,3,2,1,0,0,29,9,4,2,1,6,7,8,4,3,2,2,3,30,1,0,2,2,4,18,12,8,1,10922.7,4053.4,3167.6,2986.3,569.1,146.4,228,51,26,2,4,5,1,75,0
27,G,ARGENTINA,CONMEBOL,SOUTH AFRICA,2?€2,DRAW,28,4_2_3_1,DF,Substitutions,0,0,0,0,0,0,0,0,0,0,0,0,0,0,0,0,0,0,0,0,0,0,0,0,0,0,0,0,0,0,0,0,0,0,0,0,0,0,0,0,0,0,0,0,0,0,2,4,5,1,0,0
27,G,ARGENTINA,CONMEBOL,SOUTH AFRICA,2?€2,DRAW,28,4_2_3_1,DF,Substitutions,22,17,77%,0,0,0,7,4,57%,1,1,0,0,0,20,7,1,0,1,8,3,6,3,2,0,0,2,6,1,0,1,2,4,6,4,2,1,5800.4,2011,1903.1,1343.4,464,79.5,113,32,24.6,2,4,5,1,66.66666667,0
27,G,ARGENTINA,CONMEBOL,SOUTH AFRICA,2?€2,DRAW,28,4_2_3_1,MF,Substitutions,0,0,0,0,0,0,0,0,0,0,0,0,0,0,0,0,0,0,0,0,0,0,0,0,0,0,0,0,0,0,0,0,0,0,0,0,0,0,0,0,0,0,0,0,0,0,2,4,5,1,0,0
27,G,ARGENTINA,CONMEBOL,SOUTH AFRICA,2?€2,DRAW,28,4_2_3_1,MF,Substitutions,32,24,75%,1,4,0,9,4,44%,0,0,0,2,1,23,8,8,0,3,4,0,13,3,1,2,0,2,11,0,0,0,1,8,3,2,1,4,5689,1550.8,2560,1297.7,166.7,113.8,99,15,26.8,2,4,5,1,33.33333333,0
27,G,ARGENTINA,CONMEBOL,SOUTH AFRICA,2?€2,DRAW,28,4_2_3_1,MF,Substitutions,0,0,0,0,0,0,0,0,0,0,0,0,0,0,0,0,0,0,0,0,0,0,0,0,0,0,0,0,0,0,0,0,0,0,0,0,0,0,0,0,0,0,0,0,0,0,2,4,5,1,0,0
27,G,ARGENTINA,CONMEBOL,SOUTH AFRICA,2?€2,DRAW,28,4_2_3_1,FW,Substitutions,13,7,54%,0,2,1,4,2,50%,0,0,0,1,0,0,0,0,0,0,0,0,0,2,0,0,0,5,8,0,0,0,2,3,11,4,0,2,4286.7,1300.2,1475.1,1163.4,260.6,87.4,89,23,29.6,2,4,5,1,0,50
27,G,ARGENTINA,CONMEBOL,SOUTH AFRICA,2?€2,DRAW,28,4_2_3_1,GK,Substitutions,0,0,0,0,0,0,0,0,0,0,0,0,0,0,0,0,0,0,0,0,0,0,0,0,0,0,0,0,0,0,0,0,0,0,0,0,0,0,0,0,0,0,0,0,0,0,2,4,5,1,0,0
27,G,ARGENTINA,CONMEBOL,SOUTH AFRICA,2?€2,DRAW,28,4_2_3_1,MF,Substitutions,0,0,0,0,0,0,0,0,0,0,0,0,0,0,0,0,0,0,0,0,0,0,0,0,0,0,0,0,0,0,0,0,0,0,0,0,0,0,0,0,0,0,0,0,0,0,2,4,5,1,0,0
27,G,ARGENTINA,CONMEBOL,SOUTH AFRICA,2?€2,DRAW,28,4_2_3_1,DF,Substitutions,0,0,0,0,0,0,0,0,0,0,0,0,0,0,0,0,0,0,0,0,0,0,0,0,0,0,0,0,0,0,0,0,0,0,0,0,0,0,0,0,0,0,0,0,0,0,2,4,5,1,0,0
27,G,ARGENTINA,CONMEBOL,SOUTH AFRICA,2?€2,DRAW,28,4_2_3_1,FW,Substitutions,0,0,0,0,0,0,0,0,0,0,0,0,0,0,9,0,4,0,1,4,0,3,0,0,0,0,0,0,0,0,0,0,0,0,0,0,0,0,0,0,0,0,0,0,0,0,2,4,5,1,0,0
27,G,ARGENTINA,CONMEBOL,SOUTH AFRICA,2?€2,DRAW,28,4_2_3_1,FW,Substitutions,5,2,40%,0,0,0,0,0,0%,1,1,0,1,0,0,0,0,0,0,0,0,0,0,0,0,0,0,4,0,0,0,0,1,3,3,0,0,2811.6,1072.1,783,625.3,173.5,157.5,55,21,28.4,2,4,5,1,0,0
27,G,ARGENTINA,CONMEBOL,SOUTH AFRICA,2?€2,DRAW,28,4_2_3_1,GK,Substitutions,0,0,0,0,0,0,0,0,0,0,0,0,0,0,34,6,3,1,0,9,15,8,0,0,0,0,0,0,0,0,0,0,0,0,0,0,0,0,0,0,0,0,0,0,0,0,2,4,5,1,0,0
45,G,ARGENTINA,CONMEBOL,SWEDEN,0?€2,LOSE,28,4_1_4_1,GK,STARTING,18,14,0.78,0,0,0,3,2,0.66,0,0,0,0,0,0,0,0,0,0,0,0,0,0,0,0,0,0,0,0,0,0,0,0,0,0,8,0,3457.3,2937,478.1,42.2,0,0,0,0,23.2,0,4,5,1,0,0
45,G,ARGENTINA,CONMEBOL,SWEDEN,0?€2,LOSE,28,4_1_4_1,DF,STARTING,14,9,0.64,0,0,0,7,5,0.71,0,0,0,0,0,3,0,0,0,0,0,3,0,4,2,2,0,3,4,1,0,1,5,4,12,3,4,1,8196.8,3800,2907.4,1277.1,142.6,68.9,122,15,29,0,4,5,1,50,0
45,G,ARGENTINA,CONMEBOL,SWEDEN,0?€2,LOSE,28,4_1_4_1,DF,STARTING,46,28,0.61,0,2,0,26,11,0.42,2,1,1,0,0,12,2,0,0,0,2,8,6,8,0,2,4,6,8,1,0,1,3,4,19,7,5,5,9524.6,3305,3809.9,2013.5,277.2,120,168,25,30.1,0,4,5,1,0,0
45,G,ARGENTINA,CONMEBOL,SWEDEN,0?€2,LOSE,28,4_1_4_1,DF,STARTING,34,25,0.74,0,0,0,11,9,0.81,1,1,0,0,0,21,10,2,0,0,2,7,8,2,1,5,1,3,13,1,0,2,4,2,25,6,6,6,7361.9,2657.6,2729.8,1473.1,284.9,217.2,130,29,32.3,0,4,5,1,50,0
45,G,ARGENTINA,CONMEBOL,SWEDEN,0?€2,LOSE,28,4_1_4_1,DF,STARTING,35,31,0.89,2,0,0,28,25,0.89,1,0,1,0,0,7,1,0,0,0,0,6,7,4,2,3,0,9,3,3,1,4,9,3,3,1,8,5,8357.2,3492.5,3144.8,1404,206.4,109.5,122,27,32.6,0,4,5,1,50,0
45,G,ARGENTINA,CONMEBOL,SWEDEN,0?€2,LOSE,28,4_1_4_1,FW,STARTING,21,16,0.76,0,3,1,5,1,0.2,3,3,0,0,0,30,5,2,0,2,15,6,9,4,1,2,0,5,25,1,0,1,4,10,16,9,2,3,10122.9,3280.8,4172.7,2249.3,395.8,24.3,168,30,27.2,0,4,5,1,25,33.33333333
45,G,ARGENTINA,CONMEBOL,SWEDEN,0?€2,LOSE,28,4_1_4_1,MF,STARTING,35,26,0.74,2,0,0,8,4,0.5,0,0,0,0,0,36,26,7,1,0,1,1,11,4,1,6,0,5,15,0,0,0,9,6,15,2,3,11,10776.8,3140.4,4446.5,2763.2,371.8,55,213,32,28.5,0,4,5,1,25,0
45,G,ARGENTINA,CONMEBOL,SWEDEN,0?€2,LOSE,28,4_1_4_1,MF,STARTING,9,4,0.44,0,0,0,2,1,0.5,3,3,0,0,0,15,2,2,3,1,5,2,4,0,0,6,0,3,7,0,0,2,0,3,7,4,4,3,3733.4,1230.1,1246.9,913.2,245.7,97.1,75,20,33,0,4,5,1,0,0
45,G,ARGENTINA,CONMEBOL,SWEDEN,0?€2,LOSE,28,4_1_4_1,MF,STARTING,22,17,0.77,1,0,0,4,3,0.75,2,1,1,0,0,9,4,5,0,0,0,0,1,8,3,2,0,11,13,0,0,0,0,6,19,7,5,3,7742.7,2512.5,2747.9,2212.1,261.7,8.5,154,19,27.5,0,4,5,1,37.5,0
45,G,ARGENTINA,CONMEBOL,SWEDEN,0?€2,LOSE,28,4_1_4_1,FW,STARTING,24,15,0.62,0,1,0,2,1,0.5,0,0,0,2,0,24,2,8,1,3,7,3,10,4,0,1,1,0,40,2,1,3,1,8,45,17,5,2,8337.9,3130.1,2745.7,1842.7,547.8,71.7,145,38,25.7,0,4,5,1,0,0
45,G,ARGENTINA,CONMEBOL,SWEDEN,0?€2,LOSE,28,4_1_4_1,FW,STARTING,35,27,0.77,0,1,0,10,8,0.8,7,2,5,2,0,37,9,6,1,5,7,9,16,4,0,2,2,0,21,0,0,0,1,5,20,11,3,3,10925.2,3454.5,3889.4,2886.4,635.8,59,222,53,28.4,0,4,5,1,0,0
45,G,ARGENTINA,CONMEBOL,SWEDEN,0?€2,LOSE,28,4_1_4_1,MF,Substitutions,0,0,0,0,0,0,0,0,0,0,0,0,0,0,0,0,0,0,0,0,0,0,0,0,0,0,0,0,0,0,0,0,0,0,0,0,0,0,0,0,0,0,0,0,0,0,0,4,5,1,0,0
45,G,ARGENTINA,CONMEBOL,SWEDEN,0?€2,LOSE,28,4_1_4_1,MF,Substitutions,12,8,0.67,0,0,0,4,3,0.75,0,0,0,0,0,7,1,4,0,0,2,0,2,3,0,1,0,4,10,1,0,1,0,4,6,2,0,2,4824.3,1373,1883.4,1394.2,133.2,40.5,102,11,26.9,0,4,5,1,0,0
45,G,ARGENTINA,CONMEBOL,SWEDEN,0?€2,LOSE,28,4_1_4_1,FW,Substitutions,0,0,0,0,0,0,0,0,0,0,0,0,0,0,0,0,0,0,0,0,0,0,0,0,0,0,0,0,0,0,0,0,0,0,0,0,0,0,0,0,0,0,0,0,0,0,0,4,5,1,0,0
45,G,ARGENTINA,CONMEBOL,SWEDEN,0?€2,LOSE,28,4_1_4_1,MF,Substitutions,8,6,0.75,0,0,0,2,1,0.5,0,0,0,0,0,4,2,0,0,0,2,0,0,1,1,1,0,3,2,0,0,1,1,2,7,3,3,0,2822.8,832.4,1034.8,794.9,111.5,48.8,61,9,26.7,0,4,5,1,100,0
45,G,ARGENTINA,CONMEBOL,SWEDEN,0?€2,LOSE,28,4_1_4_1,FW,Substitutions,3,1,0.33,0,1,0,3,0,0,2,1,1,0,0,4,0,1,0,0,2,1,2,1,0,0,0,2,8,0,0,0,0,0,5,3,0,0,1814.5,600.6,600.1,475.4,124.7,13.8,34,9,25.1,0,4,5,1,0,0
45,G,ARGENTINA,CONMEBOL,SWEDEN,0?€2,LOSE,28,4_1_4_1,GK,Substitutions,0,0,0,0,0,0,0,0,0,0,0,0,0,0,0,0,0,0,0,0,0,0,0,0,0,0,0,0,0,0,0,0,0,0,0,0,0,0,0,0,0,0,0,0,0,0,0,4,5,1,0,0
45,G,ARGENTINA,CONMEBOL,SWEDEN,0?€2,LOSE,28,4_1_4_1,MF,Substitutions,0,0,0,0,0,0,0,0,0,0,0,0,0,0,0,0,0,0,0,0,0,0,0,0,0,0,0,0,0,0,0,0,0,0,0,0,0,0,0,0,0,0,0,0,0,0,0,4,5,1,0,0
45,G,ARGENTINA,CONMEBOL,SWEDEN,0?€2,LOSE,28,4_1_4_1,DF,Substitutions,5,4,0.8,0,0,0,2,2,1,0,0,0,0,0,5,0,0,0,0,0,5,2,0,0,1,1,0,3,1,0,2,1,1,3,2,3,1,2495,877.5,929.6,489.3,179.4,19,45,10,25.9,0,4,5,1,0,0
45,G,ARGENTINA,CONMEBOL,SWEDEN,0?€2,LOSE,28,4_1_4_1,FW,Substitutions,0,0,0,0,0,0,0,0,0,0,0,0,0,0,0,0,0,0,0,0,0,0,0,0,0,0,0,0,0,0,0,0,0,0,0,0,0,0,0,0,0,0,0,0,0,0,0,4,5,1,0,0
45,G,ARGENTINA,CONMEBOL,SWEDEN,0?€2,LOSE,28,4_1_4_1,FW,Substitutions,5,3,0.6,0,0,0,1,0,0,0,0,0,1,0,4,0,2,0,0,2,0,1,0,0,1,0,1,7,1,0,1,0,1,4,2,0,0,1748,569.1,599.9,434.7,90.7,53.5,36,11,31.7,0,4,5,1,0,0
45,G,ARGENTINA,CONMEBOL,SWEDEN,0?€2,LOSE,28,4_1_4_1,GK,Substitutions,0,0,0,0,0,0,0,0,0,0,0,0,0,0,0,0,0,0,0,0,0,0,0,0,0,0,0,0,0,0,0,0,0,0,0,0,0,0,0,0,0,0,0,0,0,0,0,4,5,1,0,0
14,G,ITALY,UEFA,ARGENTINA,1?€0,WIN,16,4_2_3_1,DF,STARTING,47,37,79%,0,1,0,16,9,56%,1,1,0,0,0,22,5,1,0,0,3,13,10,7,0,1,0,4,10,0,0,0,5,3,22,9,2,6,10437.7,3084.3,3596.8,2871.4,589.7,295.4,228,70,29.7,1,4,5,1,0,0
14,G,ITALY,UEFA,ARGENTINA,1?€0,WIN,16,4_2_3_1,DF,STARTING,53,52,98%,2,0,0,6,6,100%,0,0,0,0,0,10,2,1,0,0,0,7,4,2,0,2,1,1,5,3,0,3,4,7,7,2,5,4,8263.8,3337.8,2746.9,1759.4,337.2,81.8,156,37,29.3,1,4,5,1,0,0
14,G,ITALY,UEFA,ARGENTINA,1?€0,WIN,16,4_2_3_1,MF,STARTING,43,36,84%,0,2,0,14,10,71%,2,1,1,3,0,35,21,6,0,4,1,3,13,4,0,6,1,11,21,1,0,1,2,16,22,9,5,5,10231.4,2792.1,3870.5,2864.8,499.3,204.6,235,57,30.8,1,4,5,1,0,0
14,G,ITALY,UEFA,ARGENTINA,1?€0,WIN,16,4_2_3_1,MF,STARTING,26,9,35%,0,5,2,15,7,46%,4,2,2,1,0,46,6,6,0,1,9,24,18,7,1,2,0,7,28,2,0,4,1,9,30,17,2,3,9779.1,3725.8,2847.7,2244.3,608.3,354,190,63,32.1,1,4,5,1,14.28571429,40
14,G,ITALY,UEFA,ARGENTINA,1?€0,WIN,16,4_2_3_1,FW,STARTING,4,3,75%,0,0,0,1,1,100%,1,1,0,1,0,30,1,10,0,1,18,0,3,1,0,0,0,2,19,1,1,2,0,3,15,9,0,0,7432.1,2648.8,2478.6,1626.9,440,237.1,151,45,31.7,1,4,5,1,0,0
14,G,ITALY,UEFA,ARGENTINA,1?€0,WIN,16,4_2_3_1,MF,STARTING,19,11,58%,0,1,0,4,3,75%,1,0,1,0,0,50,5,24,2,5,12,2,13,4,0,3,0,8,13,2,0,2,1,10,16,8,0,3,9813.6,3627.1,3361.2,1964.7,601.6,259.1,188,61,31.4,1,4,5,1,0,0
14,G,ITALY,UEFA,ARGENTINA,1?€0,WIN,16,4_2_3_1,MF,STARTING,20,19,95%,0,1,1,7,7,100%,4,3,1,0,0,56,28,19,1,2,2,4,11,5,2,3,1,10,29,0,0,0,0,11,37,13,4,3,9241.1,2776.9,3258.4,2264.1,749.5,193.1,199,74,32.4,1,4,5,1,40,100
14,G,ITALY,UEFA,ARGENTINA,1?€0,WIN,16,4_2_3_1,DF,STARTING,60,42,70%,1,8,2,27,14,51%,10,7,3,1,0,34,6,2,0,1,6,19,10,7,3,5,2,7,9,2,0,3,9,13,20,9,12,6,9055.3,3238.2,3156.7,2214.9,338.7,106.9,197,42,29.1,1,4,5,1,42.85714286,25
14,G,ITALY,UEFA,ARGENTINA,1?€0,WIN,16,4_2_3_1,MF,STARTING,15,11,73%,0,2,0,3,1,33%,2,0,2,0,0,24,7,10,0,0,7,0,3,3,1,1,0,6,11,0,1,4,3,4,12,2,3,3,6996.3,2019.8,2549.5,1929.6,403.7,93.8,148,38,32.3,1,4,5,1,33.33333333,0
14,G,ITALY,UEFA,ARGENTINA,1?€0,WIN,16,4_2_3_1,GK,STARTING,30,26,87%,1,0,0,9,5,55%,0,0,0,0,0,19,0,0,0,0,0,19,10,0,0,0,0,0,0,0,0,0,0,1,0,0,6,0,5004.9,3329.8,1256.2,309.8,68.6,40.5,36,6,26.1,1,4,5,1,0,0
14,G,ITALY,UEFA,ARGENTINA,1?€0,WIN,16,4_2_3_1,DF,STARTING,50,43,86%,0,1,0,12,7,58%,3,0,3,0,0,7,1,1,0,0,0,5,2,3,2,2,1,1,1,2,0,2,10,7,1,0,5,7,8531.9,3178.1,3208,1853.1,193.7,99,151,26,32.9,1,4,5,1,66.66666667,0
14,G,ITALY,UEFA,ARGENTINA,1?€0,WIN,16,4_2_3_1,GK,Substitutions,0,0,0,0,0,0,0,0,0,0,0,0,0,0,0,0,0,0,0,0,0,0,0,0,0,0,0,0,0,0,0,0,0,0,0,0,0,0,0,0,0,0,0,0,0,0,1,4,5,1,0,0
14,G,ITALY,UEFA,ARGENTINA,1?€0,WIN,16,4_2_3_1,MF,Substitutions,0,0,0,0,0,0,0,0,0,0,0,0,0,0,0,0,0,0,0,0,0,0,0,0,0,0,0,0,0,0,0,0,0,0,0,0,0,0,0,0,0,0,0,0,0,0,1,4,5,1,0,0
14,G,ITALY,UEFA,ARGENTINA,1?€0,WIN,16,4_2_3_1,DF,Substitutions,0,0,0,0,0,0,0,0,0,0,0,0,0,0,0,0,0,0,0,0,0,0,0,0,0,0,0,0,0,0,0,0,0,0,0,0,0,0,0,0,0,0,0,0,0,0,1,4,5,1,0,0
14,G,ITALY,UEFA,ARGENTINA,1?€0,WIN,16,4_2_3_1,FW,Substitutions,4,2,50%,0,1,1,2,0,0,4,1,3,1,0,15,0,0,0,0,10,5,6,2,0,0,0,3,5,0,0,0,0,1,8,5,0,0,2825.6,643.1,1058.2,744.8,276.1,103.4,59,21,28.5,1,4,5,1,0,100
14,G,ITALY,UEFA,ARGENTINA,1?€0,WIN,16,4_2_3_1,FW,Substitutions,3,3,100%,0,0,0,1,1,100%,0,0,0,1,1,8,0,2,0,0,4,2,1,1,0,1,0,2,4,3,0,3,0,2,6,4,1,0,1703.5,475.8,668.4,444.8,89.6,24.9,33,7,26.3,1,4,5,1,0,0
14,G,ITALY,UEFA,ARGENTINA,1?€0,WIN,16,4_2_3_1,FW,Substitutions,0,0,0,0,0,0,0,0,0,0,0,0,0,0,0,0,0,0,0,0,0,0,0,0,0,0,0,0,0,0,0,0,0,0,0,0,0,0,0,0,0,0,0,0,0,0,1,4,5,1,0,0
14,G,ITALY,UEFA,ARGENTINA,1?€0,WIN,16,4_2_3_1,GK,Substitutions,0,0,0,0,0,0,0,0,0,0,0,0,0,0,0,0,0,0,0,0,0,0,0,0,0,0,0,0,0,0,0,0,0,0,0,0,0,0,0,0,0,0,0,0,0,0,1,4,5,1,0,0
14,G,ITALY,UEFA,ARGENTINA,1?€0,WIN,16,4_2_3_1,DF,Substitutions,0,0,0,0,0,0,0,0,0,0,0,0,0,0,0,0,0,0,0,0,0,0,0,0,0,0,0,0,0,0,0,0,0,0,0,0,0,0,0,0,0,0,0,0,0,0,1,4,5,1,0,0
14,G,ITALY,UEFA,ARGENTINA,1?€0,WIN,16,4_2_3_1,FW,Substitutions,0,0,0,0,0,0,0,0,0,0,0,0,0,0,0,0,0,0,0,0,0,0,0,0,0,0,0,0,0,0,0,0,0,0,0,0,0,0,0,0,0,0,0,0,0,0,1,4,5,1,0,0
14,G,ITALY,UEFA,ARGENTINA,1?€0,WIN,16,4_2_3_1,DF,Substitutions,0,0,0,0,0,0,0,0,0,0,0,0,0,0,0,0,0,0,0,0,0,0,0,0,0,0,0,0,0,0,0,0,0,0,0,0,0,0,0,0,0,0,0,0,0,0,1,4,5,1,0,0
14,G,ITALY,UEFA,ARGENTINA,1?€0,WIN,16,4_2_3_1,MF,Substitutions,12,10,83%,0,0,0,3,2,66%,0,0,0,1,0,8,5,2,0,0,0,1,3,2,0,1,0,4,19,0,0,0,1,5,11,5,0,3,4083.1,1106.1,1630.4,1076.3,142.9,127.4,83,19,32.5,1,4,5,1,0,0
14,G,ITALY,UEFA,ARGENTINA,1?€0,WIN,16,4_2_3_1,MF,Substitutions,0,0,0,0,0,0,0,0,0,0,0,0,0,0,0,0,0,0,0,0,0,0,0,0,0,0,0,0,0,0,0,0,0,0,0,0,0,0,0,0,0,0,0,0,0,0,1,4,5,1,0,0
46,G,ITALY,UEFA,SOUTH AFRICA,2?€3,LOSE,16,4_2_3_1,DF,STARTING,47,39,0.83,1,1,1,17,13,0.76,0,0,0,0,0,7,4,0,0,0,0,3,6,0,0,4,2,2,6,1,0,1,10,6,4,3,8,6,9260.7,3363.5,3277.4,2090.1,323.2,206.5,160,34,29.9,2,4,5,1,0,100
46,G,ITALY,UEFA,SOUTH AFRICA,2?€3,LOSE,16,4_2_3_1,DF,STARTING,41,29,0.71,0,2,0,14,9,0.64,3,2,1,0,0,21,8,0,0,0,5,8,8,2,1,3,1,6,3,0,0,3,7,5,4,2,8,4,7876.5,2061.3,3033.3,2004.6,561.6,215.8,157,37,29.7,2,4,5,1,50,0
46,G,ITALY,UEFA,SOUTH AFRICA,2?€3,LOSE,16,4_2_3_1,DF,STARTING,47,43,0.91,0,0,0,10,9,0.9,2,0,2,2,0,2,0,0,0,0,0,2,1,4,1,7,0,3,1,1,0,1,12,12,5,1,5,11,9186.7,3683,3071.1,1943,325.2,165.4,162,30,30.4,2,4,5,1,25,0
46,G,ITALY,UEFA,SOUTH AFRICA,2?€3,LOSE,16,4_2_3_1,MF,STARTING,41,31,0.76,0,5,1,11,6,0.54,0,0,0,0,0,74,30,23,3,2,5,11,16,3,2,4,3,5,15,0,0,0,4,6,5,1,6,5,10773.4,3198.6,3971.1,2942.2,536.5,126,209,39,28.2,2,4,5,1,66.66666667,20
46,G,ITALY,UEFA,SOUTH AFRICA,2?€3,LOSE,16,4_2_3_1,MF,STARTING,19,15,0.79,0,2,1,5,3,0.6,3,3,0,0,0,37,4,1,2,0,13,17,5,2,0,4,0,3,9,1,0,1,2,3,8,3,3,1,6797.5,2655.1,2001.2,1579.7,407.8,153.6,130,32,29.9,2,4,5,1,0,50
46,G,ITALY,UEFA,SOUTH AFRICA,2?€3,LOSE,16,4_2_3_1,FW,STARTING,25,19,0.76,0,5,0,2,1,0.5,1,1,0,5,0,43,1,3,2,2,35,0,13,0,0,0,0,0,9,1,0,2,0,5,10,5,0,0,10189.3,3657,3654.9,2076.6,576.7,224.2,184,48,32.1,2,4,5,1,0,0
46,G,ITALY,UEFA,SOUTH AFRICA,2?€3,LOSE,16,4_2_3_1,MF,STARTING,28,20,0.71,0,0,0,3,3,1,2,2,0,2,0,28,1,9,2,1,9,6,9,0,0,1,1,0,6,2,0,2,0,5,6,2,2,0,8455.7,3263.9,2863.9,1741,337.4,249.4,159,35,30,2,4,5,1,0,0
46,G,ITALY,UEFA,SOUTH AFRICA,2?€3,LOSE,16,4_2_3_1,MF,STARTING,35,31,0.89,0,1,0,5,3,0.6,3,0,3,1,0,60,23,22,1,7,0,7,11,1,0,5,2,7,12,1,0,4,0,11,14,6,4,2,11577.7,3716.4,3879.7,3182.7,717.8,82.2,248,53,27.1,2,4,5,1,0,0
46,G,ITALY,UEFA,SOUTH AFRICA,2?€3,LOSE,16,4_2_3_1,DF,STARTING,72,53,0.74,2,2,1,37,24,0.64,3,1,2,1,0,28,13,1,0,0,0,14,17,1,1,4,4,5,3,0,0,1,5,10,11,6,13,3,9744.4,3684.4,3268.3,1916.7,581.7,293.3,181,51,30.2,2,4,5,1,100,50
46,G,ITALY,UEFA,SOUTH AFRICA,2?€3,LOSE,16,4_2_3_1,MF,STARTING,37,29,0.78,0,0,0,9,5,0.55,1,1,0,3,2,52,30,15,1,0,2,4,16,2,2,3,0,8,14,4,0,4,3,11,8,5,6,4,9604,3061.8,3203.9,2730.4,557,50.9,193,38,31.3,2,4,5,1,100,0
46,G,ITALY,UEFA,SOUTH AFRICA,2?€3,LOSE,16,4_2_3_1,GK,STARTING,26,23,0.88,0,0,0,9,7,0.77,0,0,0,0,0,5,0,0,0,0,0,5,3,0,0,0,0,0,0,0,0,0,1,0,0,0,6,0,5623.6,3630,1589.8,377.9,25.9,0,44,3,22,2,4,5,1,0,0
46,G,ITALY,UEFA,SOUTH AFRICA,2?€3,LOSE,16,4_2_3_1,GK,Substitutions,0,0,0,0,0,0,0,0,0,0,0,0,0,0,0,0,0,0,0,0,0,0,0,0,0,0,0,0,0,0,0,0,0,0,0,0,0,0,0,0,0,0,0,0,0,0,2,4,5,1,0,0
46,G,ITALY,UEFA,SOUTH AFRICA,2?€3,LOSE,16,4_2_3_1,MF,Substitutions,0,0,0,0,0,0,0,0,0,0,0,0,0,0,0,0,0,0,0,0,0,0,0,0,0,0,0,0,0,0,0,0,0,0,0,0,0,0,0,0,0,0,0,0,0,0,2,4,5,1,0,0
46,G,ITALY,UEFA,SOUTH AFRICA,2?€3,LOSE,16,4_2_3_1,FW,Substitutions,12,10,0.83,0,2,0,2,0,0,1,1,0,0,0,9,1,0,0,0,5,3,3,0,0,0,0,0,0,0,0,0,0,3,0,0,0,0,2506.4,664.2,885,796,134.3,27.1,58,13,25.4,2,4,5,1,0,0
46,G,ITALY,UEFA,SOUTH AFRICA,2?€3,LOSE,16,4_2_3_1,FW,Substitutions,12,8,0.67,0,0,0,3,1,0.33,1,1,0,3,0,15,1,3,0,2,6,3,6,1,0,0,0,1,2,5,0,5,1,0,2,1,1,1,4050.8,1572.5,1293.4,1059.3,100.9,24.3,81,7,26.6,2,4,5,1,0,0
46,G,ITALY,UEFA,SOUTH AFRICA,2?€3,LOSE,16,4_2_3_1,FW,Substitutions,0,0,0,0,0,0,0,0,0,0,0,0,0,0,3,0,0,0,0,2,1,0,0,0,0,0,0,0,1,0,1,0,0,0,0,0,0,575.8,178.5,168.1,187.2,16.9,25.2,11,2,25.2,2,4,5,1,0,0
46,G,ITALY,UEFA,SOUTH AFRICA,2?€3,LOSE,16,4_2_3_1,GK,Substitutions,0,0,0,0,0,0,0,0,0,0,0,0,0,0,0,0,0,0,0,0,0,0,0,0,0,0,0,0,0,0,0,0,0,0,0,0,0,0,0,0,0,0,0,0,0,0,2,4,5,1,0,0
46,G,ITALY,UEFA,SOUTH AFRICA,2?€3,LOSE,16,4_2_3_1,DF,Substitutions,22,16,0.73,0,0,0,8,4,0.5,0,0,0,0,0,2,2,0,0,0,0,0,2,2,0,0,1,3,4,0,0,0,4,4,4,1,2,3,3825.9,1368.5,1342.1,836.7,243.7,34.4,70,17,28.7,2,4,5,1,0,0
46,G,ITALY,UEFA,SOUTH AFRICA,2?€3,LOSE,16,4_2_3_1,FW,Substitutions,0,0,0,0,0,0,0,0,0,0,0,0,0,0,0,0,0,0,0,0,0,0,0,0,0,0,0,0,0,0,0,0,0,0,0,0,0,0,0,0,0,0,0,0,0,0,2,4,5,1,0,0
46,G,ITALY,UEFA,SOUTH AFRICA,2?€3,LOSE,16,4_2_3_1,DF,Substitutions,0,0,0,0,0,0,0,0,0,0,0,0,0,0,0,0,0,0,0,0,0,0,0,0,0,0,0,0,0,0,0,0,0,0,0,0,0,0,0,0,0,0,0,0,0,0,2,4,5,1,0,0
46,G,ITALY,UEFA,SOUTH AFRICA,2?€3,LOSE,16,4_2_3_1,MF,Substitutions,9,8,0.89,0,0,0,4,3,0.75,0,0,0,0,0,11,8,1,1,0,0,1,4,1,1,1,0,1,2,0,0,0,0,1,6,3,1,1,2437.1,596.6,946.1,783.8,86.3,24.1,41,7,28,2,4,5,1,100,0
46,G,ITALY,UEFA,SOUTH AFRICA,2?€3,LOSE,16,4_2_3_1,MF,Substitutions,0,0,0,0,0,0,0,0,0,0,0,0,0,0,0,0,0,0,0,0,0,0,0,0,0,0,0,0,0,0,0,0,0,0,0,0,0,0,0,0,0,0,0,0,0,0,2,4,5,1,0,0
46,G,ITALY,UEFA,SOUTH AFRICA,2?€3,LOSE,16,4_2_3_1,DF,Substitutions,0,0,0,0,0,0,0,0,0,0,0,0,0,0,0,0,0,0,0,0,0,0,0,0,0,0,0,0,0,0,0,0,0,0,0,0,0,0,0,0,0,0,0,0,0,0,2,4,5,1,0,0
30,G,ITALY,UEFA,SWEDEN,1?€5,LOSE,16,4_2_3_1,DF,STARTING,40,34,85%,0,0,0,12,11,91%,3,1,2,1,0,31,13,0,1,0,1,16,12,2,1,4,0,2,8,1,0,1,2,10,10,3,4,3,6634.9,1826.6,2584.9,1548.6,492.3,182.5,126,38,29.4,1,4,5,1,50,0
30,G,ITALY,UEFA,SWEDEN,1?€5,LOSE,16,4_2_3_1,DF,STARTING,41,39,95%,1,0,0,5,5,100%,0,0,0,0,0,51,9,1,0,0,0,41,18,4,2,2,0,3,14,1,0,1,7,6,11,6,7,5,8988.7,3252.1,3016.6,2135.7,301.1,284,176,36,27.9,1,4,5,1,50,0
30,G,ITALY,UEFA,SWEDEN,1?€5,LOSE,16,4_2_3_1,MF,STARTING,53,37,70%,3,1,1,13,5,38%,0,0,0,1,0,79,35,36,2,0,0,6,24,11,4,1,1,9,27,0,0,3,1,8,30,13,8,1,10875.2,2974.4,4509.9,2865.6,480.7,43.5,226,37,24.7,1,4,5,1,36.36363636,100
30,G,ITALY,UEFA,SWEDEN,1?€5,LOSE,16,4_2_3_1,MF,STARTING,27,23,85%,0,2,1,7,5,71%,3,2,1,4,0,39,0,3,1,1,26,8,5,4,0,4,0,6,21,1,1,2,0,3,11,6,1,6,11389.2,3555.7,4005.6,2653.7,826.9,347.4,220,67,30.2,1,4,5,1,0,50
30,G,ITALY,UEFA,SWEDEN,1?€5,LOSE,16,4_2_3_1,MF,STARTING,10,4,40%,0,0,0,3,1,33%,0,0,0,0,0,42,2,21,1,3,11,4,11,3,0,2,0,4,16,4,0,4,1,4,18,7,2,2,6208.1,2437.9,1846.9,1467,327.2,128.5,122,28,29.9,1,4,5,1,0,0
30,G,ITALY,UEFA,SWEDEN,1?€5,LOSE,16,4_2_3_1,FW,STARTING,20,16,80%,0,0,0,1,1,100%,0,0,0,1,0,42,3,27,3,5,4,0,15,0,0,1,0,1,6,3,0,4,0,3,7,3,1,0,7712.2,2634.5,3033.2,1566.3,337.8,140.4,128,35,29.1,1,4,5,1,0,0
30,G,ITALY,UEFA,SWEDEN,1?€5,LOSE,16,4_2_3_1,MF,STARTING,29,24,83%,0,0,0,5,4,80%,1,1,0,0,0,29,9,13,1,4,1,1,10,1,1,4,0,9,19,1,0,2,0,5,13,7,3,2,6983.4,2111.8,2691.4,1736.1,430.2,14,144,36,26.6,1,4,5,1,100,0
30,G,ITALY,UEFA,SWEDEN,1?€5,LOSE,16,4_2_3_1,DF,STARTING,45,33,73%,1,3,0,22,10,45%,6,5,1,1,0,53,14,1,1,0,9,28,16,2,2,5,3,5,12,3,0,3,4,9,16,6,8,4,10185.4,3629.1,3530.3,2199,505.2,321.9,182,49,29.4,1,4,5,1,100,0
30,G,ITALY,UEFA,SWEDEN,1?€5,LOSE,16,4_2_3_1,MF,STARTING,26,18,69%,2,0,0,11,7,63%,2,1,1,2,0,58,23,27,0,0,7,1,7,6,1,5,2,11,27,1,0,1,5,9,29,16,11,4,8321.8,2501.5,3105.7,2283.5,337,94,181,26,27.2,1,4,5,1,16.66666667,0
30,G,ITALY,UEFA,SWEDEN,1?€5,LOSE,16,4_2_3_1,GK,STARTING,46,43,93%,0,0,0,3,1,33%,0,0,0,0,0,14,1,0,0,0,0,13,10,1,0,0,0,0,0,0,0,0,0,5,0,0,7,1,4916.4,3176.5,1365.3,348.6,26.1,0,39,3,20.9,1,4,5,1,0,0
30,G,ITALY,UEFA,SWEDEN,1?€5,LOSE,16,4_2_3_1,DF,STARTING,80,59,74%,0,0,0,44,26,59%,5,1,4,0,0,15,4,1,0,0,0,10,9,2,2,5,3,3,7,1,0,2,9,2,6,3,6,8,8898.5,3479.3,3302.2,1481.6,418.2,217.1,143,41,28,1,4,5,1,100,0
30,G,ITALY,UEFA,SWEDEN,1?€5,LOSE,16,4_2_3_1,GK,Substitutions,0,0,0,0,0,0,0,0,0,0,0,0,0,0,0,0,0,0,0,0,0,0,0,0,0,0,0,0,0,0,0,0,0,0,0,0,0,0,0,0,0,0,0,0,0,0,1,4,5,1,0,0
30,G,ITALY,UEFA,SWEDEN,1?€5,LOSE,16,4_2_3_1,MF,Substitutions,0,0,0,0,0,0,0,0,0,0,0,0,0,0,0,0,0,0,0,0,0,0,0,0,0,0,0,0,0,0,0,0,0,0,0,0,0,0,0,0,0,0,0,0,0,0,1,4,5,1,0,0
30,G,ITALY,UEFA,SWEDEN,1?€5,LOSE,16,4_2_3_1,DF,Substitutions,0,0,0,0,0,0,0,0,0,0,0,0,0,0,0,0,0,0,0,0,0,0,0,0,0,0,0,0,0,0,0,0,0,0,0,0,0,0,0,0,0,0,0,0,0,0,1,4,5,1,0,0
30,G,ITALY,UEFA,SWEDEN,1?€5,LOSE,16,4_2_3_1,FW,Substitutions,3,2,67%,0,1,0,1,0,0,0,0,0,1,0,10,0,4,0,0,6,0,1,0,0,0,0,0,2,0,0,0,0,2,3,1,0,0,2306.6,727.3,930.3,404.6,183.4,61.1,36,14,28.2,1,4,5,1,0,0
30,G,ITALY,UEFA,SWEDEN,1?€5,LOSE,16,4_2_3_1,FW,Substitutions,0,0,0,0,0,0,0,0,0,0,0,0,0,0,0,0,0,0,0,0,0,0,0,0,0,0,0,0,0,0,0,0,0,0,0,0,0,0,0,0,0,0,0,0,0,0,1,4,5,1,0,0
30,G,ITALY,UEFA,SWEDEN,1?€5,LOSE,16,4_2_3_1,FW,Substitutions,0,0,0,0,0,0,0,0,0,0,0,0,0,0,0,0,0,0,0,0,0,0,0,0,0,0,0,0,0,0,0,0,0,0,0,0,0,0,0,0,0,0,0,0,0,0,1,4,5,1,0,0
30,G,ITALY,UEFA,SWEDEN,1?€5,LOSE,16,4_2_3_1,GK,Substitutions,0,0,0,0,0,0,0,0,0,0,0,0,0,0,0,0,0,0,0,0,0,0,0,0,0,0,0,0,0,0,0,0,0,0,0,0,0,0,0,0,0,0,0,0,0,0,1,4,5,1,0,0
30,G,ITALY,UEFA,SWEDEN,1?€5,LOSE,16,4_2_3_1,DF,Substitutions,0,0,0,0,0,0,0,0,0,0,0,0,0,0,0,0,0,0,0,0,0,0,0,0,0,0,0,0,0,0,0,0,0,0,0,0,0,0,0,0,0,0,0,0,0,0,1,4,5,1,0,0
30,G,ITALY,UEFA,SWEDEN,1?€5,LOSE,16,4_2_3_1,FW,Substitutions,11,6,55%,0,3,2,3,2,66%,1,1,0,0,0,21,1,2,0,0,7,11,7,2,1,2,1,3,8,1,0,1,1,2,10,7,3,1,4133.1,1431.3,1550.7,823.7,141.8,185.2,70,18,28.9,1,4,5,1,50,66.66666667
30,G,ITALY,UEFA,SWEDEN,1?€5,LOSE,16,4_2_3_1,DF,Substitutions,25,21,84%,0,1,0,13,9,69%,1,1,0,0,0,9,6,1,0,0,0,2,5,1,0,0,1,1,1,0,0,0,0,2,2,0,1,1,4098.7,1259.9,1471.8,980.4,177.9,208.2,81,20,29.3,1,4,5,1,0,0
30,G,ITALY,UEFA,SWEDEN,1?€5,LOSE,16,4_2_3_1,MF,Substitutions,15,13,87%,0,1,1,4,4,100%,0,0,0,1,0,13,5,5,1,0,2,0,6,2,1,3,0,8,13,0,0,0,0,3,10,4,2,1,4573.6,1143,1976.3,1377.1,77.3,0,83,8,25.6,1,4,5,1,50,100
30,G,ITALY,UEFA,SWEDEN,1?€5,LOSE,16,4_2_3_1,MF,Substitutions,14,14,100%,0,1,1,4,4,100%,0,0,0,0,0,11,6,3,0,1,1,0,2,4,2,0,0,4,3,0,0,0,2,3,3,3,4,1,3205.7,796.6,1087,1136.4,169.6,16,75,9,24.9,1,4,5,1,50,100
27,G,SOUTH AFRICA,CAF,ARGENTINA,2?€2,DRAW,54,4_4_2,GK,STARTING,46,23,50%,0,0,0,23,6,26%,0,0,0,0,0,3,0,0,0,0,0,3,3,0,0,0,0,0,0,0,0,0,0,5,0,0,14,0,3878.1,3368.1,416.9,93.5,0,0,0,0,18.8,2,4,4,2,0,0
27,G,SOUTH AFRICA,CAF,ARGENTINA,2?€2,DRAW,54,4_4_2,DF,STARTING,34,18,53%,0,0,0,16,6,37%,0,0,0,0,0,4,3,0,0,0,0,1,1,8,1,1,2,12,21,0,1,1,10,4,33,21,6,9,10351.2,3720.2,3059.8,2884.9,531,155.3,219,44,32.5,2,4,4,2,12.5,0
27,G,SOUTH AFRICA,CAF,ARGENTINA,2?€2,DRAW,54,4_4_2,DF,STARTING,24,18,75%,1,0,0,10,6,60%,1,0,1,0,0,1,0,1,0,0,0,0,0,6,1,2,4,8,1,0,0,0,7,6,11,3,9,6,8775.4,3366.3,3594.4,1419,311.5,85.1,131,23,29.1,2,4,4,2,16.66666667,0
27,G,SOUTH AFRICA,CAF,ARGENTINA,2?€2,DRAW,54,4_4_2,MF,STARTING,13,8,62%,0,0,0,2,1,50%,2,1,1,0,0,22,7,4,1,1,6,3,5,5,0,3,1,8,17,0,0,0,0,9,15,5,1,2,6628.9,2076.8,2214.7,1714.2,365.3,257.2,149,32,27.7,2,4,4,2,0,0
27,G,SOUTH AFRICA,CAF,ARGENTINA,2?€2,DRAW,54,4_4_2,DF,STARTING,38,25,66%,0,1,0,21,10,47%,2,2,0,0,0,2,0,0,0,0,0,2,1,4,0,4,0,7,15,0,0,0,9,9,35,12,5,11,9350.5,3589.6,3706.5,1721.4,287.1,45.8,150,23,25.8,2,4,4,2,0,0
27,G,SOUTH AFRICA,CAF,ARGENTINA,2?€2,DRAW,54,4_4_2,MF,STARTING,15,12,80%,0,2,1,4,2,50%,3,3,0,2,0,16,1,0,0,0,10,5,6,2,1,0,1,3,12,0,0,1,1,5,19,10,2,0,11537.6,3895.1,3857,2496.7,812.2,476.5,214,74,29.1,2,4,4,2,50,50
27,G,SOUTH AFRICA,CAF,ARGENTINA,2?€2,DRAW,54,4_4_2,MF,STARTING,28,26,93%,0,1,0,7,5,71%,5,3,2,2,1,18,2,8,0,1,7,0,8,7,4,1,2,11,30,2,0,3,3,7,26,12,9,2,9011.7,3340.6,3099.1,1955.5,481.2,136.1,160,41,27.1,2,4,4,2,57.14285714,0
27,G,SOUTH AFRICA,CAF,ARGENTINA,2?€2,DRAW,54,4_4_2,FW,STARTING,14,12,86%,0,1,0,1,0,0,4,3,1,4,1,48,3,15,0,2,23,5,11,2,0,2,0,5,25,0,0,0,0,8,32,15,1,0,8134.5,3573.5,2033.6,1428.4,601.1,497,138,57,31.1,2,4,4,2,0,0
27,G,SOUTH AFRICA,CAF,ARGENTINA,2?€2,DRAW,54,4_4_2,MF,STARTING,21,14,67%,0,2,2,4,3,75%,3,0,3,2,0,31,2,7,2,1,15,4,5,3,2,5,0,5,40,8,0,9,2,18,32,12,6,5,10998.5,4232.2,3428.2,2350.4,652.2,335.5,197,54,27.2,2,4,4,2,66.66666667,100
27,G,SOUTH AFRICA,CAF,ARGENTINA,2?€2,DRAW,54,4_4_2,DF,STARTING,38,26,68%,0,0,0,15,7,46%,0,0,0,0,0,2,1,0,0,0,0,1,1,5,1,6,1,4,2,0,0,1,5,6,7,4,7,7,9146.9,4075,3183.1,1536.7,226.8,125.3,138,22,28,2,4,4,2,20,0
27,G,SOUTH AFRICA,CAF,ARGENTINA,2?€2,DRAW,54,4_4_2,MF,STARTING,9,7,78%,0,0,0,1,1,100%,0,0,0,0,0,6,2,4,0,0,0,0,3,0,0,0,0,1,2,1,0,1,3,5,10,3,1,2,2114.4,793.3,637.9,617.4,44.8,20.9,37,6,25.2,2,4,4,2,0,0
27,G,SOUTH AFRICA,CAF,ARGENTINA,2?€2,DRAW,54,4_4_2,DF,Substitutions,0,0,0,0,0,0,0,0,0,0,0,0,0,0,0,0,0,0,0,0,0,0,0,0,0,0,0,0,0,0,0,0,0,0,0,0,0,0,0,0,0,0,0,0,0,0,2,4,4,2,0,0
27,G,SOUTH AFRICA,CAF,ARGENTINA,2?€2,DRAW,54,4_4_2,DF,Substitutions,0,0,0,0,0,0,0,0,0,0,0,0,0,0,0,0,0,0,0,0,0,0,0,0,0,0,0,0,0,0,0,0,0,0,0,0,0,0,0,0,0,0,0,0,0,0,2,4,4,2,0,0
27,G,SOUTH AFRICA,CAF,ARGENTINA,2?€2,DRAW,54,4_4_2,MF,Substitutions,0,0,0,0,0,0,0,0,0,0,0,0,0,0,0,0,0,0,0,0,0,0,0,0,0,0,0,0,0,0,0,0,0,0,0,0,0,0,0,0,0,0,0,0,0,0,2,4,4,2,0,0
27,G,SOUTH AFRICA,CAF,ARGENTINA,2?€2,DRAW,54,4_4_2,DF,Substitutions,10,8,80%,0,0,0,6,5,83%,0,0,0,0,0,0,0,0,0,0,0,0,0,3,0,2,0,4,13,1,0,2,6,7,14,6,3,4,4116,1541,1306,1155.3,62.6,51.4,81,8,27.8,2,4,4,2,0,0
27,G,SOUTH AFRICA,CAF,ARGENTINA,2?€2,DRAW,54,4_4_2,GK,Substitutions,0,0,0,0,0,0,0,0,0,0,0,0,0,0,0,0,0,0,0,0,0,0,0,0,0,0,0,0,0,0,0,0,0,0,0,0,0,0,0,0,0,0,0,0,0,0,2,4,4,2,0,0
27,G,SOUTH AFRICA,CAF,ARGENTINA,2?€2,DRAW,54,4_4_2,FW,Substitutions,3,0,0%,0,0,0,0,0,0%,0,0,0,0,0,7,0,1,0,0,6,0,4,1,1,0,0,1,3,1,0,2,0,0,6,3,1,0,1369.6,490.6,490.3,317.2,57.4,14.1,30,7,24.3,2,4,4,2,100,0
27,G,SOUTH AFRICA,CAF,ARGENTINA,2?€2,DRAW,54,4_4_2,DF,Substitutions,6,4,67%,0,1,0,4,1,25%,1,0,1,1,0,7,0,0,0,0,3,4,2,3,2,2,0,5,10,0,0,0,0,6,14,8,4,1,4665.8,1667.1,1755.8,1019,190.4,33.6,75,13,25.7,2,4,4,2,66.66666667,0
27,G,SOUTH AFRICA,CAF,ARGENTINA,2?€2,DRAW,54,4_4_2,MF,Substitutions,17,11,65%,0,1,0,9,4,44%,0,0,0,1,0,4,2,2,0,0,0,0,1,7,4,2,1,9,14,0,0,0,1,7,15,6,7,3,4036.2,1308.5,1523.7,1072.8,131.2,0,83,11,22.8,2,4,4,2,57.14285714,0
27,G,SOUTH AFRICA,CAF,ARGENTINA,2?€2,DRAW,54,4_4_2,MF,Substitutions,0,0,0,0,0,0,0,0,0,0,0,0,0,0,0,0,0,0,0,0,0,0,0,0,0,0,0,0,0,0,0,0,0,0,0,0,0,0,0,0,0,0,0,0,0,0,2,4,4,2,0,0
27,G,SOUTH AFRICA,CAF,ARGENTINA,2?€2,DRAW,54,4_4_2,GK,Substitutions,0,0,0,0,0,0,0,0,0,0,0,0,0,0,0,0,0,0,0,0,0,0,0,0,0,0,0,0,0,0,0,0,0,0,0,0,0,0,0,0,0,0,0,0,0,0,2,4,4,2,0,0
27,G,SOUTH AFRICA,CAF,ARGENTINA,2?€2,DRAW,54,4_4_2,MF,Substitutions,6,4,67%,0,1,0,3,2,66%,0,0,0,0,0,4,1,2,0,0,1,0,3,2,1,1,0,0,2,0,0,0,0,2,2,0,2,1,1668.9,424.7,650,458.8,81.4,53.9,38,7,25.3,2,4,4,2,50,0
27,G,SOUTH AFRICA,CAF,ARGENTINA,2?€2,DRAW,54,4_4_2,MF,Substitutions,0,0,0,0,0,0,0,0,0,0,0,0,0,0,0,0,0,0,0,0,0,0,0,0,0,0,0,0,0,0,0,0,0,0,0,0,0,0,0,0,0,0,0,0,0,0,2,4,4,2,0,0
46,G,SOUTH AFRICA,CAF,ITALY,3?€2,WIN,54,4_2_3_1,GK,STARTING,30,15,0.5,1,0,0,21,9,0.42,0,0,0,0,0,2,0,0,0,0,0,2,2,0,0,0,0,0,0,0,0,0,0,4,0,0,9,0,4173.2,3493.8,477.8,194.9,6.3,0,27,1,19.9,3,4,5,1,0,0
46,G,SOUTH AFRICA,CAF,ITALY,3?€2,WIN,54,4_2_3_1,DF,STARTING,39,24,0.62,0,1,0,18,10,0.55,2,2,0,0,0,2,0,0,0,0,0,2,1,8,2,4,0,8,13,1,0,2,6,5,34,10,7,3,9678.1,3124.1,3426.1,2567.6,420,140.3,192,38,31.2,3,4,5,1,25,0
46,G,SOUTH AFRICA,CAF,ITALY,3?€2,WIN,54,4_2_3_1,MF,STARTING,25,15,0.6,0,0,0,10,6,0.6,0,0,0,1,0,14,5,7,0,0,0,2,4,13,4,7,1,24,23,2,0,3,6,15,37,18,10,10,10333.2,3508.1,4114.7,2240.2,337.9,132.3,189,31,28.6,3,4,5,1,30.76923077,0
46,G,SOUTH AFRICA,CAF,ITALY,3?€2,WIN,54,4_2_3_1,DF,STARTING,14,8,0.57,0,0,0,8,4,0.5,0,0,0,0,0,1,1,0,0,0,0,0,0,4,2,11,1,8,6,3,0,3,7,4,11,1,12,8,9379.2,4302.2,3057.6,1519.4,363.9,136.9,136,35,32.4,3,4,5,1,50,0
46,G,SOUTH AFRICA,CAF,ITALY,3?€2,WIN,54,4_2_3_1,DF,STARTING,27,11,0.41,0,4,1,21,4,0.19,0,0,0,1,0,0,0,0,0,0,0,0,0,7,1,3,1,14,17,0,0,1,11,2,28,17,6,9,9336.2,3485.2,3830.6,1709.5,269.8,41.1,143,25,24.9,3,4,5,1,14.28571429,25
46,G,SOUTH AFRICA,CAF,ITALY,3?€2,WIN,54,4_2_3_1,MF,STARTING,20,12,0.6,0,8,1,11,5,0.45,3,0,3,2,1,22,0,4,2,1,9,6,8,2,0,2,0,2,26,0,0,0,2,7,24,11,2,3,10817.5,3317.7,3497.3,3009.4,707.5,285.6,231,62,28.8,3,4,5,1,0,12.5
46,G,SOUTH AFRICA,CAF,ITALY,3?€2,WIN,54,4_2_3_1,MF,STARTING,23,18,0.78,0,0,0,7,5,0.71,2,1,1,0,0,14,0,7,0,3,2,2,4,3,1,1,1,9,31,2,0,3,4,10,38,18,3,4,11131,3664.3,3949.3,3041,458.6,16.7,225,38,30.4,3,4,5,1,33.33333333,0
46,G,SOUTH AFRICA,CAF,ITALY,3?€2,WIN,54,4_2_3_1,FW,STARTING,19,14,0.74,0,4,0,4,2,0.5,2,0,2,4,1,31,0,5,0,1,21,4,9,6,0,3,0,5,33,2,0,2,1,8,20,11,2,0,9638.9,4016.5,2427.1,1944.2,681.5,569.7,177,73,32.2,3,4,5,1,0,0
46,G,SOUTH AFRICA,CAF,ITALY,3?€2,WIN,54,4_2_3_1,MF,STARTING,28,16,0.57,0,1,0,8,4,0.5,3,1,2,1,0,52,1,9,3,2,24,13,17,2,1,0,0,2,37,2,0,2,1,3,46,20,2,1,11304.4,4234.6,3127.9,2758.3,828.6,356.1,226,67,30.8,3,4,5,1,50,0
46,G,SOUTH AFRICA,CAF,ITALY,3?€2,WIN,54,4_2_3_1,DF,STARTING,18,11,0.61,0,0,0,10,4,0.4,1,0,1,1,0,1,0,0,0,0,0,1,1,3,0,11,4,9,9,4,1,5,10,7,6,3,11,10,9042.1,4229.9,2905.2,1389.8,307.4,209.8,133,35,29.2,3,4,5,1,0,0
46,G,SOUTH AFRICA,CAF,ITALY,3?€2,WIN,54,4_2_3_1,MF,STARTING,4,3,0.75,0,0,0,1,0,0,1,0,1,1,0,9,1,4,0,3,0,1,0,4,1,0,0,8,13,0,0,0,1,6,26,8,1,1,5588.8,1760.5,1906.9,1478.2,338.7,104.5,124,27,29,3,4,5,1,25,0
46,G,SOUTH AFRICA,CAF,ITALY,3?€2,WIN,54,4_2_3_1,DF,Substitutions,0,0,0,0,0,0,0,0,0,0,0,0,0,0,0,0,0,0,0,0,0,0,0,0,0,0,0,0,0,0,0,0,0,0,0,0,0,0,0,0,0,0,0,0,0,0,3,4,5,1,0,0
46,G,SOUTH AFRICA,CAF,ITALY,3?€2,WIN,54,4_2_3_1,MF,Substitutions,0,0,0,0,0,0,0,0,0,0,0,0,0,0,0,0,0,0,0,0,0,0,0,0,0,0,0,0,0,0,0,0,0,0,0,0,0,0,0,0,0,0,0,0,0,0,3,4,5,1,0,0
46,G,SOUTH AFRICA,CAF,ITALY,3?€2,WIN,54,4_2_3_1,FW,Substitutions,0,0,0,0,0,0,0,0,0,0,0,0,0,0,0,0,0,0,0,0,0,0,0,0,0,0,0,0,0,0,0,0,0,0,0,0,0,0,0,0,0,0,0,0,0,0,3,4,5,1,0,0
46,G,SOUTH AFRICA,CAF,ITALY,3?€2,WIN,54,4_2_3_1,DF,Substitutions,1,0,0,1,0,0,1,0,0,0,0,0,0,0,0,0,0,0,0,0,0,0,0,0,0,0,0,0,0,0,0,0,0,0,0,0,0,845.3,343.1,309.8,187.1,5.3,0,15,1,20.2,3,4,5,1,0,0
46,G,SOUTH AFRICA,CAF,ITALY,3?€2,WIN,54,4_2_3_1,MF,Substitutions,0,0,0,0,0,0,0,0,0,0,0,0,0,0,0,0,0,0,0,0,0,0,0,0,0,0,0,0,0,0,0,0,0,0,0,0,0,0,0,0,0,0,0,0,0,0,3,4,5,1,0,0
46,G,SOUTH AFRICA,CAF,ITALY,3?€2,WIN,54,4_2_3_1,GK,Substitutions,0,0,0,0,0,0,0,0,0,0,0,0,0,0,0,0,0,0,0,0,0,0,0,0,0,0,0,0,0,0,0,0,0,0,0,0,0,0,0,0,0,0,0,0,0,0,3,4,5,1,0,0
46,G,SOUTH AFRICA,CAF,ITALY,3?€2,WIN,54,4_2_3_1,FW,Substitutions,0,0,0,0,0,0,0,0,0,0,0,0,0,0,0,0,0,0,0,0,0,0,0,0,0,0,0,0,0,0,0,0,0,0,0,0,0,0,0,0,0,0,0,0,0,0,3,4,5,1,0,0
46,G,SOUTH AFRICA,CAF,ITALY,3?€2,WIN,54,4_2_3_1,DF,Substitutions,0,0,0,0,0,0,0,0,0,0,0,0,0,0,0,0,0,0,0,0,0,0,0,0,0,0,0,0,0,0,0,1,0,1,0,0,1,182.9,26.8,72.9,74.2,9,0,4,1,22,3,4,5,1,0,0
46,G,SOUTH AFRICA,CAF,ITALY,3?€2,WIN,54,4_2_3_1,GK,Substitutions,0,0,0,0,0,0,0,0,0,0,0,0,0,0,0,0,0,0,0,0,0,0,0,0,0,0,0,0,0,0,0,0,0,0,0,0,0,0,0,0,0,0,0,0,0,0,3,4,5,1,0,0
46,G,SOUTH AFRICA,CAF,ITALY,3?€2,WIN,54,4_2_3_1,MF,Substitutions,14,9,0.64,0,1,1,1,1,1,0,0,0,0,0,15,2,5,1,3,0,4,2,3,0,1,0,1,7,1,0,2,1,7,13,1,2,3,6089,2045.9,2399.1,1369.4,245.4,29.2,112,16,32.8,3,4,5,1,0,100
46,G,SOUTH AFRICA,CAF,ITALY,3?€2,WIN,54,4_2_3_1,MF,Substitutions,0,0,0,0,0,0,0,0,0,0,0,0,0,0,1,0,0,1,0,0,0,0,2,0,0,0,2,4,0,0,0,1,0,4,3,0,2,1185.4,284.3,423.1,331.3,106.7,39.9,31,8,26.6,3,4,5,1,0,0
12,G,SOUTH AFRICA,CAF,SWEDEN,1?€2,LOSE,54,4_4_2,GK,STARTING,35,13,37%,0,0,0,19,8,42%,0,0,0,0,0,1,0,0,0,0,0,1,1,0,0,0,0,0,0,0,0,0,0,5,0,0,9,0,3955.1,3256.2,506.6,177.6,14.6,0,19,2,22.1,1,4,4,2,0,0
12,G,SOUTH AFRICA,CAF,SWEDEN,1?€2,LOSE,54,4_4_2,DF,STARTING,27,18,67%,0,3,1,11,6,54%,0,0,0,0,0,5,3,1,0,0,0,1,3,1,0,3,0,3,5,0,0,0,6,5,12,6,6,4,9681.7,3342.1,3651.9,1991.5,459.9,235.3,185,43,29.1,1,4,4,2,0,33.33333333
12,G,SOUTH AFRICA,CAF,SWEDEN,1?€2,LOSE,54,4_4_2,DF,STARTING,16,6,38%,0,0,0,10,3,30%,0,0,0,0,0,2,0,1,0,0,0,1,1,9,4,3,4,10,4,1,0,1,7,4,7,3,12,7,9017.4,3469.9,3551.9,1533,404,57.7,145,38,27.1,1,4,4,2,44.44444444,0
12,G,SOUTH AFRICA,CAF,SWEDEN,1?€2,LOSE,54,4_4_2,MF,STARTING,11,9,82%,0,0,0,3,1,33%,1,0,1,1,1,30,3,4,2,2,7,12,4,1,1,3,2,1,13,0,0,0,2,1,17,6,5,3,6676.1,2006.2,2283.2,1556.9,521.4,308.4,130,47,29.7,1,4,4,2,100,0
12,G,SOUTH AFRICA,CAF,SWEDEN,1?€2,LOSE,54,4_4_2,MF,STARTING,16,12,75%,0,0,0,2,1,50%,0,0,0,0,0,21,5,10,2,0,3,1,7,2,2,1,1,2,33,1,0,1,0,3,40,21,3,0,7712.8,2334.7,2770.4,2149.6,320.1,138.1,156,25,27.8,1,4,4,2,100,0
12,G,SOUTH AFRICA,CAF,SWEDEN,1?€2,LOSE,54,4_4_2,FW,STARTING,10,8,80%,0,1,0,1,1,100%,3,1,2,5,0,32,1,7,0,2,21,1,4,3,1,0,1,5,20,0,0,0,0,3,26,11,2,0,9383.8,3689.7,2855.5,1862.7,470.1,506.7,158,55,32,1,4,4,2,33.33333333,0
12,G,SOUTH AFRICA,CAF,SWEDEN,1?€2,LOSE,54,4_4_2,MF,STARTING,20,11,55%,0,3,0,8,3,37%,3,1,2,1,0,21,1,2,0,0,13,5,8,4,1,4,2,5,21,2,0,2,7,6,19,6,7,6,10485,4122.7,3080.5,2232.3,597.6,450.9,180,57,30,1,4,4,2,25,0
12,G,SOUTH AFRICA,CAF,SWEDEN,1?€2,LOSE,54,4_4_2,DF,STARTING,12,6,50%,0,0,0,5,1,20%,0,0,0,1,0,4,0,0,0,0,0,4,1,2,1,5,0,3,4,1,0,1,11,5,5,2,13,1,8821.9,3726.4,3244.7,1479.4,215.3,156.1,136,25,29.7,1,4,4,2,50,0
12,G,SOUTH AFRICA,CAF,SWEDEN,1?€2,LOSE,54,4_4_2,MF,STARTING,32,20,62%,1,0,0,14,6,42%,0,0,0,1,0,19,4,7,0,0,5,3,5,2,0,2,2,8,16,0,1,1,4,15,22,6,7,4,10330.4,3513.4,3572.3,2621.9,528.9,94,218,42,26.2,1,4,4,2,0,0
12,G,SOUTH AFRICA,CAF,SWEDEN,1?€2,LOSE,54,4_4_2,DF,STARTING,26,15,58%,0,0,0,12,7,58%,0,0,0,0,0,3,1,0,0,0,0,2,1,7,2,4,5,14,18,3,0,3,4,4,35,11,11,6,9477.6,3709.5,3711.4,1768.5,260.6,27.5,149,21,27.5,1,4,4,2,28.57142857,0
12,G,SOUTH AFRICA,CAF,SWEDEN,1?€2,LOSE,54,4_4_2,MF,STARTING,28,14,50%,1,1,1,16,11,68%,0,0,0,1,0,5,2,1,0,1,1,0,3,2,1,1,0,4,8,3,0,3,1,9,26,3,1,2,10080,3603.6,3835.4,2358.7,263.1,20.2,186,23,25.5,1,4,4,2,50,100
12,G,SOUTH AFRICA,CAF,SWEDEN,1?€2,LOSE,54,4_4_2,DF,Substitutions,0,0,0,0,0,0,0,0,0,0,0,0,0,0,0,0,0,0,0,0,0,0,0,0,0,0,0,0,0,0,0,0,0,0,0,0,0,0,0,0,0,0,0,0,0,0,1,4,4,2,0,0
12,G,SOUTH AFRICA,CAF,SWEDEN,1?€2,LOSE,54,4_4_2,DF,Substitutions,0,0,0,0,0,0,0,0,0,0,0,0,0,0,0,0,0,0,0,0,0,0,0,0,0,0,0,0,0,0,0,0,0,0,0,0,0,0,0,0,0,0,0,0,0,0,1,4,4,2,0,0
12,G,SOUTH AFRICA,CAF,SWEDEN,1?€2,LOSE,54,4_4_2,MF,Substitutions,0,0,0,0,0,0,0,0,0,0,0,0,0,0,0,0,0,0,0,0,0,0,0,0,0,0,0,0,0,0,0,0,0,0,0,0,0,0,0,0,0,0,0,0,0,0,1,4,4,2,0,0
12,G,SOUTH AFRICA,CAF,SWEDEN,1?€2,LOSE,54,4_4_2,DF,Substitutions,0,0,0,0,0,0,0,0,0,0,0,0,0,0,0,0,0,0,0,0,0,0,0,0,0,0,0,0,0,0,0,0,0,0,0,0,0,0,0,0,0,0,0,0,0,0,1,4,4,2,0,0
12,G,SOUTH AFRICA,CAF,SWEDEN,1?€2,LOSE,54,4_4_2,MF,Substitutions,8,5,62%,0,1,0,4,3,75%,1,1,0,0,0,14,4,1,1,0,1,7,1,1,0,1,1,2,12,0,0,0,2,2,12,3,1,3,4580.6,1285.3,1622.9,1341.7,224.5,106.3,102,22,26.8,1,4,4,2,0,0
12,G,SOUTH AFRICA,CAF,SWEDEN,1?€2,LOSE,54,4_4_2,DF,Substitutions,0,0,0,0,0,0,0,0,0,0,0,0,0,0,0,0,0,0,0,0,0,0,0,0,0,0,0,0,0,0,0,0,0,0,0,0,0,0,0,0,0,0,0,0,0,0,1,4,4,2,0,0
12,G,SOUTH AFRICA,CAF,SWEDEN,1?€2,LOSE,54,4_4_2,GK,Substitutions,0,0,0,0,0,0,0,0,0,0,0,0,0,0,0,0,0,0,0,0,0,0,0,0,0,0,0,0,0,0,0,0,0,0,0,0,0,0,0,0,0,0,0,0,0,0,1,4,4,2,0,0
12,G,SOUTH AFRICA,CAF,SWEDEN,1?€2,LOSE,54,4_4_2,FW,Substitutions,0,0,0,0,0,0,0,0,0,0,0,0,0,0,0,0,0,0,0,0,0,0,0,0,0,0,0,0,0,0,0,0,0,0,0,0,0,0,0,0,0,0,0,0,0,0,1,4,4,2,0,0
12,G,SOUTH AFRICA,CAF,SWEDEN,1?€2,LOSE,54,4_4_2,MF,Substitutions,0,0,0,0,0,0,0,0,0,0,0,0,0,0,0,0,0,0,0,0,0,0,0,0,0,0,0,0,0,0,0,0,0,0,0,0,0,0,0,0,0,0,0,0,0,0,1,4,4,2,0,0
12,G,SOUTH AFRICA,CAF,SWEDEN,1?€2,LOSE,54,4_4_2,GK,Substitutions,0,0,0,0,0,0,0,0,0,0,0,0,0,0,0,0,0,0,0,0,0,0,0,0,0,0,0,0,0,0,0,0,0,0,0,0,0,0,0,0,0,0,0,0,0,0,1,4,4,2,0,0
12,G,SOUTH AFRICA,CAF,SWEDEN,1?€2,LOSE,54,4_4_2,MF,Substitutions,8,5,62%,0,1,1,2,1,50%,0,0,0,1,0,10,3,7,0,0,0,0,4,1,0,3,1,1,13,1,0,3,3,4,17,7,3,3,3193.3,1107.4,1323.9,688.5,73.4,0,58,5,27.9,1,4,4,2,0,100
12,G,SOUTH AFRICA,CAF,SWEDEN,1?€2,LOSE,54,4_4_2,MF,Substitutions,0,0,0,0,0,0,0,0,0,0,0,0,0,0,0,0,0,0,0,0,0,0,0,0,0,0,0,0,0,0,0,0,0,0,0,0,0,0,0,0,0,0,0,0,0,0,1,4,4,2,0,0
45,G,SWEDEN,UEFA,ARGENTINA,2?€0,WIN,3,4_3_2_1,DF,STARTING,53,41,0.77,1,1,0,11,7,0.63,2,1,1,0,0,17,7,1,0,0,4,5,6,9,2,0,1,9,3,0,0,0,1,6,11,4,3,2,10049.4,3756.5,4034.8,1753.6,343.7,160.8,149,32,28.4,2,4,5,1,22.22222222,0
45,G,SWEDEN,UEFA,ARGENTINA,2?€0,WIN,3,4_3_2_1,DF,STARTING,58,44,0.76,0,4,0,12,7,0.58,2,0,2,1,0,75,21,2,1,0,5,46,30,3,1,4,3,5,9,1,0,1,4,8,19,8,9,3,10632.3,3102.5,4405,2445.4,601.8,77.6,211,56,26.9,2,4,5,1,33.33333333,0
45,G,SWEDEN,UEFA,ARGENTINA,2?€0,WIN,3,4_3_2_1,DF,STARTING,69,65,0.94,2,0,0,20,19,0.95,0,0,0,1,0,17,2,0,0,0,0,15,13,1,0,2,0,2,4,2,0,2,5,8,2,2,3,6,8987.9,3186.2,3726.4,1829,208.5,36.9,143,18,32.8,2,4,5,1,0,0
45,G,SWEDEN,UEFA,ARGENTINA,2?€0,WIN,3,4_3_2_1,MF,STARTING,14,11,0.79,0,5,0,3,2,0.66,6,2,4,0,0,78,11,36,3,5,21,2,15,2,1,2,0,9,47,0,0,1,0,9,52,34,4,1,10667.5,3586.4,3877.6,2304.2,662.5,236.8,187,59,31,2,4,5,1,50,0
45,G,SWEDEN,UEFA,ARGENTINA,2?€0,WIN,3,4_3_2_1,MF,STARTING,19,14,0.74,0,3,2,11,7,0.63,6,2,4,0,0,55,9,3,0,2,17,24,17,5,2,5,1,5,18,1,0,1,2,5,18,11,7,1,8504.4,3118.6,2546.2,2188.2,466.9,185.4,165,43,32.2,2,4,5,1,40,66.66666667
45,G,SWEDEN,UEFA,ARGENTINA,2?€0,WIN,3,4_3_2_1,GK,STARTING,26,17,0.65,0,0,0,4,2,0.5,0,0,0,0,0,4,0,0,0,0,0,4,2,0,0,0,0,0,0,0,0,0,0,4,0,0,5,0,5967.5,3624.6,2056.4,226.8,60.3,0,24,6,25.8,2,4,5,1,0,0
45,G,SWEDEN,UEFA,ARGENTINA,2?€0,WIN,3,4_3_2_1,DF,STARTING,59,52,0.88,0,0,0,6,4,0.66,0,0,0,0,0,7,1,0,0,0,1,5,2,1,0,0,0,1,1,0,0,0,3,7,2,0,0,3,6557.8,2262.4,2525.4,1575.2,154.8,40,131,15,28.9,2,4,5,1,0,0
45,G,SWEDEN,UEFA,ARGENTINA,2?€0,WIN,3,4_3_2_1,FW,STARTING,16,11,0.69,1,0,0,4,2,0.5,1,1,0,1,1,79,1,27,4,5,37,5,7,0,0,2,1,0,16,1,0,1,0,2,25,10,1,2,8971,3768.7,2568.4,1960.2,433.3,239.5,180,43,28.1,2,4,5,1,0,0
45,G,SWEDEN,UEFA,ARGENTINA,2?€0,WIN,3,4_3_2_1,MF,STARTING,18,17,0.94,1,0,0,2,2,1,0,0,0,0,0,29,15,1,0,0,0,13,10,1,0,2,0,1,6,6,0,6,1,4,12,1,3,3,4193.5,1725.2,1389.7,958.2,106.5,13.8,76,8,27,2,4,5,1,0,0
45,G,SWEDEN,UEFA,ARGENTINA,2?€0,WIN,3,4_3_2_1,MF,STARTING,40,30,0.75,0,1,0,18,12,0.66,2,0,2,1,0,123,66,46,1,1,1,8,20,1,1,3,0,9,16,0,0,1,1,11,34,7,2,2,10486.5,3011.7,3993.2,2990.7,338.7,152.1,218,28,28.8,2,4,5,1,100,0
45,G,SWEDEN,UEFA,ARGENTINA,2?€0,WIN,3,4_3_2_1,MF,STARTING,17,6,0.35,1,2,1,8,4,0.5,0,0,0,2,0,32,6,6,1,4,9,6,4,3,0,2,0,3,11,0,0,0,1,7,12,6,0,3,7278.7,2097.7,2875.1,1733.1,392.3,181.2,142,39,29.2,2,4,5,1,0,50
45,G,SWEDEN,UEFA,ARGENTINA,2?€0,WIN,3,4_3_2_1,GK,Substitutions,0,0,0,0,0,0,0,0,0,0,0,0,0,0,0,0,0,0,0,0,0,0,0,0,0,0,0,0,0,0,0,0,0,0,0,0,0,0,0,0,0,0,0,0,0,0,2,4,5,1,0,0
45,G,SWEDEN,UEFA,ARGENTINA,2?€0,WIN,3,4_3_2_1,DF,Substitutions,0,0,0,0,0,0,0,0,0,0,0,0,0,0,0,0,0,0,0,0,0,0,0,0,0,0,0,0,0,0,0,0,0,0,0,0,0,0,0,0,0,0,0,0,0,0,2,4,5,1,0,0
45,G,SWEDEN,UEFA,ARGENTINA,2?€0,WIN,3,4_3_2_1,DF,Substitutions,17,15,0.88,1,0,0,6,5,0.83,0,0,0,0,0,7,1,0,0,0,0,6,2,2,2,0,0,4,1,0,0,0,3,2,1,0,5,0,3105.2,1128.4,1259.2,623.2,77.3,17.4,57,8,24.4,2,4,5,1,100,0
45,G,SWEDEN,UEFA,ARGENTINA,2?€0,WIN,3,4_3_2_1,FW,Substitutions,9,7,0.78,0,0,0,2,2,1,0,0,0,0,0,8,2,1,1,0,4,0,2,3,1,0,0,4,0,0,0,0,0,1,2,0,1,1,3850.2,1215.5,1195.9,1024.9,357.3,56.6,77,24,26.4,2,4,5,1,33.33333333,0
45,G,SWEDEN,UEFA,ARGENTINA,2?€0,WIN,3,4_3_2_1,MF,Substitutions,0,0,0,0,0,0,0,0,0,0,0,0,0,0,0,0,0,0,0,0,0,0,0,0,0,0,0,0,0,0,0,0,0,0,0,0,0,0,0,0,0,0,0,0,0,0,2,4,5,1,0,0
45,G,SWEDEN,UEFA,ARGENTINA,2?€0,WIN,3,4_3_2_1,FW,Substitutions,1,0,0,0,0,0,0,0,0,0,0,0,0,0,0,0,0,0,0,0,0,0,0,0,0,0,0,0,0,0,0,0,0,0,0,0,0,276.9,129.9,49.1,83.6,14.3,0,6,1,20.3,2,4,5,1,0,0
45,G,SWEDEN,UEFA,ARGENTINA,2?€0,WIN,3,4_3_2_1,DF,Substitutions,0,0,0,0,0,0,0,0,0,0,0,0,0,0,0,0,0,0,0,0,0,0,0,0,0,0,0,0,0,0,0,0,0,0,0,0,0,0,0,0,0,0,0,0,0,0,2,4,5,1,0,0
45,G,SWEDEN,UEFA,ARGENTINA,2?€0,WIN,3,4_3_2_1,MF,Substitutions,0,0,0,0,0,0,0,0,0,0,0,0,0,0,0,0,0,0,0,0,0,0,0,0,0,0,0,0,0,0,0,0,0,0,0,0,0,0,0,0,0,0,0,0,0,0,2,4,5,1,0,0
45,G,SWEDEN,UEFA,ARGENTINA,2?€0,WIN,3,4_3_2_1,MF,Substitutions,0,0,0,0,0,0,0,0,0,0,0,0,0,0,0,0,0,0,0,0,0,0,0,0,0,0,0,0,0,0,0,0,0,0,0,0,0,0,0,0,0,0,0,0,0,0,2,4,5,1,0,0
45,G,SWEDEN,UEFA,ARGENTINA,2?€0,WIN,3,4_3_2_1,MF,Substitutions,4,3,0.75,0,0,0,1,1,1,3,2,1,0,0,15,0,1,1,0,11,2,3,0,0,2,0,2,5,0,0,0,0,2,3,3,1,1,2122.5,844.5,551,441.9,150.3,134.8,36,19,30.8,2,4,5,1,0,0
45,G,SWEDEN,UEFA,ARGENTINA,2?€0,WIN,3,4_3_2_1,GK,Substitutions,0,0,0,0,0,0,0,0,0,0,0,0,0,0,0,0,0,0,0,0,0,0,0,0,0,0,0,0,0,0,0,0,0,0,0,0,0,0,0,0,0,0,0,0,0,0,2,4,5,1,0,0
45,G,SWEDEN,UEFA,ARGENTINA,2?€0,WIN,3,4_3_2_1,MF,Substitutions,35,28,0.8,0,2,0,9,6,0.66,1,0,1,1,1,66,43,7,1,1,0,14,27,1,1,2,1,2,12,1,0,2,1,6,12,3,4,0,5661.6,1784.5,2208.6,1460.1,194.2,14.7,110,15,29.4,2,4,5,1,100,0
30,G,SWEDEN,UEFA,ITALY,5?€1,WIN,3,4_3_2_1,GK,STARTING,20,12,60%,0,0,0,13,7,53%,0,0,0,0,0,5,0,0,0,0,1,4,2,0,0,0,0,0,0,0,0,0,1,2,0,0,4,0,4935.4,3797.8,882.9,235.9,11.8,6.9,28,1,25.5,5,4,5,1,0,0
30,G,SWEDEN,UEFA,ITALY,5?€1,WIN,3,4_3_2_1,DF,STARTING,37,27,73%,1,7,3,11,4,36%,2,0,2,1,0,26,5,0,0,0,5,16,8,4,0,4,2,7,12,0,0,2,1,6,28,15,3,5,10903.2,3106.3,4408.2,2762.9,450.3,175.5,214,38,29.6,5,4,5,1,0,42.85714286
30,G,SWEDEN,UEFA,ITALY,5?€1,WIN,3,4_3_2_1,DF,STARTING,30,26,87%,1,0,0,13,10,76%,0,0,0,0,0,19,1,0,0,0,0,18,7,0,0,1,1,5,3,1,0,1,5,6,8,2,1,4,9540.2,3328.6,3678.7,2169.4,310.1,54.4,170,28,27.1,5,4,5,1,0,0
30,G,SWEDEN,UEFA,ITALY,5?€1,WIN,3,4_3_2_1,MF,STARTING,23,16,70%,0,2,0,6,5,83%,1,1,0,0,0,42,3,23,1,6,6,3,11,1,0,2,0,6,36,0,0,2,0,5,20,14,3,1,7521.1,2560.9,2793.4,1687.7,373,106,137,34,27.1,5,4,5,1,0,0
30,G,SWEDEN,UEFA,ITALY,5?€1,WIN,3,4_3_2_1,FW,STARTING,11,10,91%,1,1,0,2,2,100%,3,2,1,2,1,33,0,6,1,2,24,0,4,1,0,0,1,0,26,2,0,2,0,7,25,17,1,0,9288.4,3512,3081.9,1842.8,362.2,488.6,154,45,30.5,5,4,5,1,0,0
30,G,SWEDEN,UEFA,ITALY,5?€1,WIN,3,4_3_2_1,DF,STARTING,35,30,86%,0,0,0,11,9,81%,0,0,0,3,2,11,1,0,0,0,0,10,7,1,1,2,1,1,3,6,0,6,6,4,3,0,4,5,10343.4,3514.7,4116.7,2340.7,341.3,30,188,26,27,5,4,5,1,100,0
30,G,SWEDEN,UEFA,ITALY,5?€1,WIN,3,4_3_2_1,DF,STARTING,90,68,76%,1,1,0,33,20,60%,2,1,1,1,0,16,5,0,0,0,0,11,13,1,0,6,3,7,5,0,1,1,6,11,12,5,11,4,9789.6,3715.2,3399.9,2194.8,435.6,44.1,177,33,25.9,5,4,5,1,0,0
30,G,SWEDEN,UEFA,ITALY,5?€1,WIN,3,4_3_2_1,MF,STARTING,57,47,82%,1,1,0,11,7,63%,1,1,0,2,0,24,6,11,1,2,1,3,13,4,2,4,1,4,11,1,0,3,3,8,30,10,9,4,11830.2,2952.8,4853.9,3474.5,456.6,91.1,224,34,25.8,5,4,5,1,50,0
30,G,SWEDEN,UEFA,ITALY,5?€1,WIN,3,4_3_2_1,MF,STARTING,33,29,88%,0,0,0,9,7,77%,0,0,0,5,1,21,3,7,0,2,7,2,12,1,1,5,0,4,30,0,0,0,1,9,21,15,1,3,7439.6,2338.3,2722.9,1822,430,126.5,145,36,26.3,5,4,5,1,100,0
30,G,SWEDEN,UEFA,ITALY,5?€1,WIN,3,4_3_2_1,MF,STARTING,20,16,80%,0,4,0,0,0,0%,2,2,0,0,0,50,0,11,1,2,17,19,12,6,1,2,2,5,17,1,0,1,0,10,23,9,6,6,8258.7,2988,2599.8,1760.8,583.1,327.9,153,51,29.6,5,4,5,1,16.66666667,0
30,G,SWEDEN,UEFA,ITALY,5?€1,WIN,3,4_3_2_1,MF,STARTING,31,27,87%,0,0,0,8,6,75%,0,0,0,3,0,39,19,17,1,0,1,1,10,7,1,3,4,13,14,1,0,1,2,12,15,10,8,2,8492.4,2754.9,3147.3,2156.2,351.6,82.4,170,26,26,5,4,5,1,14.28571429,0
30,G,SWEDEN,UEFA,ITALY,5?€1,WIN,3,4_3_2_1,DF,Substitutions,0,0,0,0,0,0,0,0,0,0,0,0,0,0,0,0,0,0,0,0,0,0,0,0,0,0,0,0,0,0,0,0,0,0,0,0,0,0,0,0,0,0,0,0,0,0,5,4,5,1,0,0
30,G,SWEDEN,UEFA,ITALY,5?€1,WIN,3,4_3_2_1,DF,Substitutions,0,0,0,0,0,0,0,0,0,0,0,0,0,0,0,0,0,0,0,0,0,0,0,0,0,0,0,0,0,0,0,0,0,0,0,0,0,0,0,0,0,0,0,0,0,0,5,4,5,1,0,0
30,G,SWEDEN,UEFA,ITALY,5?€1,WIN,3,4_3_2_1,DF,Substitutions,0,0,0,0,0,0,0,0,0,0,0,0,0,0,0,0,0,0,0,0,0,0,0,0,0,0,0,0,0,0,0,0,0,0,0,0,0,0,0,0,0,0,0,0,0,0,5,4,5,1,0,0
30,G,SWEDEN,UEFA,ITALY,5?€1,WIN,3,4_3_2_1,FW,Substitutions,9,6,67%,0,1,0,2,1,50%,1,1,0,0,0,6,0,4,1,1,0,0,5,2,1,0,0,4,26,0,0,0,1,2,22,15,1,1,4113.8,1228,1394.2,1194.6,144.8,151.8,87,18,27.4,5,4,5,1,50,0
30,G,SWEDEN,UEFA,ITALY,5?€1,WIN,3,4_3_2_1,FW,Substitutions,0,0,0,0,0,0,0,0,0,0,0,0,0,0,0,0,0,0,0,0,0,0,0,0,0,0,0,0,0,0,0,0,0,0,0,0,0,0,0,0,0,0,0,0,0,0,5,4,5,1,0,0
30,G,SWEDEN,UEFA,ITALY,5?€1,WIN,3,4_3_2_1,FW,Substitutions,4,4,100%,0,3,0,3,3,100%,3,2,1,1,0,20,0,0,0,2,14,4,8,2,0,1,0,1,5,0,0,0,0,1,7,1,0,0,2745.4,854.9,939.8,634.5,254.5,62,55,20,26.1,5,4,5,1,0,0
30,G,SWEDEN,UEFA,ITALY,5?€1,WIN,3,4_3_2_1,GK,Substitutions,0,0,0,0,0,0,0,0,0,0,0,0,0,0,0,0,0,0,0,0,0,0,0,0,0,0,0,0,0,0,0,0,0,0,0,0,0,0,0,0,0,0,0,0,0,0,5,4,5,1,0,0
30,G,SWEDEN,UEFA,ITALY,5?€1,WIN,3,4_3_2_1,FW,Substitutions,3,3,100%,0,0,0,1,1,100%,1,1,0,1,1,9,0,2,1,0,6,0,3,0,0,0,0,0,3,0,0,0,0,0,4,3,0,0,926.7,267.6,231.8,245.8,66.8,114.8,25,7,28.5,5,4,5,1,0,0
30,G,SWEDEN,UEFA,ITALY,5?€1,WIN,3,4_3_2_1,MF,Substitutions,13,11,85%,0,0,0,4,4,100%,0,0,0,0,0,9,5,4,0,0,0,0,3,2,0,1,0,2,1,0,0,0,0,2,4,2,0,1,2387.5,745.6,946.4,609,60.9,25.8,50,6,27,5,4,5,1,0,0
30,G,SWEDEN,UEFA,ITALY,5?€1,WIN,3,4_3_2_1,MF,Substitutions,0,0,0,0,0,0,0,0,0,0,0,0,0,0,0,0,0,0,0,0,0,0,0,0,0,0,0,0,0,0,0,0,0,0,0,0,0,0,0,0,0,0,0,0,0,0,5,4,5,1,0,0
30,G,SWEDEN,UEFA,ITALY,5?€1,WIN,3,4_3_2_1,GK,Substitutions,0,0,0,0,0,0,0,0,0,0,0,0,0,0,0,0,0,0,0,0,0,0,0,0,0,0,0,0,0,0,0,0,0,0,0,0,0,0,0,0,0,0,0,0,0,0,5,4,5,1,0,0
30,G,SWEDEN,UEFA,ITALY,5?€1,WIN,3,4_3_2_1,MF,Substitutions,9,5,56%,0,0,0,1,1,100%,0,0,0,1,0,15,1,4,1,2,7,0,1,2,1,1,2,1,14,0,0,0,1,2,10,6,3,3,4316.5,1216.8,1457.2,1156.4,364.3,121.3,93,25,26.7,5,4,5,1,50,0
12,G,SWEDEN,UEFA,SOUTH AFRICA,2?€1,WIN,3,3_4_3,GK,STARTING,23,17,74%,0,0,0,4,1,25%,0,0,0,0,0,8,0,0,0,0,0,8,4,0,0,0,0,0,0,0,0,0,0,2,0,0,4,0,5351,3979,1083,255.8,33.2,0,31,3,22.9,2,3,4,3,0,0
12,G,SWEDEN,UEFA,SOUTH AFRICA,2?€1,WIN,3,3_4_3,DF,STARTING,55,46,84%,0,10,4,17,12,70%,0,0,0,1,0,30,8,2,0,1,12,7,9,1,0,5,0,4,8,1,0,1,5,9,4,2,3,5,11715.8,3114,4217.7,3636.6,513.2,233.1,241,42,27.4,2,3,4,3,0,40
12,G,SWEDEN,UEFA,SOUTH AFRICA,2?€1,WIN,3,3_4_3,DF,STARTING,67,60,90%,2,1,0,24,18,75%,0,0,0,1,0,0,0,0,0,0,0,0,0,0,0,1,1,1,3,2,0,2,11,8,3,2,4,8,9087.1,3491.3,3515.8,1633,344.4,102.7,143,26,26.6,2,3,4,3,0,0
12,G,SWEDEN,UEFA,SOUTH AFRICA,2?€1,WIN,3,3_4_3,MF,STARTING,33,23,70%,0,7,3,8,3,37%,5,2,3,0,0,97,4,56,7,7,19,4,29,3,0,1,0,7,11,0,0,1,0,6,13,4,4,1,10869.8,3845.7,4194.7,2413.1,319.6,96.7,193,33,28.1,2,3,4,3,0,42.85714286
12,G,SWEDEN,UEFA,SOUTH AFRICA,2?€1,WIN,3,3_4_3,FW,STARTING,9,6,67%,0,0,0,0,0,0,0,0,0,0,0,43,0,7,1,0,34,1,8,0,0,0,0,0,8,1,0,1,0,1,8,4,0,0,6736.3,2685.1,2456.7,1043.4,282.9,268.1,101,31,28.7,2,3,4,3,0,0
12,G,SWEDEN,UEFA,SOUTH AFRICA,2?€1,WIN,3,3_4_3,DF,STARTING,72,69,96%,0,0,0,7,5,71%,1,0,1,5,1,3,0,0,0,0,0,3,2,0,0,2,2,0,1,3,0,3,3,6,4,0,3,4,10395.8,3569.9,4079.3,2204.9,389.8,151.8,192,35,28,2,3,4,3,0,0
12,G,SWEDEN,UEFA,SOUTH AFRICA,2?€1,WIN,3,3_4_3,DF,STARTING,97,91,94%,0,1,0,33,29,87%,0,0,0,0,0,40,17,4,0,0,2,17,19,2,1,2,2,2,4,1,0,1,9,11,3,0,6,7,10282.7,3802.5,3473.5,2408.2,445.2,153.2,190,35,28.2,2,3,4,3,50,0
12,G,SWEDEN,UEFA,SOUTH AFRICA,2?€1,WIN,3,3_4_3,MF,STARTING,56,40,71%,1,1,0,25,16,64%,5,1,4,4,0,24,11,6,2,0,1,4,15,2,1,3,1,6,12,0,0,1,1,14,9,7,5,1,8151.7,2024.1,3453,2311.8,234,128.8,160,22,26.8,2,3,4,3,50,0
12,G,SWEDEN,UEFA,SOUTH AFRICA,2?€1,WIN,3,3_4_3,MF,STARTING,28,23,82%,1,1,0,8,5,62%,0,0,0,1,1,27,9,7,0,4,1,6,12,1,0,1,1,1,10,2,0,2,3,2,8,3,4,1,7753.2,2591.1,2819.1,1946.1,303.2,93.8,161,26,27,2,3,4,3,0,0
12,G,SWEDEN,UEFA,SOUTH AFRICA,2?€1,WIN,3,3_4_3,MF,STARTING,48,38,79%,0,7,1,8,4,50%,6,3,3,0,0,52,4,1,2,1,21,23,16,4,1,3,1,7,15,0,0,0,4,4,11,9,5,3,9423.8,3614,2845,1909.3,634.2,421.2,171,66,29.9,2,3,4,3,25,14.28571429
12,G,SWEDEN,UEFA,SOUTH AFRICA,2?€1,WIN,3,3_4_3,MF,STARTING,35,30,86%,1,1,0,8,5,62%,3,0,3,1,0,59,38,17,1,1,1,1,17,6,3,3,1,8,11,3,0,3,10,7,16,8,14,5,9272.7,3139.7,3608.9,2026.1,281,217.9,158,26,30.2,2,3,4,3,50,0
12,G,SWEDEN,UEFA,SOUTH AFRICA,2?€1,WIN,3,3_4_3,DF,Substitutions,0,0,0,0,0,0,0,0,0,0,0,0,0,0,0,0,0,0,0,0,0,0,0,0,0,0,0,0,0,0,0,0,0,0,0,0,0,0,0,0,0,0,0,0,0,0,2,3,4,3,0,0
12,G,SWEDEN,UEFA,SOUTH AFRICA,2?€1,WIN,3,3_4_3,DF,Substitutions,0,0,0,0,0,0,0,0,0,0,0,0,0,0,0,0,0,0,0,0,0,0,0,0,0,0,0,0,0,0,0,0,0,0,0,0,0,0,0,0,0,0,0,0,0,0,2,3,4,3,0,0
12,G,SWEDEN,UEFA,SOUTH AFRICA,2?€1,WIN,3,3_4_3,DF,Substitutions,0,0,0,0,0,0,0,0,0,0,0,0,0,0,0,0,0,0,0,0,0,0,0,0,0,0,0,0,0,0,0,0,0,0,0,0,0,0,0,0,0,0,0,0,0,0,2,3,4,3,0,0
12,G,SWEDEN,UEFA,SOUTH AFRICA,2?€1,WIN,3,3_4_3,FW,Substitutions,0,0,0,0,0,0,0,0,0,0,0,0,0,0,0,0,0,0,0,0,0,0,0,0,0,0,0,0,0,0,0,0,0,0,0,0,0,0,0,0,0,0,0,0,0,0,2,3,4,3,0,0
12,G,SWEDEN,UEFA,SOUTH AFRICA,2?€1,WIN,3,3_4_3,FW,Substitutions,1,1,100%,0,0,0,0,0,0,0,0,0,0,0,0,0,0,0,0,0,0,0,0,0,0,0,0,1,3,0,3,0,0,0,0,1,0,876.6,307.6,346.4,159.5,63,0,14,3,22.3,2,3,4,3,0,0
12,G,SWEDEN,UEFA,SOUTH AFRICA,2?€1,WIN,3,3_4_3,FW,Substitutions,0,0,0,0,0,0,0,0,0,0,0,0,0,0,0,0,0,0,0,0,0,0,0,0,0,0,0,0,0,0,0,0,0,0,0,0,0,0,0,0,0,0,0,0,0,0,2,3,4,3,0,0
12,G,SWEDEN,UEFA,SOUTH AFRICA,2?€1,WIN,3,3_4_3,GK,Substitutions,0,0,0,0,0,0,0,0,0,0,0,0,0,0,0,0,0,0,0,0,0,0,0,0,0,0,0,0,0,0,0,0,0,0,0,0,0,0,0,0,0,0,0,0,0,0,2,3,4,3,0,0
12,G,SWEDEN,UEFA,SOUTH AFRICA,2?€1,WIN,3,3_4_3,FW,Substitutions,4,3,75%,0,0,0,0,0,0,0,0,0,0,0,33,1,7,0,1,21,3,4,0,0,0,0,2,4,1,0,1,0,0,8,4,0,0,2825.9,1043.3,964.2,611.2,137.9,69.2,67,16,27.7,2,3,4,3,0,0
12,G,SWEDEN,UEFA,SOUTH AFRICA,2?€1,WIN,3,3_4_3,MF,Substitutions,12,8,67%,0,0,0,5,2,40%,0,0,0,1,0,8,7,1,0,0,0,0,4,0,0,1,0,0,2,1,0,1,0,1,0,0,0,1,1571.2,576.8,525.7,410.6,51.4,6.9,28,5,29,2,3,4,3,0,0
12,G,SWEDEN,UEFA,SOUTH AFRICA,2?€1,WIN,3,3_4_3,MF,Substitutions,12,7,58%,0,1,0,6,3,50%,0,0,0,0,0,18,8,3,0,2,2,3,6,2,0,0,0,2,4,0,0,0,0,1,2,1,0,1,3086.8,1006,1285.3,642.4,152.8,0,55,14,24.1,2,3,4,3,0,0
12,G,SWEDEN,UEFA,SOUTH AFRICA,2?€1,WIN,3,3_4_3,GK,Substitutions,0,0,0,0,0,0,0,0,0,0,0,0,0,0,0,0,0,0,0,0,0,0,0,0,0,0,0,0,0,0,0,0,0,0,0,0,0,0,0,0,0,0,0,0,0,0,2,3,4,3,0,0
12,G,SWEDEN,UEFA,SOUTH AFRICA,2?€1,WIN,3,3_4_3,MF,Substitutions,14,5,36%,0,1,0,4,1,25%,0,0,0,0,0,16,2,1,1,0,3,9,8,1,1,0,0,1,1,1,0,1,0,4,1,0,1,0,3483.3,988.9,1371.7,944.7,169.3,8.7,74,13,24.8,2,3,4,3,100,0
31,H,COLOMBIA,CONMEBOL,GERMANY,2?€1,WIN,25,4_2_3_1,GK,STARTING,19,6,32%,0,0,0,15,3,20%,0,0,0,0,0,0,0,0,0,0,0,0,0,0,0,0,0,0,0,0,0,0,0,4,0,0,9,0,4109.7,3184.2,637.4,207.5,80.6,0,22,7,24.4,2,4,5,1,0,0
31,H,COLOMBIA,CONMEBOL,GERMANY,2?€1,WIN,25,4_2_3_1,DF,STARTING,33,18,55%,2,0,0,18,11,61%,1,0,1,2,1,9,4,1,0,0,0,4,4,5,2,4,4,8,15,4,1,5,12,7,21,12,11,12,9494,3912.5,3149.1,1985.2,360.8,86.4,181,32,26.9,2,4,5,1,40,0
31,H,COLOMBIA,CONMEBOL,GERMANY,2?€1,WIN,25,4_2_3_1,DF,STARTING,7,4,57%,0,0,0,4,1,25%,0,0,0,0,0,5,0,0,0,0,1,4,0,2,0,4,2,4,7,4,0,4,7,3,18,4,9,3,9556.7,3746.2,3685.1,1584.5,367.9,173,141,34,32,2,4,5,1,0,0
31,H,COLOMBIA,CONMEBOL,GERMANY,2?€1,WIN,25,4_2_3_1,MF,STARTING,24,15,62%,0,0,0,10,5,50%,1,1,0,2,0,4,1,3,0,0,0,0,1,7,4,3,0,9,42,0,0,0,2,13,43,20,8,4,9691.2,3623.5,3452,2086.5,422.5,106.6,178,35,28.4,2,4,5,1,57.14285714,0
31,H,COLOMBIA,CONMEBOL,GERMANY,2?€1,WIN,25,4_2_3_1,MF,STARTING,11,5,45%,0,0,0,4,1,25%,0,0,0,0,0,11,2,5,0,1,1,2,2,3,1,6,1,3,15,1,0,1,2,6,12,1,6,5,8257.5,2554.9,3262.5,2232,198.2,9.9,147,15,25.8,2,4,5,1,33.33333333,0
31,H,COLOMBIA,CONMEBOL,GERMANY,2?€1,WIN,25,4_2_3_1,FW,STARTING,11,9,82%,0,4,0,2,1,50%,2,1,1,3,0,59,1,15,2,4,29,8,16,3,0,0,0,2,20,2,0,3,0,4,35,14,0,1,9336.2,4260.1,2899.8,1458.3,397.7,321.2,131,39,31.1,2,4,5,1,0,0
31,H,COLOMBIA,CONMEBOL,GERMANY,2?€1,WIN,25,4_2_3_1,FW,STARTING,37,27,73%,0,4,1,11,4,36%,1,1,0,1,0,43,11,26,1,3,1,1,14,2,0,4,0,7,64,1,0,2,2,9,47,24,2,5,11034,3487.8,4655.2,2643.7,216.3,30.9,210,20,26.3,2,4,5,1,0,25
31,H,COLOMBIA,CONMEBOL,GERMANY,2?€1,WIN,25,4_2_3_1,MF,STARTING,10,9,90%,0,0,0,1,1,100%,0,0,0,0,0,17,2,2,0,1,4,8,3,3,1,3,1,3,27,0,0,0,1,2,36,16,4,2,5549.5,2188.2,1617.7,1213.7,305.8,224.2,112,35,27.5,2,4,5,1,33.33333333,0
31,H,COLOMBIA,CONMEBOL,GERMANY,2?€1,WIN,25,4_2_3_1,DF,STARTING,48,32,67%,0,0,0,26,16,61%,0,0,0,0,0,10,1,1,0,1,0,7,6,3,0,3,3,10,13,1,0,1,8,13,34,14,4,9,9437.7,4140.3,2734.1,1913,519.1,132.1,176,41,28.8,2,4,5,1,0,0
31,H,COLOMBIA,CONMEBOL,GERMANY,2?€1,WIN,25,4_2_3_1,MF,STARTING,24,19,79%,1,0,0,5,5,100%,3,3,0,1,1,19,4,3,0,0,3,9,5,2,1,1,2,3,30,0,0,0,1,13,21,14,4,1,8495.2,4217.9,1915.7,1610.7,485.9,265.1,145,44,29.3,2,4,5,1,50,0
31,H,COLOMBIA,CONMEBOL,GERMANY,2?€1,WIN,25,4_2_3_1,DF,STARTING,11,5,45%,0,1,0,10,4,40%,1,1,0,0,0,6,2,0,0,0,2,2,2,2,0,5,0,2,10,0,0,0,11,8,13,1,4,11,9365.7,3651.7,3868,1403,332.5,110.5,128,25,30.8,2,4,5,1,0,0
31,H,COLOMBIA,CONMEBOL,GERMANY,2?€1,WIN,25,4_2_3_1,MF,Substitutions,4,3,75%,0,0,0,2,1,50%,0,0,0,0,0,1,0,0,0,0,1,0,1,3,0,1,0,2,10,0,0,0,2,0,2,1,1,3,2905.5,1124.4,1043.6,553.5,140.9,43,48,11,28.2,2,4,5,1,0,0
31,H,COLOMBIA,CONMEBOL,GERMANY,2?€1,WIN,25,4_2_3_1,MF,Substitutions,0,0,0,0,0,0,0,0,0,0,0,0,0,0,0,0,0,0,0,0,0,0,0,0,0,0,0,0,0,0,0,0,0,0,0,0,0,0,0,0,0,0,0,0,0,0,2,4,5,1,0,0
31,H,COLOMBIA,CONMEBOL,GERMANY,2?€1,WIN,25,4_2_3_1,MF,Substitutions,1,1,100%,0,0,0,0,0,0,0,0,0,0,0,1,0,0,0,1,0,0,0,0,0,0,0,0,0,0,0,0,0,1,0,0,0,0,491.7,218.7,150.9,76.8,34.6,10.8,6,3,23.7,2,4,5,1,0,0
31,H,COLOMBIA,CONMEBOL,GERMANY,2?€1,WIN,25,4_2_3_1,MF,Substitutions,23,15,65%,0,2,1,10,7,70%,1,0,1,1,0,8,2,3,1,0,0,2,3,4,2,4,0,1,9,0,0,0,0,9,6,6,3,2,4684.1,1651.2,1389.3,1281.6,218.3,143.8,95,18,29.1,2,4,5,1,50,50
31,H,COLOMBIA,CONMEBOL,GERMANY,2?€1,WIN,25,4_2_3_1,GK,Substitutions,0,0,0,0,0,0,0,0,0,0,0,0,0,0,0,0,0,0,0,0,0,0,0,0,0,0,0,0,0,0,0,0,0,0,0,0,0,0,0,0,0,0,0,0,0,0,2,4,5,1,0,0
31,H,COLOMBIA,CONMEBOL,GERMANY,2?€1,WIN,25,4_2_3_1,GK,Substitutions,0,0,0,0,0,0,0,0,0,0,0,0,0,0,0,0,0,0,0,0,0,0,0,0,0,0,0,0,0,0,0,0,0,0,0,0,0,0,0,0,0,0,0,0,0,0,2,4,5,1,0,0
31,H,COLOMBIA,CONMEBOL,GERMANY,2?€1,WIN,25,4_2_3_1,DF,Substitutions,0,0,0,0,0,0,0,0,0,0,0,0,0,0,0,0,0,0,0,0,0,0,0,0,0,0,0,0,0,0,0,0,0,0,0,0,0,0,0,0,0,0,0,0,0,0,2,4,5,1,0,0
31,H,COLOMBIA,CONMEBOL,GERMANY,2?€1,WIN,25,4_2_3_1,DF,Substitutions,0,0,0,0,0,0,0,0,0,0,0,0,0,0,0,0,0,0,0,0,0,0,0,0,0,0,0,0,0,0,0,0,0,0,0,0,0,0,0,0,0,0,0,0,0,0,2,4,5,1,0,0
31,H,COLOMBIA,CONMEBOL,GERMANY,2?€1,WIN,25,4_2_3_1,DF,Substitutions,0,0,0,0,0,0,0,0,0,0,0,0,0,0,0,0,0,0,0,0,0,0,0,0,0,0,0,0,0,0,0,0,0,0,0,0,0,0,0,0,0,0,0,0,0,0,2,4,5,1,0,0
31,H,COLOMBIA,CONMEBOL,GERMANY,2?€1,WIN,25,4_2_3_1,FW,Substitutions,0,0,0,0,0,0,0,0,0,0,0,0,0,0,0,0,0,0,0,0,0,0,0,0,0,0,0,0,0,0,0,0,0,0,0,0,0,0,0,0,0,0,0,0,0,0,2,4,5,1,0,0
31,H,COLOMBIA,CONMEBOL,GERMANY,2?€1,WIN,25,4_2_3_1,DF,Substitutions,0,0,0,0,0,0,0,0,0,0,0,0,0,0,0,0,0,0,0,0,0,0,0,0,0,0,0,0,0,0,0,0,0,0,0,0,0,0,0,0,0,0,0,0,0,0,2,4,5,1,0,0
31,H,COLOMBIA,CONMEBOL,GERMANY,2?€1,WIN,25,4_2_3_1,FW,Substitutions,0,0,0,0,0,0,0,0,0,0,0,0,0,0,0,0,0,0,0,0,0,0,0,0,0,0,0,0,0,0,0,0,0,0,0,0,0,0,0,0,0,0,0,0,0,0,2,4,5,1,0,0
16,H,COLOMBIA,CONMEBOL,KOREA,2?€0,WIN,25,4_2_3_1,GK,STARTING,21,8,38%,0,0,0,19,7,36%,0,0,0,0,0,3,0,0,0,0,0,3,1,0,0,0,0,0,0,0,0,0,0,1,0,0,9,0,3878.2,3117.3,600.7,153.6,6.2,0,21,1,23.1,2,4,5,1,0,0
16,H,COLOMBIA,CONMEBOL,KOREA,2?€0,WIN,25,4_2_3_1,DF,STARTING,48,35,73%,0,1,0,24,16,66%,4,2,2,2,0,33,11,0,0,1,5,16,16,4,2,4,0,8,5,5,0,5,5,13,9,4,7,4,9329.2,3893.1,2777.3,1918.1,609.2,132.5,155,45,30.7,2,4,5,1,50,0
16,H,COLOMBIA,CONMEBOL,KOREA,2?€0,WIN,25,4_2_3_1,DF,STARTING,14,10,71%,0,0,0,4,3,75%,0,0,0,0,0,13,2,0,0,0,1,10,4,3,0,1,1,3,0,5,1,6,3,6,8,2,4,6,9226.4,4058.7,2934.9,1765.9,351.5,115.3,134,26,32.4,2,4,5,1,0,0
16,H,COLOMBIA,CONMEBOL,KOREA,2?€0,WIN,25,4_2_3_1,MF,STARTING,33,25,76%,1,1,1,16,12,75%,2,2,0,2,0,15,8,6,0,0,0,1,7,8,2,1,1,5,13,5,0,8,1,9,11,5,8,4,8843.2,3749.5,2991.7,1789,236.1,76.9,132,23,29.4,2,4,5,1,25,100
16,H,COLOMBIA,CONMEBOL,KOREA,2?€0,WIN,25,4_2_3_1,MF,STARTING,19,16,84%,1,0,0,7,6,85%,0,0,0,0,0,32,14,10,1,2,4,1,5,3,1,3,0,4,21,0,0,0,2,7,21,6,4,3,10233.3,3903,3189.7,2678,390.9,70.6,188,29,28.2,2,4,5,1,33.33333333,0
16,H,COLOMBIA,CONMEBOL,KOREA,2?€0,WIN,25,4_2_3_1,MF,STARTING,31,23,74%,0,3,1,5,3,60%,5,2,3,3,0,70,1,17,6,7,24,15,19,1,1,2,0,3,16,2,0,3,1,12,16,10,2,2,8855.8,4374.8,2498.2,1170.7,464.9,347.1,113,48,31.1,2,4,5,1,100,33.33333333
16,H,COLOMBIA,CONMEBOL,KOREA,2?€0,WIN,25,4_2_3_1,MF,STARTING,43,34,79%,0,1,1,12,8,66%,0,0,0,2,0,40,7,21,1,2,6,3,10,4,2,2,0,2,22,1,0,4,1,8,8,5,6,2,7848.7,3056.3,2408,1817.8,398.7,168,154,38,29.5,2,4,5,1,50,100
16,H,COLOMBIA,CONMEBOL,KOREA,2?€0,WIN,25,4_2_3_1,FW,STARTING,42,33,79%,0,5,3,11,9,81%,2,1,1,5,1,62,5,36,2,9,6,4,21,2,0,2,1,5,12,1,0,2,2,8,12,4,4,2,10363.3,3746.3,4083.1,2013.6,399,122.3,169,31,27.3,2,4,5,1,0,60
16,H,COLOMBIA,CONMEBOL,KOREA,2?€0,WIN,25,4_2_3_1,DF,STARTING,52,38,73%,0,1,0,30,25,83%,2,2,0,0,0,26,6,4,3,0,6,7,13,3,1,3,1,7,4,2,0,2,7,7,15,5,4,4,8991.1,3992,2551.7,1746.1,477.4,223.9,142,33,29.3,2,4,5,1,33.33333333,0
16,H,COLOMBIA,CONMEBOL,KOREA,2?€0,WIN,25,4_2_3_1,MF,STARTING,40,34,85%,1,1,0,11,6,54%,6,4,2,2,1,24,3,4,1,3,4,9,14,4,2,0,0,6,3,0,0,1,0,9,1,0,3,1,8432.4,4143.7,2241.3,1430.1,344.9,272.4,129,36,29.2,2,4,5,1,50,0
16,H,COLOMBIA,CONMEBOL,KOREA,2?€0,WIN,25,4_2_3_1,DF,STARTING,14,7,50%,0,0,0,4,1,25%,2,2,0,1,0,7,0,0,0,0,1,6,0,2,0,2,1,4,3,6,0,6,9,6,4,1,9,6,9117.5,4069.1,3105.4,1453.3,366.5,123.1,126,28,30.4,2,4,5,1,0,0
16,H,COLOMBIA,CONMEBOL,KOREA,2?€0,WIN,25,4_2_3_1,MF,Substitutions,2,2,100%,0,0,0,1,1,100%,0,0,0,0,0,2,0,0,0,0,1,1,1,1,1,0,0,1,0,1,0,1,1,0,0,0,1,0,765,271,332.3,100,42.5,19,9,4,26.9,2,4,5,1,100,0
16,H,COLOMBIA,CONMEBOL,KOREA,2?€0,WIN,25,4_2_3_1,MF,Substitutions,0,0,0,0,0,0,0,0,0,0,0,0,0,0,0,0,0,0,0,0,0,0,0,0,0,0,0,0,0,0,0,0,0,0,0,0,0,0,0,0,0,0,0,0,0,0,2,4,5,1,0,0
16,H,COLOMBIA,CONMEBOL,KOREA,2?€0,WIN,25,4_2_3_1,MF,Substitutions,10,8,80%,1,0,0,2,2,100%,0,0,0,0,0,10,1,3,3,1,2,0,3,0,0,0,0,0,6,1,0,1,0,2,2,2,0,0,2258.4,723.8,772.4,644.5,99.6,18.1,43,7,28.5,2,4,5,1,0,0
16,H,COLOMBIA,CONMEBOL,KOREA,2?€0,WIN,25,4_2_3_1,GK,Substitutions,0,0,0,0,0,0,0,0,0,0,0,0,0,0,0,0,0,0,0,0,0,0,0,0,0,0,0,0,0,0,0,0,0,0,0,0,0,0,0,0,0,0,0,0,0,0,2,4,5,1,0,0
16,H,COLOMBIA,CONMEBOL,KOREA,2?€0,WIN,25,4_2_3_1,GK,Substitutions,0,0,0,0,0,0,0,0,0,0,0,0,0,0,0,0,0,0,0,0,0,0,0,0,0,0,0,0,0,0,0,0,0,0,0,0,0,0,0,0,0,0,0,0,0,0,2,4,5,1,0,0
16,H,COLOMBIA,CONMEBOL,KOREA,2?€0,WIN,25,4_2_3_1,DF,Substitutions,0,0,0,0,0,0,0,0,0,0,0,0,0,0,0,0,0,0,0,0,0,0,0,0,0,0,0,0,0,0,0,0,0,0,0,0,0,0,0,0,0,0,0,0,0,0,2,4,5,1,0,0
16,H,COLOMBIA,CONMEBOL,KOREA,2?€0,WIN,25,4_2_3_1,DF,Substitutions,0,0,0,0,0,0,0,0,0,0,0,0,0,0,0,0,0,0,0,0,0,0,0,0,0,0,0,0,0,0,0,0,0,0,0,0,0,0,0,0,0,0,0,0,0,0,2,4,5,1,0,0
16,H,COLOMBIA,CONMEBOL,KOREA,2?€0,WIN,25,4_2_3_1,MF,Substitutions,0,0,0,0,0,0,0,0,0,0,0,0,0,0,0,0,0,0,0,0,0,0,0,0,0,0,0,0,0,0,0,0,0,0,0,0,0,0,0,0,0,0,0,0,0,0,2,4,5,1,0,0
16,H,COLOMBIA,CONMEBOL,KOREA,2?€0,WIN,25,4_2_3_1,DF,Substitutions,0,0,0,0,0,0,0,0,0,0,0,0,0,0,0,0,0,0,0,0,0,0,0,0,0,0,0,0,0,0,0,0,0,0,0,0,0,0,0,0,0,0,0,0,0,0,2,4,5,1,0,0
16,H,COLOMBIA,CONMEBOL,KOREA,2?€0,WIN,25,4_2_3_1,FW,Substitutions,0,0,0,0,0,0,0,0,0,0,0,0,0,0,0,0,0,0,0,0,0,0,0,0,0,0,0,0,0,0,0,0,0,0,0,0,0,0,0,0,0,0,0,0,0,0,2,4,5,1,0,0
16,H,COLOMBIA,CONMEBOL,KOREA,2?€0,WIN,25,4_2_3_1,DF,Substitutions,0,0,0,0,0,0,0,0,0,0,0,0,0,0,0,0,0,0,0,0,0,0,0,0,0,0,0,0,0,0,0,0,0,0,0,0,0,0,0,0,0,0,0,0,0,0,2,4,5,1,0,0
16,H,COLOMBIA,CONMEBOL,KOREA,2?€0,WIN,25,4_2_3_1,FW,Substitutions,0,0,0,0,0,0,0,0,0,0,0,0,0,0,0,0,0,0,0,0,0,0,0,0,0,0,0,0,0,0,0,0,0,0,0,0,0,0,0,0,0,0,0,0,0,0,2,4,5,1,0,0
48,H,COLOMBIA,CONMEBOL,MOROCCO,0?€1,LOSE,25,4_2_3_1,GK,STARTING,22,20,0.91,0,0,0,3,2,0.66,0,0,0,0,0,0,0,0,0,0,0,0,0,0,0,0,0,0,0,0,0,0,0,5,0,0,7,0,4538.1,3438.1,730.2,315.9,54,0,42,5,25,0,4,5,1,0,0
48,H,COLOMBIA,CONMEBOL,MOROCCO,0?€1,LOSE,25,4_2_3_1,DF,STARTING,91,74,0.81,4,4,1,39,26,0.66,0,0,0,0,0,28,6,0,0,0,5,17,15,8,2,5,4,11,10,4,0,4,10,8,11,8,13,8,9406.1,3851.8,2781.4,1965.9,676.3,130.7,183,44,29.8,0,4,5,1,25,25
48,H,COLOMBIA,CONMEBOL,MOROCCO,0?€1,LOSE,25,4_2_3_1,DF,STARTING,51,46,0.9,1,0,0,4,2,0.5,0,0,0,1,0,11,1,0,0,0,0,10,7,5,2,6,1,6,6,1,0,1,5,5,5,1,6,5,9670.9,3670.1,3649.8,1705.9,403.3,242.7,157,37,29.3,0,4,5,1,40,0
48,H,COLOMBIA,CONMEBOL,MOROCCO,0?€1,LOSE,25,4_2_3_1,MF,STARTING,33,23,0.7,1,1,1,13,7,0.53,3,1,2,1,0,10,4,3,0,0,0,3,5,6,0,1,0,6,18,1,0,2,3,14,13,8,3,6,7987.7,2988.2,2657.5,1874.7,369.8,97.4,140,33,28,0,4,5,1,0,100
48,H,COLOMBIA,CONMEBOL,MOROCCO,0?€1,LOSE,25,4_2_3_1,MF,STARTING,29,24,0.83,0,0,0,6,3,0.5,0,0,0,2,0,55,14,23,0,1,5,12,15,0,0,0,0,5,14,1,0,1,2,7,19,9,3,2,7249.1,2555.3,2475.6,1743.4,449.4,25.4,120,28,27.7,0,4,5,1,0,0
48,H,COLOMBIA,CONMEBOL,MOROCCO,0?€1,LOSE,25,4_2_3_1,FW,STARTING,17,17,1,0,3,0,5,2,0.4,6,5,1,4,0,109,3,14,2,6,51,33,18,3,2,0,0,4,8,3,0,3,1,3,5,4,4,0,9107.9,4406.4,2662.2,1210.4,467.2,361.6,117,46,30.8,0,4,5,1,66.66666667,0
48,H,COLOMBIA,CONMEBOL,MOROCCO,0?€1,LOSE,25,4_2_3_1,MF,STARTING,46,38,0.83,1,3,1,13,8,0.61,3,2,1,2,0,47,12,19,2,3,3,8,14,5,2,6,0,8,27,1,0,1,0,8,22,12,6,2,11280.2,3601.8,3820.6,3216,523.4,119.6,222,43,27,0,4,5,1,40,33.33333333
48,H,COLOMBIA,CONMEBOL,MOROCCO,0?€1,LOSE,25,4_2_3_1,FW,STARTING,47,33,0.7,0,1,0,15,8,0.53,0,0,0,1,0,63,16,29,0,3,7,8,25,1,0,6,2,4,26,3,0,3,1,6,8,6,7,3,10916.2,3591.4,4627.4,2286.9,374.4,37.1,178,30,25.8,0,4,5,1,0,0
48,H,COLOMBIA,CONMEBOL,MOROCCO,0?€1,LOSE,25,4_2_3_1,DF,STARTING,49,42,0.86,0,0,0,14,11,0.78,0,0,0,0,0,16,6,1,3,0,1,5,3,1,0,5,1,0,3,0,0,1,4,6,4,2,3,6,8914.7,3774.5,2578.1,1726.8,580.3,255.9,159,48,28.7,0,4,5,1,0,0
48,H,COLOMBIA,CONMEBOL,MOROCCO,0?€1,LOSE,25,4_2_3_1,MF,STARTING,26,22,0.85,0,5,3,9,6,0.66,2,2,0,0,0,59,5,3,0,1,18,32,14,0,0,1,3,1,3,0,0,0,0,8,8,2,2,1,8787.7,4087.2,2340.2,1491.3,475.4,393.7,144,47,32.3,0,4,5,1,0,60
48,H,COLOMBIA,CONMEBOL,MOROCCO,0?€1,LOSE,25,4_2_3_1,DF,STARTING,68,51,0.75,6,0,0,28,14,0.5,1,0,1,0,0,1,1,0,0,0,0,0,1,5,2,5,3,0,0,1,0,1,5,12,1,0,9,4,9241.4,3895.2,3427.6,1405.6,355.8,157.1,134,29,28.7,0,4,5,1,40,0
48,H,COLOMBIA,CONMEBOL,MOROCCO,0?€1,LOSE,25,4_2_3_1,MF,Substitutions,14,9,0.64,0,0,0,4,2,0.5,0,0,0,0,0,19,4,8,1,1,2,3,7,3,0,2,1,4,11,1,0,2,2,2,14,7,4,3,4118.3,1466.9,1477.6,944.3,191.1,38.3,72,15,25.6,0,4,5,1,0,0
48,H,COLOMBIA,CONMEBOL,MOROCCO,0?€1,LOSE,25,4_2_3_1,MF,Substitutions,0,0,0,0,0,0,0,0,0,0,0,0,0,0,0,0,0,0,0,0,0,0,0,0,0,0,0,0,0,0,0,0,0,0,0,0,0,0,0,0,0,0,0,0,0,0,0,4,5,1,0,0
48,H,COLOMBIA,CONMEBOL,MOROCCO,0?€1,LOSE,25,4_2_3_1,MF,Substitutions,1,1,1,0,0,0,1,1,1,0,0,0,0,0,1,0,1,0,0,0,0,0,0,0,2,0,0,1,0,0,0,0,1,0,0,0,1,1347.4,337,448.8,475.1,41.6,44.9,28,3,27,0,4,5,1,0,0
48,H,COLOMBIA,CONMEBOL,MOROCCO,0?€1,LOSE,25,4_2_3_1,GK,Substitutions,0,0,0,0,0,0,0,0,0,0,0,0,0,0,0,0,0,0,0,0,0,0,0,0,0,0,0,0,0,0,0,0,0,0,0,0,0,0,0,0,0,0,0,0,0,0,0,4,5,1,0,0
48,H,COLOMBIA,CONMEBOL,MOROCCO,0?€1,LOSE,25,4_2_3_1,GK,Substitutions,0,0,0,0,0,0,0,0,0,0,0,0,0,0,0,0,0,0,0,0,0,0,0,0,0,0,0,0,0,0,0,0,0,0,0,0,0,0,0,0,0,0,0,0,0,0,0,4,5,1,0,0
48,H,COLOMBIA,CONMEBOL,MOROCCO,0?€1,LOSE,25,4_2_3_1,DF,Substitutions,0,0,0,0,0,0,0,0,0,0,0,0,0,0,0,0,0,0,0,0,0,0,0,0,0,0,0,0,0,0,0,0,0,0,0,0,0,0,0,0,0,0,0,0,0,0,0,4,5,1,0,0
48,H,COLOMBIA,CONMEBOL,MOROCCO,0?€1,LOSE,25,4_2_3_1,DF,Substitutions,0,0,0,0,0,0,0,0,0,0,0,0,0,0,0,0,0,0,0,0,0,0,0,0,0,0,0,0,0,0,0,0,0,0,0,0,0,0,0,0,0,0,0,0,0,0,0,4,5,1,0,0
48,H,COLOMBIA,CONMEBOL,MOROCCO,0?€1,LOSE,25,4_2_3_1,MF,Substitutions,0,0,0,0,0,0,0,0,0,0,0,0,0,0,0,0,0,0,0,0,0,0,0,0,0,0,0,0,0,0,0,0,0,0,0,0,0,0,0,0,0,0,0,0,0,0,0,4,5,1,0,0
48,H,COLOMBIA,CONMEBOL,MOROCCO,0?€1,LOSE,25,4_2_3_1,DF,Substitutions,0,0,0,0,0,0,0,0,0,0,0,0,0,0,0,0,0,0,0,0,0,0,0,0,0,0,0,0,0,0,0,0,0,0,0,0,0,0,0,0,0,0,0,0,0,0,0,4,5,1,0,0
48,H,COLOMBIA,CONMEBOL,MOROCCO,0?€1,LOSE,25,4_2_3_1,FW,Substitutions,1,1,1,0,0,0,1,0,0,1,0,1,0,0,10,0,3,0,1,5,1,2,0,0,0,0,1,2,0,0,0,0,0,1,1,0,0,1547.2,546.5,474.5,353.1,129.3,43.8,32,10,30.1,0,4,5,1,0,0
48,H,COLOMBIA,CONMEBOL,MOROCCO,0?€1,LOSE,25,4_2_3_1,DF,Substitutions,0,0,0,0,0,0,0,0,0,0,0,0,0,0,0,0,0,0,0,0,0,0,0,0,0,0,0,0,0,0,0,0,0,0,0,0,0,0,0,0,0,0,0,0,0,0,0,4,5,1,0,0
48,H,COLOMBIA,CONMEBOL,MOROCCO,0?€1,LOSE,25,4_2_3_1,FW,Substitutions,0,0,0,0,0,0,0,0,0,0,0,0,0,0,0,0,0,0,0,0,0,0,0,0,0,0,0,0,0,0,0,0,0,0,0,0,0,0,0,0,0,0,0,0,0,0,0,4,5,1,0,0
31,H,GERMANY,UEFA,COLOMBIA,1?€2,LOSE,2,4_2_3_1,GK,STARTING,31,28,90%,0,0,0,13,11,84%,0,0,0,0,0,8,0,0,0,0,0,8,5,0,0,0,0,0,0,0,0,0,0,1,0,0,8,0,5861.4,3611.8,1417.3,629.5,153.6,49.2,58,15,25,1,4,5,1,0,0
31,H,GERMANY,UEFA,COLOMBIA,1?€2,LOSE,2,4_2_3_1,DF,STARTING,67,53,79%,0,9,3,25,17,68%,0,0,0,1,0,31,17,0,0,0,1,13,15,2,0,1,0,5,6,0,0,1,9,11,4,0,2,8,9902.7,3531.3,3880.9,2177.6,253.5,60.4,158,18,27.7,1,4,5,1,0,33.33333333
31,H,GERMANY,UEFA,COLOMBIA,1?€2,LOSE,2,4_2_3_1,DF,STARTING,85,79,93%,0,1,0,26,21,80%,3,0,3,0,0,35,7,0,0,1,0,27,20,1,0,2,0,2,2,2,0,2,11,6,7,2,8,7,9406.9,3957.5,3211.5,1941.6,201.3,95,156,22,28.9,1,4,5,1,0,0
31,H,GERMANY,UEFA,COLOMBIA,1?€2,LOSE,2,4_2_3_1,MF,STARTING,64,53,83%,0,0,0,24,17,70%,2,1,1,3,0,32,14,16,0,0,1,1,13,13,6,4,1,11,14,4,0,5,4,14,18,7,14,4,9222.5,4416.6,2888.5,1618.5,210.3,88.5,138,21,27,1,4,5,1,46.15384615,0
31,H,GERMANY,UEFA,COLOMBIA,1?€2,LOSE,2,4_2_3_1,DF,STARTING,50,42,84%,0,1,0,9,4,44%,0,0,0,0,0,13,2,0,0,0,4,7,6,8,4,0,1,8,10,0,0,0,7,6,12,7,7,8,10424.5,3886.3,3574.6,2369.5,500.4,93.8,196,40,25.8,1,4,5,1,50,0
31,H,GERMANY,UEFA,COLOMBIA,1?€2,LOSE,2,4_2_3_1,FW,STARTING,40,29,72%,1,0,0,10,5,50%,3,2,1,6,1,33,8,16,0,1,4,4,16,2,1,1,0,3,13,11,0,13,3,5,16,8,3,2,9586,3850.7,3569.8,1772.4,212.8,180.2,163,27,28,1,4,5,1,50,0
31,H,GERMANY,UEFA,COLOMBIA,1?€2,LOSE,2,4_2_3_1,MF,STARTING,53,45,85%,0,0,0,11,10,90%,3,2,1,1,0,48,13,22,1,4,1,7,14,5,1,1,2,5,6,1,0,2,1,11,7,3,4,4,11000.2,3346.2,4146,3069,371.8,68.2,192,28,29.1,1,4,5,1,20,0
31,H,GERMANY,UEFA,COLOMBIA,1?€2,LOSE,2,4_2_3_1,MF,STARTING,31,26,84%,0,8,1,3,0,0,6,6,0,2,0,48,9,10,3,4,11,11,21,4,3,1,1,7,16,1,0,1,0,9,12,7,6,1,8757.1,2853.1,3262.9,1965.1,442.2,233.8,145,40,29.1,1,4,5,1,75,12.5
31,H,GERMANY,UEFA,COLOMBIA,1?€2,LOSE,2,4_2_3_1,MF,STARTING,30,25,83%,0,0,0,5,3,60%,1,1,0,2,0,53,6,28,0,4,14,1,14,0,0,2,0,6,17,0,0,1,0,6,16,5,1,0,8262.5,2258.1,3057.1,2294.5,561.8,90.1,164,40,25.3,1,4,5,1,0,0
31,H,GERMANY,UEFA,COLOMBIA,1?€2,LOSE,2,4_2_3_1,MF,STARTING,32,26,81%,0,2,0,12,8,66%,9,4,5,0,0,62,10,14,9,1,17,11,19,2,1,4,1,6,7,0,0,0,1,9,5,2,3,2,10117.8,4651.1,2503.1,2231,561.5,170,193,56,30.7,1,4,5,1,50,0
31,H,GERMANY,UEFA,COLOMBIA,1?€2,LOSE,2,4_2_3_1,DF,STARTING,30,28,93%,0,0,0,6,4,66%,3,0,3,0,0,3,0,0,0,0,0,3,0,3,0,1,2,5,0,1,0,1,5,5,5,3,4,5,5105.5,1765,1717,1409.6,213.4,0,107,16,24.2,1,4,5,1,0,0
31,H,GERMANY,UEFA,COLOMBIA,1?€2,LOSE,2,4_2_3_1,DF,Substitutions,0,0,0,0,0,0,0,0,0,0,0,0,0,0,0,0,0,0,0,0,0,0,0,0,0,0,0,0,0,0,0,0,0,0,0,0,0,0,0,0,0,0,0,0,0,0,1,4,5,1,0,0
31,H,GERMANY,UEFA,COLOMBIA,1?€2,LOSE,2,4_2_3_1,DF,Substitutions,0,0,0,0,0,0,0,0,0,0,0,0,0,0,0,0,0,0,0,0,0,0,0,0,0,0,0,0,0,0,0,0,0,0,0,0,0,0,0,0,0,0,0,0,0,0,1,4,5,1,0,0
31,H,GERMANY,UEFA,COLOMBIA,1?€2,LOSE,2,4_2_3_1,FW,Substitutions,10,6,60%,0,1,0,2,0,0%,0,0,0,0,0,14,0,7,0,0,5,2,4,0,0,0,0,0,1,0,0,0,2,2,2,0,1,1,2987.5,1227.9,755.8,653.1,228.2,122.5,53,18,30.3,1,4,5,1,0,0
31,H,GERMANY,UEFA,COLOMBIA,1?€2,LOSE,2,4_2_3_1,MF,Substitutions,0,0,0,0,0,0,0,0,0,0,0,0,0,0,0,0,0,0,0,0,0,0,0,0,0,0,0,0,0,0,0,0,0,0,0,0,0,0,0,0,0,0,0,0,0,0,1,4,5,1,0,0
31,H,GERMANY,UEFA,COLOMBIA,1?€2,LOSE,2,4_2_3_1,FW,Substitutions,0,0,0,0,0,0,0,0,0,0,0,0,0,0,0,0,0,0,0,0,0,0,0,0,0,0,0,0,0,0,0,0,0,0,0,0,0,0,0,0,0,0,0,0,0,0,1,4,5,1,0,0
31,H,GERMANY,UEFA,COLOMBIA,1?€2,LOSE,2,4_2_3_1,GK,Substitutions,0,0,0,0,0,0,0,0,0,0,0,0,0,0,0,0,0,0,0,0,0,0,0,0,0,0,0,0,0,0,0,0,0,0,0,0,0,0,0,0,0,0,0,0,0,0,1,4,5,1,0,0
31,H,GERMANY,UEFA,COLOMBIA,1?€2,LOSE,2,4_2_3_1,MF,Substitutions,0,0,0,0,0,0,0,0,0,0,0,0,0,0,0,0,0,0,0,0,0,0,0,0,0,0,0,0,0,0,0,0,0,0,0,0,0,0,0,0,0,0,0,0,0,0,1,4,5,1,0,0
31,H,GERMANY,UEFA,COLOMBIA,1?€2,LOSE,2,4_2_3_1,DF,Substitutions,24,21,88%,0,0,0,6,3,50%,2,1,1,1,0,2,0,0,0,0,1,1,1,0,0,5,1,1,3,0,0,0,5,5,8,1,4,4,4579.1,1643.5,1690.6,905.3,165.3,174.9,89,18,28.9,1,4,5,1,0,0
31,H,GERMANY,UEFA,COLOMBIA,1?€2,LOSE,2,4_2_3_1,FW,Substitutions,6,5,83%,0,1,0,3,2,66%,1,1,0,0,0,5,1,0,2,0,0,2,2,5,0,2,0,3,5,0,0,0,0,2,3,2,1,1,2183.4,689.1,756.5,544.1,126.6,67,44,10,28,1,4,5,1,0,0
31,H,GERMANY,UEFA,COLOMBIA,1?€2,LOSE,2,4_2_3_1,DF,Substitutions,0,0,0,0,0,0,0,0,0,0,0,0,0,0,0,0,0,0,0,0,0,0,0,0,0,0,0,0,0,0,0,0,0,0,0,0,0,0,0,0,0,0,0,0,0,0,1,4,5,1,0,0
31,H,GERMANY,UEFA,COLOMBIA,1?€2,LOSE,2,4_2_3_1,MF,Substitutions,0,0,0,0,0,0,0,0,0,0,0,0,0,0,0,0,0,0,0,0,0,0,0,0,0,0,0,0,0,0,0,0,0,0,0,0,0,0,0,0,0,0,0,0,0,0,1,4,5,1,0,0
31,H,GERMANY,UEFA,COLOMBIA,1?€2,LOSE,2,4_2_3_1,GK,Substitutions,0,0,0,0,0,0,0,0,0,0,0,0,0,0,0,0,0,0,0,0,0,0,0,0,0,0,0,0,0,0,0,0,0,0,0,0,0,0,0,0,0,0,0,0,0,0,1,4,5,1,0,0
47,H,GERMANY,UEFA,KOREA,1?€1,DRAW,2,4_2_3_1,GK,STARTING,30,26,0.87,0,0,0,9,5,0.55,0,0,0,0,0,10,0,0,0,0,0,10,7,0,0,0,0,0,0,0,0,0,0,2,0,0,2,0,5547,3510.2,1291.9,527.5,207.5,9.4,59,16,27.3,1,4,5,1,0,0
47,H,GERMANY,UEFA,KOREA,1?€1,DRAW,2,4_2_3_1,DF,STARTING,91,69,0.76,1,1,1,26,11,0.42,0,0,0,0,0,37,16,1,0,0,1,19,20,2,0,0,0,6,8,1,0,1,5,5,14,6,5,0,10235.1,3695.9,3960,2225.1,355.2,0,161,26,24.2,1,4,5,1,0,100
47,H,GERMANY,UEFA,KOREA,1?€1,DRAW,2,4_2_3_1,DF,STARTING,94,91,0.97,1,2,1,9,8,0.88,0,0,0,0,0,20,5,2,0,0,0,13,10,4,0,2,1,6,2,4,0,4,11,8,2,1,9,10,10397.7,3908.5,3677.7,2364.4,331.7,115.4,187,29,29.8,1,4,5,1,0,50
47,H,GERMANY,UEFA,KOREA,1?€1,DRAW,2,4_2_3_1,DF,STARTING,92,80,0.87,1,0,0,10,5,0.5,5,0,5,0,0,49,4,2,0,0,2,41,30,4,3,4,3,7,2,4,0,4,9,8,4,3,8,7,10522.3,3561.8,4182.6,2328.6,309.4,139.9,179,30,29.5,1,4,5,1,75,0
47,H,GERMANY,UEFA,KOREA,1?€1,DRAW,2,4_2_3_1,MF,STARTING,53,43,0.81,0,0,0,8,5,0.62,1,0,1,0,0,54,38,13,1,0,2,0,20,3,0,3,0,5,10,5,0,5,5,9,8,3,3,6,9361.9,4610.7,3011.7,1468.9,214.4,56.2,119,22,25.3,1,4,5,1,0,0
47,H,GERMANY,UEFA,KOREA,1?€1,DRAW,2,4_2_3_1,FW,STARTING,13,12,0.92,0,1,0,2,2,1,0,0,0,2,0,85,4,22,1,3,52,3,11,1,0,1,0,5,9,3,0,4,0,0,17,5,1,0,10343.8,4449.9,3083.5,1832.9,654.8,322.7,173,64,30.1,1,4,5,1,0,0
47,H,GERMANY,UEFA,KOREA,1?€1,DRAW,2,4_2_3_1,MF,STARTING,61,54,0.89,0,6,5,10,7,0.7,0,0,0,0,0,67,16,2,1,0,25,23,13,4,1,0,1,9,7,3,0,4,11,14,17,8,12,7,10883,3858,3780.8,2368.1,633.4,241.6,197,49,28.7,1,4,5,1,25,83.33333333
47,H,GERMANY,UEFA,KOREA,1?€1,DRAW,2,4_2_3_1,FW,STARTING,30,16,0.53,0,0,0,8,4,0.5,0,0,0,5,1,33,15,11,2,3,1,1,8,5,1,2,1,8,6,13,0,15,6,6,14,7,5,7,10142.1,4433.1,3324.6,1867.2,342.8,174.4,155,40,27.4,1,4,5,1,20,0
47,H,GERMANY,UEFA,KOREA,1?€1,DRAW,2,4_2_3_1,MF,STARTING,26,23,0.88,0,5,2,9,8,0.88,1,1,0,1,0,57,27,13,1,2,8,6,18,1,0,3,2,2,7,2,0,2,0,2,8,3,4,2,7670.3,2173,3163.2,1948.2,346.7,38.4,143,25,27.6,1,4,5,1,0,40
47,H,GERMANY,UEFA,KOREA,1?€1,DRAW,2,4_2_3_1,MF,STARTING,30,27,0.9,0,4,1,6,3,0.5,7,5,2,3,0,40,10,8,2,1,7,12,22,3,0,0,1,4,7,0,0,1,1,6,3,1,1,2,7478,2404.2,2656.9,1811.2,483.8,121.9,127,36,28.3,1,4,5,1,0,25
47,H,GERMANY,UEFA,KOREA,1?€1,DRAW,2,4_2_3_1,FW,STARTING,28,25,0.89,0,0,0,8,6,0.75,0,0,0,0,0,65,23,23,3,4,7,5,20,1,0,0,0,6,7,1,0,2,0,1,9,1,0,1,9122.8,3875.4,2552.6,1937.7,498.1,260,156,40,28.6,1,4,5,1,0,0
47,H,GERMANY,UEFA,KOREA,1?€1,DRAW,2,4_2_3_1,DF,Substitutions,0,0,0,0,0,0,0,0,0,0,0,0,0,0,0,0,0,0,0,0,0,0,0,0,0,0,0,0,0,0,0,0,0,0,0,0,0,0,0,0,0,0,0,0,0,0,1,4,5,1,0,0
47,H,GERMANY,UEFA,KOREA,1?€1,DRAW,2,4_2_3_1,MF,Substitutions,8,3,0.38,0,2,1,6,4,0.66,6,4,2,2,0,14,2,8,0,1,1,2,4,1,1,1,0,0,4,2,1,3,0,6,5,4,2,0,4157.1,1435.5,1612.6,920,143.4,46.1,66,16,26.1,1,4,5,1,100,50
47,H,GERMANY,UEFA,KOREA,1?€1,DRAW,2,4_2_3_1,FW,Substitutions,0,0,0,0,0,0,0,0,0,0,0,0,0,0,0,0,0,0,0,0,0,0,0,0,0,0,0,0,0,0,0,0,0,0,0,0,0,0,0,0,0,0,0,0,0,0,1,4,5,1,0,0
47,H,GERMANY,UEFA,KOREA,1?€1,DRAW,2,4_2_3_1,DF,Substitutions,0,0,0,0,0,0,0,0,0,0,0,0,0,0,0,0,0,0,0,0,0,0,0,0,0,0,0,0,0,0,0,0,0,0,0,0,0,0,0,0,0,0,0,0,0,0,1,4,5,1,0,0
47,H,GERMANY,UEFA,KOREA,1?€1,DRAW,2,4_2_3_1,MF,Substitutions,8,4,0.5,0,0,0,1,1,1,0,0,0,0,0,29,6,12,2,0,4,5,7,0,0,1,0,1,3,3,0,3,0,1,5,3,2,0,4137.5,1437.4,1254.1,1210.2,219.3,16.5,83,16,24.9,1,4,5,1,0,0
47,H,GERMANY,UEFA,KOREA,1?€1,DRAW,2,4_2_3_1,DF,Substitutions,0,0,0,0,0,0,0,0,0,0,0,0,0,0,0,0,0,0,0,0,0,0,0,0,0,0,0,0,0,0,0,0,0,0,0,0,0,0,0,0,0,0,0,0,0,0,1,4,5,1,0,0
47,H,GERMANY,UEFA,KOREA,1?€1,DRAW,2,4_2_3_1,FW,Substitutions,4,3,0.75,0,0,0,1,0,0,1,1,0,0,0,3,0,0,0,0,2,1,1,0,0,1,0,0,1,0,0,1,0,0,1,1,0,1,1848.2,665.7,537.5,348.4,122.7,173.7,34,15,29.5,1,4,5,1,0,0
47,H,GERMANY,UEFA,KOREA,1?€1,DRAW,2,4_2_3_1,DF,Substitutions,0,0,0,0,0,0,0,0,0,0,0,0,0,0,0,0,0,0,0,0,0,0,0,0,0,0,0,0,0,0,0,0,0,0,0,0,0,0,0,0,0,0,0,0,0,0,1,4,5,1,0,0
47,H,GERMANY,UEFA,KOREA,1?€1,DRAW,2,4_2_3_1,MF,Substitutions,0,0,0,0,0,0,0,0,0,0,0,0,0,0,0,0,0,0,0,0,0,0,0,0,0,0,0,0,0,0,0,0,0,0,0,0,0,0,0,0,0,0,0,0,0,0,1,4,5,1,0,0
47,H,GERMANY,UEFA,KOREA,1?€1,DRAW,2,4_2_3_1,MF,Substitutions,0,0,0,0,0,0,0,0,0,0,0,0,0,0,0,0,0,0,0,0,0,0,0,0,0,0,0,0,0,0,0,0,0,0,0,0,0,0,0,0,0,0,0,0,0,0,1,4,5,1,0,0
47,H,GERMANY,UEFA,KOREA,1?€1,DRAW,2,4_2_3_1,DF,Substitutions,0,0,0,0,0,0,0,0,0,0,0,0,0,0,0,0,0,0,0,0,0,0,0,0,0,0,0,0,0,0,0,0,0,0,0,0,0,0,0,0,0,0,0,0,0,0,1,4,5,1,0,0
47,H,GERMANY,UEFA,KOREA,1?€1,DRAW,2,4_2_3_1,DF,Substitutions,0,0,0,0,0,0,0,0,0,0,0,0,0,0,0,0,0,0,0,0,0,0,0,0,0,0,0,0,0,0,0,0,0,0,0,0,0,0,0,0,0,0,0,0,0,0,1,4,5,1,0,0
15,H,GERMANY,UEFA,MOROCCO,6?€0,WIN,2,4_2_3_1,GK,STARTING,26,25,96%,0,0,0,1,0,0%,0,0,0,0,0,19,0,0,0,0,0,19,6,0,0,0,0,0,0,0,0,0,0,2,0,0,8,0,5687.1,3582.3,1371.7,538.6,128,66.5,56,10,26.7,6,4,5,1,0,0
15,H,GERMANY,UEFA,MOROCCO,6?€0,WIN,2,4_2_3_1,DF,STARTING,110,104,95%,1,1,1,27,24,88%,1,0,1,0,0,67,4,0,0,0,1,62,46,1,0,1,2,2,6,1,0,1,7,5,3,1,3,7,9629.8,3738.3,3579.4,1921.1,287,104,171,22,26.7,6,4,5,1,0,100
15,H,GERMANY,UEFA,MOROCCO,6?€0,WIN,2,4_2_3_1,DF,STARTING,63,58,92%,0,3,0,18,16,88%,2,2,0,0,0,63,22,0,1,0,6,34,12,5,1,3,1,6,8,1,0,2,0,8,25,8,5,0,10617.1,3567.3,3908.2,2449.4,465,228.3,185,41,29.7,6,4,5,1,20,0
15,H,GERMANY,UEFA,MOROCCO,6?€0,WIN,2,4_2_3_1,FW,STARTING,30,22,73%,0,0,0,7,5,71%,2,2,0,3,2,36,6,15,1,2,9,3,10,2,1,2,1,2,19,2,0,2,1,4,10,7,4,0,8398.1,3247.5,2978.8,1644.3,434.2,94.1,144,34,29.1,6,4,5,1,50,0
15,H,GERMANY,UEFA,MOROCCO,6?€0,WIN,2,4_2_3_1,MF,STARTING,54,51,94%,1,0,0,13,11,84%,2,0,2,1,0,94,32,44,0,3,9,6,34,3,0,1,1,5,11,5,0,6,0,8,15,10,2,0,11651.3,3185.5,4429.8,3334.6,650.1,50.1,236,42,25.3,6,4,5,1,0,0
15,H,GERMANY,UEFA,MOROCCO,6?€0,WIN,2,4_2_3_1,DF,STARTING,58,50,86%,0,1,0,18,14,77%,1,1,0,0,0,19,4,0,0,0,3,12,15,6,0,9,1,4,7,1,1,2,1,7,9,2,4,7,9765.2,3108.3,3748.8,2258.7,474.6,175.8,184,35,26.9,6,4,5,1,0,0
15,H,GERMANY,UEFA,MOROCCO,6?€0,WIN,2,4_2_3_1,MF,STARTING,20,14,70%,0,7,3,5,1,20%,8,5,3,4,1,54,28,18,0,3,1,4,23,2,1,4,0,2,7,2,0,3,0,8,6,1,2,3,8115.5,2249.6,3289.2,2192.8,250,133.9,183,22,27.5,6,4,5,1,50,42.85714286
15,H,GERMANY,UEFA,MOROCCO,6?€0,WIN,2,4_2_3_1,MF,STARTING,37,30,81%,0,1,0,5,4,80%,0,0,0,1,0,67,4,8,4,1,17,33,21,2,1,2,0,2,12,0,0,0,1,3,21,11,2,2,7644,2326.8,3001.8,1661,533.5,120.8,129,38,27.5,6,4,5,1,50,0
15,H,GERMANY,UEFA,MOROCCO,6?€0,WIN,2,4_2_3_1,MF,STARTING,30,21,70%,0,2,0,8,6,75%,12,4,8,3,0,60,7,33,0,6,12,2,13,1,0,0,2,1,7,0,0,0,0,6,5,3,3,0,8032,2021.7,3001.6,2388.7,533.3,85.9,172,33,26.9,6,4,5,1,0,0
15,H,GERMANY,UEFA,MOROCCO,6?€0,WIN,2,4_2_3_1,MF,STARTING,121,114,94%,0,0,0,15,9,60%,0,0,0,0,0,98,14,18,6,2,37,21,19,4,1,1,2,8,9,0,0,1,2,10,13,7,6,1,10066.3,4553,2274,2212.6,684.5,341.2,191,64,28.2,6,4,5,1,25,0
15,H,GERMANY,UEFA,MOROCCO,6?€0,WIN,2,4_2_3_1,DF,STARTING,121,114,94%,0,0,0,15,9,60%,0,0,0,0,0,25,3,0,0,0,0,22,17,4,1,2,0,5,1,2,0,2,6,6,7,4,2,6,10183.4,3580.5,3882.9,2153.8,314.7,251.5,199,33,29,6,4,5,1,25,0
15,H,GERMANY,UEFA,MOROCCO,6?€0,WIN,2,4_2_3_1,MF,Substitutions,15,14,93%,0,1,0,2,2,100%,1,1,0,0,0,1,0,0,0,0,0,1,1,2,1,0,0,3,1,0,0,0,2,0,3,2,3,2,1319.6,319.2,513.7,399.6,58.6,28.5,28,6,25,6,4,5,1,50,0
15,H,GERMANY,UEFA,MOROCCO,6?€0,WIN,2,4_2_3_1,DF,Substitutions,0,0,0,0,0,0,0,0,0,0,0,0,0,0,0,0,0,0,0,0,0,0,0,0,0,0,0,0,0,0,0,0,0,0,0,0,0,0,0,0,0,0,0,0,0,0,6,4,5,1,0,0
15,H,GERMANY,UEFA,MOROCCO,6?€0,WIN,2,4_2_3_1,DF,Substitutions,0,0,0,0,0,0,0,0,0,0,0,0,0,0,0,0,0,0,0,0,0,0,0,0,0,0,0,0,0,0,0,0,0,0,0,0,0,0,0,0,0,0,0,0,0,0,6,4,5,1,0,0
15,H,GERMANY,UEFA,MOROCCO,6?€0,WIN,2,4_2_3_1,MF,Substitutions,0,0,0,0,0,0,0,0,0,0,0,0,0,0,0,0,0,0,0,0,0,0,0,0,0,0,0,0,0,0,0,0,0,0,0,0,0,0,0,0,0,0,0,0,0,0,6,4,5,1,0,0
15,H,GERMANY,UEFA,MOROCCO,6?€0,WIN,2,4_2_3_1,FW,Substitutions,11,8,73%,0,0,0,5,2,40%,0,0,0,2,1,17,0,5,1,0,10,1,5,0,0,2,0,0,3,0,1,1,0,2,3,0,0,1,3125.5,1364.3,815.5,652.6,189.1,104.4,52,18,30.8,6,4,5,1,0,0
15,H,GERMANY,UEFA,MOROCCO,6?€0,WIN,2,4_2_3_1,MF,Substitutions,0,0,0,0,0,0,0,0,0,0,0,0,0,0,0,0,0,0,0,0,0,0,0,0,0,0,0,0,0,0,0,0,0,0,0,0,0,0,0,0,0,0,0,0,0,0,6,4,5,1,0,0
15,H,GERMANY,UEFA,MOROCCO,6?€0,WIN,2,4_2_3_1,FW,Substitutions,9,8,89%,0,0,0,1,0,0,0,0,0,0,0,21,3,13,0,1,2,2,8,0,0,0,0,0,6,1,0,1,0,1,7,3,0,0,2275.9,556,754.2,696,169.1,100.6,55,12,25.8,6,4,5,1,0,0
15,H,GERMANY,UEFA,MOROCCO,6?€0,WIN,2,4_2_3_1,GK,Substitutions,0,0,0,0,0,0,0,0,0,0,0,0,0,0,0,0,0,0,0,0,0,0,0,0,0,0,0,0,0,0,0,0,0,0,0,0,0,0,0,0,0,0,0,0,0,0,6,4,5,1,0,0
15,H,GERMANY,UEFA,MOROCCO,6?€0,WIN,2,4_2_3_1,MF,Substitutions,17,16,94%,0,1,0,4,3,75%,0,0,0,1,0,18,8,3,0,2,1,4,6,4,3,0,0,5,3,3,0,3,1,3,5,3,6,0,3853,1125.1,1276.1,1203.7,194.2,53.9,84,15,26.1,6,4,5,1,75,0
15,H,GERMANY,UEFA,MOROCCO,6?€0,WIN,2,4_2_3_1,DF,Substitutions,0,0,0,0,0,0,0,0,0,0,0,0,0,0,0,0,0,0,0,0,0,0,0,0,0,0,0,0,0,0,0,0,0,0,0,0,0,0,0,0,0,0,0,0,0,0,6,4,5,1,0,0
15,H,GERMANY,UEFA,MOROCCO,6?€0,WIN,2,4_2_3_1,FW,Substitutions,17,13,76%,0,1,0,4,3,75%,0,0,0,0,0,22,1,3,4,0,2,12,7,2,0,2,0,4,16,0,0,0,0,3,16,13,1,1,3320.3,1048.2,1240.5,712.5,192.2,126.8,63,15,30.6,6,4,5,1,0,0
15,H,GERMANY,UEFA,MOROCCO,6?€0,WIN,2,4_2_3_1,GK,Substitutions,0,0,0,0,0,0,0,0,0,0,0,0,0,0,0,0,0,0,0,0,0,0,0,0,0,0,0,0,0,0,0,0,0,0,0,0,0,0,0,0,0,0,0,0,0,0,6,4,5,1,0,0
16,H,KOREA ,AFC,COLOMBIA,0?€2,LOSE,17,5_3_2,GK,STARTING,22,5,23%,0,0,0,17,2,11%,0,0,0,0,0,3,0,0,0,0,0,3,1,0,0,0,0,0,0,0,0,0,1,2,0,0,6,1,4039.8,3132,692,206.8,8.9,0,30,1,21,0,5,3,2,0,0
16,H,KOREA ,AFC,COLOMBIA,0?€2,LOSE,17,5_3_2,MF,STARTING,10,8,80%,0,1,0,4,2,50%,0,0,0,0,0,30,7,4,2,0,5,12,7,12,1,2,1,17,22,3,0,3,0,2,36,13,8,4,9086.6,3250.3,2929.5,2149.9,509.8,247.2,187,46,31.3,0,5,3,2,8.333333333,0
16,H,KOREA ,AFC,COLOMBIA,0?€2,LOSE,17,5_3_2,DF,STARTING,23,12,52%,0,0,0,7,4,57%,0,0,0,0,0,3,0,0,0,0,0,3,2,3,0,6,2,5,8,0,0,0,13,7,7,2,7,11,8448.1,3305.7,3486.5,1437,149.5,69.3,117,16,27.9,0,5,3,2,0,0
16,H,KOREA ,AFC,COLOMBIA,0?€2,LOSE,17,5_3_2,DF,STARTING,17,10,59%,0,0,0,8,3,37%,0,0,0,0,0,8,0,2,0,0,0,6,2,5,1,3,0,9,11,3,1,4,5,4,21,6,9,3,8551.1,3105.8,3315.3,1592.2,312.1,226.6,142,33,29.3,0,5,3,2,20,0
16,H,KOREA ,AFC,COLOMBIA,0?€2,LOSE,17,5_3_2,FW,STARTING,7,6,86%,0,1,0,1,1,100%,0,0,0,0,0,19,1,5,0,0,12,1,6,9,1,1,0,12,16,3,1,4,1,1,10,5,2,2,7727,2860.5,2256.3,1710,574.1,326.1,140,50,31.7,0,5,3,2,11.11111111,0
16,H,KOREA ,AFC,COLOMBIA,0?€2,LOSE,17,5_3_2,MF,STARTING,13,10,77%,0,2,0,3,2,66%,0,0,0,1,0,37,10,11,2,3,7,4,8,5,2,3,2,6,36,5,0,6,3,4,36,14,8,5,7878.7,2748.1,2284.8,2213.9,421.5,210.4,170,40,28.6,0,5,3,2,40,0
16,H,KOREA ,AFC,COLOMBIA,0?€2,LOSE,17,5_3_2,MF,STARTING,26,18,69%,1,1,0,6,4,66%,5,4,1,1,0,67,9,18,3,8,20,9,15,6,0,3,0,8,33,3,0,3,0,11,34,20,3,4,10987.7,3791.9,3639.1,2829.3,650.5,75.8,208,56,28.2,0,5,3,2,0,0
16,H,KOREA ,AFC,COLOMBIA,0?€2,LOSE,17,5_3_2,MF,STARTING,40,32,80%,0,2,0,15,11,73%,5,1,4,1,0,28,7,12,0,2,0,7,12,11,4,1,0,12,25,2,0,3,1,11,15,8,7,3,9794.8,3961,3052.1,2373.3,319.3,90.1,163,28,30.2,0,5,3,2,36.36363636,0
16,H,KOREA ,AFC,COLOMBIA,0?€2,LOSE,17,5_3_2,FW,STARTING,20,12,60%,0,1,1,4,3,75%,0,0,0,2,0,14,3,2,1,0,8,0,5,7,1,1,1,11,12,7,0,9,1,4,17,7,3,1,8007.1,2668.8,2693.6,1900.1,432.4,313.1,149,44,31.4,0,5,3,2,14.28571429,100
16,H,KOREA ,AFC,COLOMBIA,0?€2,LOSE,17,5_3_2,MF,STARTING,37,24,65%,0,0,0,16,7,43%,1,0,1,0,0,26,10,2,1,1,2,10,11,8,1,1,0,14,20,2,0,2,12,6,19,11,3,8,8993.5,3378.9,3093.8,1965.1,394.8,160.1,163,34,28.9,0,5,3,2,12.5,0
16,H,KOREA ,AFC,COLOMBIA,0?€2,LOSE,17,5_3_2,DF,STARTING,34,22,65%,0,4,0,20,12,60%,2,0,2,0,0,16,3,1,0,0,4,8,4,5,1,3,2,11,10,0,0,0,0,10,26,11,6,2,9286.4,3846.4,2902.9,1841.5,437.4,258.2,144,42,30.3,0,5,3,2,20,0
16,H,KOREA ,AFC,COLOMBIA,0?€2,LOSE,17,5_3_2,DF,Substitutions,0,0,0,0,0,0,0,0,0,0,0,0,0,0,0,0,0,0,0,0,0,0,0,0,0,0,0,0,0,0,0,0,0,0,0,0,0,0,0,0,0,0,0,0,0,0,0,5,3,2,0,0
16,H,KOREA ,AFC,COLOMBIA,0?€2,LOSE,17,5_3_2,MF,Substitutions,0,0,0,0,0,0,0,0,0,0,0,0,0,0,0,0,0,0,0,0,0,0,0,0,0,0,0,0,0,0,0,0,0,0,0,0,0,0,0,0,0,0,0,0,0,0,0,5,3,2,0,0
16,H,KOREA ,AFC,COLOMBIA,0?€2,LOSE,17,5_3_2,FW,Substitutions,1,1,100%,0,0,0,1,1,100%,0,0,0,0,0,1,0,0,0,0,1,0,0,0,0,0,0,0,1,0,0,0,1,1,0,0,0,1,776.1,305.5,239.2,194.9,36.5,0,16,3,24.1,0,5,3,2,0,0
16,H,KOREA ,AFC,COLOMBIA,0?€2,LOSE,17,5_3_2,FW,Substitutions,2,0,0,0,0,0,1,0,0,0,0,0,0,0,19,0,11,1,1,5,1,2,0,0,0,1,0,3,2,0,3,0,0,4,2,1,0,2230.9,1052.5,665,410.9,70.7,31.7,39,8,26.9,0,5,3,2,0,0
16,H,KOREA ,AFC,COLOMBIA,0?€2,LOSE,17,5_3_2,MF,Substitutions,0,0,0,0,0,0,0,0,0,0,0,0,0,0,0,0,0,0,0,0,0,0,0,0,0,0,0,0,0,0,0,0,0,0,0,0,0,0,0,0,0,0,0,0,0,0,0,5,3,2,0,0
16,H,KOREA ,AFC,COLOMBIA,0?€2,LOSE,17,5_3_2,MF,Substitutions,0,0,0,0,0,0,0,0,0,0,0,0,0,0,0,0,0,0,0,0,0,0,0,0,0,0,0,0,0,0,0,0,0,0,0,0,0,0,0,0,0,0,0,0,0,0,0,5,3,2,0,0
16,H,KOREA ,AFC,COLOMBIA,0?€2,LOSE,17,5_3_2,DF,Substitutions,0,0,0,0,0,0,0,0,0,0,0,0,0,0,0,0,0,0,0,0,0,0,0,0,0,0,0,0,0,0,0,0,0,0,0,0,0,0,0,0,0,0,0,0,0,0,0,5,3,2,0,0
16,H,KOREA ,AFC,COLOMBIA,0?€2,LOSE,17,5_3_2,GK,Substitutions,0,0,0,0,0,0,0,0,0,0,0,0,0,0,0,0,0,0,0,0,0,0,0,0,0,0,0,0,0,0,0,0,0,0,0,0,0,0,0,0,0,0,0,0,0,0,0,5,3,2,0,0
16,H,KOREA ,AFC,COLOMBIA,0?€2,LOSE,17,5_3_2,FW,Substitutions,2,0,0,0,0,0,0,0,0,1,0,1,0,0,0,0,0,0,0,0,0,0,0,0,1,0,0,3,2,0,2,1,0,5,2,0,1,1672.3,681.5,494.3,346,58.4,92.1,26,8,28,0,5,3,2,0,0
16,H,KOREA ,AFC,COLOMBIA,0?€2,LOSE,17,5_3_2,GK,Substitutions,0,0,0,0,0,0,0,0,0,0,0,0,0,0,0,0,0,0,0,0,0,0,0,0,0,0,0,0,0,0,0,0,0,0,0,0,0,0,0,0,0,0,0,0,0,0,0,5,3,2,0,0
16,H,KOREA ,AFC,COLOMBIA,0?€2,LOSE,17,5_3_2,MF,Substitutions,0,0,0,0,0,0,0,0,0,0,0,0,0,0,0,0,0,0,0,0,0,0,0,0,0,0,0,0,0,0,0,0,0,0,0,0,0,0,0,0,0,0,0,0,0,0,0,5,3,2,0,0
16,H,KOREA ,AFC,COLOMBIA,0?€2,LOSE,17,5_3_2,FW,Substitutions,3,1,33%,0,1,0,1,0,0,2,0,2,0,0,5,0,1,0,0,3,1,1,2,2,0,0,2,7,1,0,1,0,1,1,1,2,0,2945.5,937.8,851.8,866.3,172.3,116.9,59,17,30.8,0,5,3,2,100,0
47,H,KOREA ,AFC,GERMANY,1?€1,DRAW,17,4_1_4_1,DF,STARTING,24,14,0.58,1,2,0,14,6,0.42,1,0,1,0,0,15,2,2,1,0,2,8,3,6,1,3,0,7,7,0,0,2,4,7,24,11,1,6,9877.1,3499.5,3447.1,2151.2,580.8,198.5,197,52,27.8,1,4,5,1,16.66666667,0
47,H,KOREA ,AFC,GERMANY,1?€1,DRAW,17,4_1_4_1,DF,STARTING,16,13,0.81,0,0,0,6,4,0.66,1,0,1,0,0,6,0,0,0,0,1,5,3,3,1,3,1,2,5,2,0,2,13,3,13,2,9,9,9645.4,3671,4296.1,1317.6,269.1,92.6,124,21,27.4,1,4,5,1,33.33333333,0
47,H,KOREA ,AFC,GERMANY,1?€1,DRAW,17,4_1_4_1,MF,STARTING,18,8,0.44,0,0,0,5,3,0.6,1,1,0,1,1,40,2,19,3,5,7,4,8,1,0,3,0,3,38,1,0,3,3,9,47,18,5,1,10942.4,3567.2,3742.3,2881.1,676.2,75.5,242,52,26.5,1,4,5,1,0,0
47,H,KOREA ,AFC,GERMANY,1?€1,DRAW,17,4_1_4_1,MF,STARTING,35,28,0.8,0,2,0,13,8,0.61,4,2,2,1,0,13,4,8,0,0,1,0,7,4,1,1,1,6,30,2,0,2,0,15,16,9,3,2,10801.8,4321.8,3555.9,2471.4,355.4,97.2,189,30,27.1,1,4,5,1,25,0
47,H,KOREA ,AFC,GERMANY,1?€1,DRAW,17,4_1_4_1,MF,STARTING,14,8,0.57,0,2,0,2,1,0.5,0,0,0,1,0,4,0,1,0,0,1,2,1,2,2,4,1,9,8,5,0,6,4,5,23,11,6,6,11122.3,3455.7,3887.3,2642.7,855.3,280.3,226,73,31.3,1,4,5,1,100,0
47,H,KOREA ,AFC,GERMANY,1?€1,DRAW,17,4_1_4_1,MF,STARTING,10,6,0.6,0,2,1,2,1,0.5,1,1,0,0,0,27,4,4,0,2,5,12,5,5,2,2,0,9,22,0,0,0,0,5,30,16,3,1,7053.9,2475.2,2512.6,1527.9,470.5,67,128,44,26.9,1,4,5,1,40,50
47,H,KOREA ,AFC,GERMANY,1?€1,DRAW,17,4_1_4_1,DF,STARTING,38,20,0.53,0,0,0,22,9,0.4,0,0,0,0,0,31,14,0,0,1,3,13,13,6,1,5,0,8,11,0,0,0,7,6,23,10,3,6,10289,3918.1,3839.9,2055.7,331.3,144,146,35,31.6,1,4,5,1,16.66666667,0
47,H,KOREA ,AFC,GERMANY,1?€1,DRAW,17,4_1_4_1,MF,STARTING,22,15,0.68,0,0,0,13,9,0.69,1,1,0,0,0,9,6,0,0,0,1,2,3,8,2,5,2,4,13,0,0,0,2,6,12,1,7,9,11014.3,3535.6,4228.4,2702.9,512.2,35.2,220,41,24.2,1,4,5,1,25,0
47,H,KOREA ,AFC,GERMANY,1?€1,DRAW,17,4_1_4_1,GK,STARTING,31,4,0.13,0,0,0,23,3,0.13,0,0,0,0,0,1,0,0,0,0,0,1,0,0,0,0,0,0,0,0,0,0,0,4,0,0,12,0,3758.8,2877.8,523.6,311.6,33.8,11.7,39,4,24.4,1,4,5,1,0,0
47,H,KOREA ,AFC,GERMANY,1?€1,DRAW,17,4_1_4_1,FW,STARTING,7,4,0.57,0,0,0,2,1,0.5,0,0,0,1,0,10,0,0,0,2,8,0,4,4,3,3,0,7,45,2,0,2,1,2,32,21,4,3,9481.8,3223.8,3482.7,1784.5,645.7,345.1,158,57,28,1,4,5,1,75,0
47,H,KOREA ,AFC,GERMANY,1?€1,DRAW,17,4_1_4_1,DF,STARTING,14,9,0.64,0,0,0,8,3,0.37,0,0,0,0,0,3,1,0,0,0,1,1,0,3,1,3,1,3,7,4,1,5,7,7,2,1,8,4,9373.8,3954.8,3751.4,1303,298.1,65.6,112,23,28.9,1,4,5,1,33.33333333,0
47,H,KOREA ,AFC,GERMANY,1?€1,DRAW,17,4_1_4_1,GK,Substitutions,0,0,0,0,0,0,0,0,0,0,0,0,0,0,0,0,0,0,0,0,0,0,0,0,0,0,0,0,0,0,0,0,0,0,0,0,0,0,0,0,0,0,0,0,0,0,1,4,5,1,0,0
47,H,KOREA ,AFC,GERMANY,1?€1,DRAW,17,4_1_4_1,DF,Substitutions,0,0,0,0,0,0,0,0,0,0,0,0,0,0,0,0,0,0,0,0,0,0,0,0,0,0,0,0,0,0,0,0,0,0,0,0,0,0,0,0,0,0,0,0,0,0,1,4,5,1,0,0
47,H,KOREA ,AFC,GERMANY,1?€1,DRAW,17,4_1_4_1,MF,Substitutions,0,0,0,0,0,0,0,0,0,0,0,0,0,0,0,0,0,0,0,0,0,0,0,0,0,0,0,0,0,0,0,0,0,0,0,0,0,0,0,0,0,0,0,0,0,0,1,4,5,1,0,0
47,H,KOREA ,AFC,GERMANY,1?€1,DRAW,17,4_1_4_1,DF,Substitutions,0,0,0,0,0,0,0,0,0,0,0,0,0,0,0,0,0,0,0,0,0,0,0,0,0,0,0,0,0,0,0,0,0,0,0,0,0,0,0,0,0,0,0,0,0,0,1,4,5,1,0,0
47,H,KOREA ,AFC,GERMANY,1?€1,DRAW,17,4_1_4_1,FW,Substitutions,0,0,0,0,0,0,0,0,0,0,0,0,0,0,0,0,0,0,0,0,0,0,0,0,0,0,0,0,0,0,0,0,0,0,0,0,0,0,0,0,0,0,0,0,0,0,1,4,5,1,0,0
47,H,KOREA ,AFC,GERMANY,1?€1,DRAW,17,4_1_4_1,MF,Substitutions,0,0,0,0,0,0,0,0,0,0,0,0,0,0,0,0,0,0,0,0,0,0,0,0,0,0,0,0,0,0,0,0,0,0,0,0,0,0,0,0,0,0,0,0,0,0,1,4,5,1,0,0
47,H,KOREA ,AFC,GERMANY,1?€1,DRAW,17,4_1_4_1,FW,Substitutions,0,0,0,0,0,0,0,0,0,0,0,0,0,0,1,0,0,0,0,1,0,0,1,0,1,0,0,9,1,0,1,0,0,3,0,0,0,1754.7,558.2,560.8,461.7,137.9,36,40,10,25.4,1,4,5,1,0,0
47,H,KOREA ,AFC,GERMANY,1?€1,DRAW,17,4_1_4_1,FW,Substitutions,2,1,0.5,0,0,0,0,0,0,0,0,0,1,0,0,0,0,0,0,0,0,0,0,0,1,0,2,0,5,0,5,4,0,2,1,2,5,3368,1694.1,991.9,579.6,90.3,12.1,48,7,24.3,1,4,5,1,0,0
47,H,KOREA ,AFC,GERMANY,1?€1,DRAW,17,4_1_4_1,MF,Substitutions,0,0,0,0,0,0,0,0,0,0,0,0,0,0,0,0,0,0,0,0,0,0,0,0,0,0,0,0,0,0,0,0,0,0,0,0,0,0,0,0,0,0,0,0,0,0,1,4,5,1,0,0
47,H,KOREA ,AFC,GERMANY,1?€1,DRAW,17,4_1_4_1,GK,Substitutions,0,0,0,0,0,0,0,0,0,0,0,0,0,0,0,0,0,0,0,0,0,0,0,0,0,0,0,0,0,0,0,0,0,0,0,0,0,0,0,0,0,0,0,0,0,0,1,4,5,1,0,0
47,H,KOREA ,AFC,GERMANY,1?€1,DRAW,17,4_1_4_1,MF,Substitutions,0,0,0,0,0,0,0,0,0,0,0,0,0,0,0,0,0,0,0,0,0,0,0,0,0,0,0,0,0,0,0,0,0,0,0,0,0,0,0,0,0,0,0,0,0,0,1,4,5,1,0,0
47,H,KOREA ,AFC,GERMANY,1?€1,DRAW,17,4_1_4_1,FW,Substitutions,1,0,0,0,0,0,0,0,0,0,0,0,0,0,1,0,0,0,0,1,0,1,2,0,0,0,2,2,0,0,0,0,0,1,1,0,0,910.3,218,312.5,175.4,103.2,101,20,8,27.6,1,4,5,1,0,0
32,H,KOREA ,AFC,MOROCCO,0?€1,LOSE,17,3_5_2,MF,STARTING,6,5,83%,0,0,0,0,0,0%,1,1,0,1,0,21,0,7,0,0,6,8,0,2,0,2,1,2,8,1,0,1,1,4,7,3,1,3,5680.6,1797.3,1983.1,1317.3,380,202.8,105,32,28.7,0,3,5,2,0,0
32,H,KOREA ,AFC,MOROCCO,0?€1,LOSE,17,3_5_2,DF,STARTING,58,44,76%,0,0,0,9,5,55%,1,0,1,1,0,22,0,0,0,0,0,22,13,0,0,2,0,1,4,0,0,0,5,3,5,0,2,4,7925.3,2492.5,3471.3,1619.1,189.4,153,133,19,26,0,3,5,2,0,0
32,H,KOREA ,AFC,MOROCCO,0?€1,LOSE,17,3_5_2,DF,STARTING,71,63,89%,1,0,0,11,9,81%,2,0,2,0,0,12,3,0,0,0,0,9,7,7,2,1,1,7,3,2,0,2,5,7,3,2,6,6,9130.3,3276.9,3831.1,1554,373.4,95,145,26,27.5,0,3,5,2,28.57142857,0
32,H,KOREA ,AFC,MOROCCO,0?€1,LOSE,17,3_5_2,FW,STARTING,12,9,75%,0,1,0,3,2,66%,2,0,2,2,0,17,0,1,2,0,10,4,2,2,0,0,1,2,8,2,0,2,1,6,6,2,1,1,5298.6,1799.9,1879.9,1252.6,270.2,95.4,101,26,27.5,0,3,5,2,0,0
32,H,KOREA ,AFC,MOROCCO,0?€1,LOSE,17,3_5_2,MF,STARTING,43,33,77%,0,1,0,12,6,50%,4,3,1,3,0,33,8,11,0,1,7,6,11,3,1,1,4,5,21,4,1,5,5,14,16,7,9,7,10988.2,3804.1,3555.8,2792.1,648.3,187.9,247,46,27.1,0,3,5,2,33.33333333,0
32,H,KOREA ,AFC,MOROCCO,0?€1,LOSE,17,3_5_2,MF,STARTING,22,18,82%,0,2,0,6,3,50%,3,1,2,2,0,47,8,16,1,1,11,10,14,4,3,2,3,3,12,5,0,5,1,4,5,3,9,0,9972.2,3150.2,3651.8,2768.3,328.1,74.8,197,31,27.8,0,3,5,2,75,0
32,H,KOREA ,AFC,MOROCCO,0?€1,LOSE,17,3_5_2,MF,STARTING,71,60,85%,0,6,1,16,12,75%,2,1,1,2,0,30,10,10,1,2,3,4,15,4,1,1,0,5,10,2,0,5,1,13,13,5,3,2,9934.3,4109.8,3017,2273,384.5,150,152,26,27.9,0,3,5,2,25,16.66666667
32,H,KOREA ,AFC,MOROCCO,0?€1,LOSE,17,3_5_2,FW,STARTING,9,5,56%,0,0,0,2,0,0%,0,0,0,1,0,25,1,6,0,0,17,1,3,1,0,1,0,1,4,13,0,13,0,1,5,2,0,0,6357.7,2979.2,2161,995.6,191.4,30.5,93,16,27.5,0,3,5,2,0,0
32,H,KOREA ,AFC,MOROCCO,0?€1,LOSE,17,3_5_2,MF,STARTING,71,60,85%,0,7,2,15,10,66%,1,1,0,0,0,48,10,3,3,1,9,22,27,7,2,1,2,4,7,0,0,2,4,8,11,6,8,1,9563.7,3314.8,3343.5,2194.9,476.3,234.3,163,34,31.9,0,3,5,2,28.57142857,28.57142857
32,H,KOREA ,AFC,MOROCCO,0?€1,LOSE,17,3_5_2,GK,STARTING,22,17,77%,0,0,0,4,1,25%,0,0,0,0,0,3,0,0,0,0,0,3,1,0,0,0,0,0,0,0,0,0,1,3,0,0,4,0,3361.6,2447.3,726.1,188.3,0,0,0,0,19.5,0,3,5,2,0,0
32,H,KOREA ,AFC,MOROCCO,0?€1,LOSE,17,3_5_2,DF,STARTING,44,38,86%,0,9,5,16,14,87%,1,1,0,0,0,25,5,1,0,0,4,15,11,7,1,4,0,6,16,1,0,2,2,8,17,11,5,2,9544.5,3706.1,3279.5,1790.6,521.1,247.2,163,42,29.1,0,3,5,2,14.28571429,55.55555556
32,H,KOREA ,AFC,MOROCCO,0?€1,LOSE,17,3_5_2,GK,Substitutions,0,0,0,0,0,0,0,0,0,0,0,0,0,0,0,0,0,0,0,0,0,0,0,0,0,0,0,0,0,0,0,0,0,0,0,0,0,0,0,0,0,0,0,0,0,0,0,3,5,2,0,0
32,H,KOREA ,AFC,MOROCCO,0?€1,LOSE,17,3_5_2,MF,Substitutions,0,0,0,0,0,0,0,0,0,0,0,0,0,0,0,0,0,0,0,0,0,0,0,0,0,0,0,0,0,0,0,0,0,0,0,0,0,0,0,0,0,0,0,0,0,0,0,3,5,2,0,0
32,H,KOREA ,AFC,MOROCCO,0?€1,LOSE,17,3_5_2,DF,Substitutions,0,0,0,0,0,0,0,0,0,0,0,0,0,0,0,0,0,0,0,0,0,0,0,0,0,0,0,0,0,0,0,0,0,0,0,0,0,0,0,0,0,0,0,0,0,0,0,3,5,2,0,0
32,H,KOREA ,AFC,MOROCCO,0?€1,LOSE,17,3_5_2,FW,Substitutions,21,11,52%,0,3,0,3,1,33%,1,1,0,0,0,16,2,1,1,0,6,6,9,1,0,2,0,1,8,0,0,1,0,4,8,5,2,1,5097.9,1553.3,1829.6,1214.3,252.3,248.8,102,27,28.6,0,3,5,2,0,0
32,H,KOREA ,AFC,MOROCCO,0?€1,LOSE,17,3_5_2,FW,Substitutions,12,11,92%,1,0,0,3,3,100%,0,0,0,1,0,29,1,9,0,3,12,4,6,1,1,3,0,1,4,1,0,1,0,4,6,1,1,2,4825.8,1788,1657.2,952.1,265.9,162.6,86,28,26.1,0,3,5,2,100,0
32,H,KOREA ,AFC,MOROCCO,0?€1,LOSE,17,3_5_2,MF,Substitutions,6,5,83%,0,2,1,5,4,80%,2,1,1,1,0,25,4,7,1,1,8,4,8,2,0,0,0,3,2,0,0,0,1,2,6,4,0,1,3073.6,1008.5,1036.7,754.6,203.5,70.4,57,16,29.3,0,3,5,2,0,50
32,H,KOREA ,AFC,MOROCCO,0?€1,LOSE,17,3_5_2,MF,Substitutions,0,0,0,0,1,0,0,0,0%,0,0,0,1,0,4,0,0,0,0,2,2,0,0,0,0,0,0,0,0,0,0,0,2,1,0,0,0,1103.4,303,327.8,352,24.8,95.8,28,5,27.7,0,3,5,2,0,0
32,H,KOREA ,AFC,MOROCCO,0?€1,LOSE,17,3_5_2,DF,Substitutions,0,0,0,0,0,0,0,0,0,0,0,0,0,0,0,0,0,0,0,0,0,0,0,0,0,0,0,0,0,0,0,0,0,0,0,0,0,0,0,0,0,0,0,0,0,0,0,3,5,2,0,0
32,H,KOREA ,AFC,MOROCCO,0?€1,LOSE,17,3_5_2,FW,Substitutions,1,0,0,0,0,0,1,0,0%,0,0,0,1,0,3,0,1,0,0,1,1,0,0,0,1,0,0,3,0,0,0,0,0,0,0,0,0,1265.8,537.2,399,198.2,106.7,24.7,22,9,26.4,0,3,5,2,0,0
32,H,KOREA ,AFC,MOROCCO,0?€1,LOSE,17,3_5_2,GK,Substitutions,0,0,0,0,0,0,0,0,0,0,0,0,0,0,0,0,0,0,0,0,0,0,0,0,0,0,0,0,0,0,0,0,0,0,0,0,0,0,0,0,0,0,0,0,0,0,0,3,5,2,0,0
32,H,KOREA ,AFC,MOROCCO,0?€1,LOSE,17,3_5_2,MF,Substitutions,0,0,0,0,0,0,0,0,0,0,0,0,0,0,0,0,0,0,0,0,0,0,0,0,0,0,0,0,0,0,0,0,0,0,0,0,0,0,0,0,0,0,0,0,0,0,0,3,5,2,0,0
32,H,KOREA ,AFC,MOROCCO,0?€1,LOSE,17,3_5_2,FW,Substitutions,0,0,0,0,0,0,0,0,0,0,0,0,0,0,0,0,0,0,0,0,0,0,0,0,0,0,0,0,0,0,0,0,0,0,0,0,0,0,0,0,0,0,0,0,0,0,0,3,5,2,0,0
48,H,MOROCCO,CAF,COLOMBIA,1?€0,WIN,72,4_4_2,GK,STARTING,25,8,0.32,0,0,0,20,6,0.3,0,0,0,0,0,2,0,0,0,0,0,2,1,0,0,0,0,0,0,0,0,0,0,5,0,0,10,0,4485.6,3614.5,702.9,143.5,24.7,0,23,3,21.9,1,4,4,2,0,0
48,H,MOROCCO,CAF,COLOMBIA,1?€0,WIN,72,4_4_2,DF,STARTING,23,16,0.7,0,1,0,12,8,0.66,0,0,0,0,0,15,1,0,2,1,3,8,5,8,1,5,1,13,19,2,0,2,11,3,31,16,6,14,11061.5,3317.3,3827.3,2637.1,841.8,438,217,65,29.3,1,4,4,2,12.5,0
48,H,MOROCCO,CAF,COLOMBIA,1?€0,WIN,72,4_4_2,DF,STARTING,15,11,0.73,0,0,0,8,5,0.62,1,0,1,0,0,1,0,0,0,0,0,1,1,2,0,2,2,3,3,0,0,0,18,7,6,2,11,9,9702.6,3420.2,4115.8,1763.9,267.8,133.9,154,24,28.7,1,4,4,2,0,0
48,H,MOROCCO,CAF,COLOMBIA,1?€0,WIN,72,4_4_2,DF,STARTING,12,8,0.67,0,0,0,7,5,0.71,0,0,0,1,0,1,0,0,0,0,0,1,1,0,0,3,0,4,2,2,0,2,14,3,8,1,7,8,9978.5,3324.8,4372.6,1782.2,401.1,97.8,161,29,32,1,4,4,2,0,0
48,H,MOROCCO,CAF,COLOMBIA,1?€0,WIN,72,4_4_2,MF,STARTING,31,21,0.68,0,0,0,18,12,0.66,2,1,1,0,0,6,3,2,0,1,0,0,3,7,6,5,2,8,17,0,0,1,5,8,25,9,13,3,11773.5,3164.7,4777.7,3495.5,297.9,40,211,26,25.9,1,4,4,2,85.71428571,0
48,H,MOROCCO,CAF,COLOMBIA,1?€0,WIN,72,4_4_2,MF,STARTING,38,28,0.74,1,4,0,16,12,0.75,3,2,1,3,0,23,5,11,0,1,5,1,9,5,1,2,1,11,18,1,0,1,2,15,26,7,2,5,12058.5,3640.4,3908.1,3641.7,686.1,182.1,242,57,30.3,1,4,4,2,20,0
48,H,MOROCCO,CAF,COLOMBIA,1?€0,WIN,72,4_4_2,FW,STARTING,16,14,0.88,0,1,0,1,1,1,1,1,0,2,0,24,0,16,0,0,8,0,4,0,0,0,0,3,18,0,0,0,0,3,6,2,1,0,9427,3241.9,2875.2,2581.1,520.4,209.3,199,44,27.4,1,4,4,2,0,0
48,H,MOROCCO,CAF,COLOMBIA,1?€0,WIN,72,4_4_2,MF,STARTING,30,24,0.8,0,5,2,10,7,0.7,3,3,0,1,0,46,4,4,0,5,17,16,20,8,2,1,2,7,14,0,0,0,1,6,20,11,4,5,10832.9,3600.9,3852.2,2263,680.3,436.6,193,65,32.2,1,4,4,2,25,40
48,H,MOROCCO,CAF,COLOMBIA,1?€0,WIN,72,4_4_2,FW,STARTING,30,20,0.67,0,1,0,8,4,0.5,0,0,0,2,1,41,2,29,0,3,5,2,10,9,3,3,1,9,22,3,0,4,0,7,11,2,4,4,8286.6,2664.1,2805,2481.8,292.5,42.3,171,28,27.7,1,4,4,2,33.33333333,0
48,H,MOROCCO,CAF,COLOMBIA,1?€0,WIN,72,4_4_2,DF,STARTING,39,20,0.51,0,2,0,22,12,0.54,1,0,1,0,0,15,0,2,0,1,3,9,2,3,1,1,4,10,3,1,0,1,7,5,25,6,8,3,9896.5,3657.8,3463.8,1887.3,472.1,415.7,160,45,29.7,1,4,4,2,33.33333333,0
48,H,MOROCCO,CAF,COLOMBIA,1?€0,WIN,72,4_4_2,MF,STARTING,32,12,0.38,0,1,0,9,4,0.44,7,5,2,0,0,19,0,3,1,1,7,7,6,6,0,3,1,8,28,1,0,1,0,9,23,16,3,1,11525.3,3359.6,4760,2698.1,519.8,187.9,176,42,30,1,4,4,2,0,0
48,H,MOROCCO,CAF,COLOMBIA,1?€0,WIN,72,4_4_2,MF,Substitutions,0,0,0,0,0,0,0,0,0,0,0,0,0,0,0,0,0,0,0,0,0,0,0,0,0,0,0,0,0,0,0,0,0,0,0,0,0,0,0,0,0,0,0,0,0,0,1,4,4,2,0,0
48,H,MOROCCO,CAF,COLOMBIA,1?€0,WIN,72,4_4_2,MF,Substitutions,9,6,0.67,0,0,0,5,2,0.4,1,1,0,0,0,17,0,6,0,1,9,1,3,2,1,0,0,3,21,0,0,0,0,2,6,4,1,0,3909.7,820.7,1479.8,1230.8,239.3,138.8,89,19,25.5,1,4,4,2,50,0
48,H,MOROCCO,CAF,COLOMBIA,1?€0,WIN,72,4_4_2,DF,Substitutions,0,0,0,0,0,0,0,0,0,0,0,0,0,0,0,0,0,0,0,0,0,0,0,0,0,0,0,0,0,0,0,0,0,0,0,0,0,0,0,0,0,0,0,0,0,0,1,4,4,2,0,0
48,H,MOROCCO,CAF,COLOMBIA,1?€0,WIN,72,4_4_2,GK,Substitutions,0,0,0,0,0,0,0,0,0,0,0,0,0,0,0,0,0,0,0,0,0,0,0,0,0,0,0,0,0,0,0,0,0,0,0,0,0,0,0,0,0,0,0,0,0,0,1,4,4,2,0,0
48,H,MOROCCO,CAF,COLOMBIA,1?€0,WIN,72,4_4_2,DF,Substitutions,0,0,0,0,0,0,0,0,0,0,0,0,0,0,0,0,0,0,0,0,0,0,0,0,0,0,0,0,0,0,0,0,0,0,0,0,0,0,0,0,0,0,0,0,0,0,1,4,4,2,0,0
48,H,MOROCCO,CAF,COLOMBIA,1?€0,WIN,72,4_4_2,DF,Substitutions,0,0,0,0,0,0,0,0,0,0,0,0,0,0,0,0,0,0,0,0,0,0,0,0,0,0,0,0,0,0,0,0,0,0,0,0,0,0,0,0,0,0,0,0,0,0,1,4,4,2,0,0
48,H,MOROCCO,CAF,COLOMBIA,1?€0,WIN,72,4_4_2,FW,Substitutions,0,0,0,0,0,0,0,0,0,0,0,0,0,0,0,0,0,0,0,0,0,0,0,0,0,0,0,0,0,0,0,0,0,0,0,0,0,0,0,0,0,0,0,0,0,0,1,4,4,2,0,0
48,H,MOROCCO,CAF,COLOMBIA,1?€0,WIN,72,4_4_2,MF,Substitutions,0,0,0,0,0,0,0,0,0,0,0,0,0,0,0,0,0,0,0,0,0,0,0,0,0,0,0,0,0,0,0,0,0,0,0,0,0,0,0,0,0,0,0,0,0,0,1,4,4,2,0,0
48,H,MOROCCO,CAF,COLOMBIA,1?€0,WIN,72,4_4_2,MF,Substitutions,0,0,0,0,0,0,0,0,0,0,0,0,0,0,0,0,0,0,0,0,0,0,0,0,0,0,0,0,0,0,0,0,0,0,0,0,0,0,0,0,0,0,0,0,0,0,1,4,4,2,0,0
48,H,MOROCCO,CAF,COLOMBIA,1?€0,WIN,72,4_4_2,DF,Substitutions,0,0,0,0,0,0,0,0,0,0,0,0,0,0,0,0,0,0,0,0,0,0,0,0,0,0,0,0,0,0,0,0,0,0,0,0,0,0,0,0,0,0,0,0,0,0,1,4,4,2,0,0
48,H,MOROCCO,CAF,COLOMBIA,1?€0,WIN,72,4_4_2,GK,Substitutions,0,0,0,0,0,0,0,0,0,0,0,0,0,0,0,0,0,0,0,0,0,0,0,0,0,0,0,0,0,0,0,0,0,0,0,0,0,0,0,0,0,0,0,0,0,0,1,4,4,2,0,0
48,H,MOROCCO,CAF,COLOMBIA,1?€0,WIN,72,4_4_2,FW,Substitutions,4,2,0.5,0,0,0,1,1,1,1,1,0,0,0,5,0,1,0,2,2,0,1,1,1,0,0,1,2,0,0,0,0,1,0,0,1,0,1853.1,625.6,399.2,554.8,153.6,119.7,41,14,29.6,1,4,4,2,100,0
15,H,MOROCCO,CAF,GERMANY,0?€6,LOSE,72,4_4_2,GK,STARTING,21,7,33%,1,0,0,12,4,33%,0,0,0,0,0,3,0,0,0,0,0,3,0,0,0,0,0,0,0,0,0,0,1,0,0,0,4,0,4052.9,3204.3,629.4,190.1,29.6,0,31,2,25.6,0,4,4,2,0,0
15,H,MOROCCO,CAF,GERMANY,0?€6,LOSE,72,4_4_2,DF,STARTING,34,22,65%,0,0,0,14,7,50%,1,1,0,0,0,10,1,0,0,0,3,6,2,6,3,5,1,9,10,0,0,4,5,7,23,10,6,4,10616,3012.8,3834.5,2760.1,810,198.5,245,62,27.9,0,4,4,2,50,0
15,H,MOROCCO,CAF,GERMANY,0?€6,LOSE,72,4_4_2,DF,STARTING,37,22,59%,0,0,0,12,8,66%,1,1,0,0,0,10,2,0,0,0,1,7,3,10,4,8,3,11,20,0,0,0,5,6,35,17,12,8,10252.5,3401.8,4303,2012.6,413.2,122,171,26,28.2,0,4,4,2,40,0
15,H,MOROCCO,CAF,GERMANY,0?€6,LOSE,72,4_4_2,MF,STARTING,18,12,67%,0,0,0,5,4,80%,0,0,0,0,0,7,6,0,0,1,0,0,1,4,0,2,1,8,17,0,0,0,1,11,14,7,3,4,9831.9,2151.2,4461.7,2966.3,252.7,0,211,21,22.5,0,4,4,2,0,0
15,H,MOROCCO,CAF,GERMANY,0?€6,LOSE,72,4_4_2,MF,STARTING,36,26,72%,0,2,0,11,7,63%,0,0,0,2,0,60,21,26,1,3,2,7,19,8,2,3,0,17,41,1,0,2,0,12,48,19,6,6,10993,3668.4,3504.6,3039.6,638.7,142.9,236,50,27.4,0,4,4,2,25,0
15,H,MOROCCO,CAF,GERMANY,0?€6,LOSE,72,4_4_2,MF,STARTING,30,17,57%,0,2,0,8,2,25%,2,1,1,0,0,41,10,1,1,5,12,12,17,6,2,2,1,12,26,0,0,0,0,7,27,20,5,4,9915.3,3282.9,3869.9,1969.2,528.5,265.7,172,46,30.5,0,4,4,2,33.33333333,0
15,H,MOROCCO,CAF,GERMANY,0?€6,LOSE,72,4_4_2,FW,STARTING,19,12,63%,0,0,0,4,3,75%,2,2,0,0,0,17,1,6,0,1,8,1,5,4,1,2,0,4,42,4,0,4,4,6,42,23,5,5,8058.7,2547.4,2740.8,2353.9,390.8,25.8,187,29,28.8,0,4,4,2,25,0
15,H,MOROCCO,CAF,GERMANY,0?€6,LOSE,72,4_4_2,DF,STARTING,14,11,79%,1,0,0,7,5,71%,0,0,0,2,0,4,1,0,0,0,0,3,4,5,1,4,0,4,5,1,0,2,7,4,10,0,6,8,8762,3340.9,3329.5,1433.5,381.1,276.9,128,41,29.7,0,4,4,2,20,0
15,H,MOROCCO,CAF,GERMANY,0?€6,LOSE,72,4_4_2,MF,STARTING,16,6,38%,0,1,0,8,4,50%,6,6,0,0,0,32,2,2,1,1,12,14,10,3,1,5,0,8,31,0,0,1,2,8,29,14,3,1,10124.4,2900.7,4595.5,2158.5,323,145.8,166,29,29.8,0,4,4,2,33.33333333,0
15,H,MOROCCO,CAF,GERMANY,0?€6,LOSE,72,4_4_2,DF,STARTING,16,9,56%,1,0,0,6,1,16%,0,0,0,0,0,6,3,0,0,0,0,3,1,2,0,2,1,3,5,1,0,1,2,4,19,5,2,1,7980.9,2651.2,3345.6,1724.7,245,13.6,138,17,28.4,0,4,4,2,0,0
15,H,MOROCCO,CAF,GERMANY,0?€6,LOSE,72,4_4_2,FW,STARTING,19,16,84%,0,0,0,2,1,50%,2,2,0,0,0,38,3,9,0,2,24,0,12,4,0,1,0,10,59,2,0,2,0,2,35,23,1,2,9729.5,3763.4,2938.3,2245.6,462.2,321.1,201,51,31,0,4,4,2,0,0
15,H,MOROCCO,CAF,GERMANY,0?€6,LOSE,72,4_4_2,DF,Substitutions,0,0,0,0,0,0,0,0,0,0,0,0,0,0,0,0,0,0,0,0,0,0,0,0,0,0,0,0,0,0,0,0,0,0,0,0,0,0,0,0,0,0,0,0,0,0,0,4,4,2,0,0
15,H,MOROCCO,CAF,GERMANY,0?€6,LOSE,72,4_4_2,DF,Substitutions,2,1,50%,0,0,0,0,0,0,0,0,0,0,0,1,0,0,0,0,0,1,0,1,0,1,0,0,2,0,0,0,1,1,6,0,2,2,1800.6,595.3,710.3,398.6,96.3,0,35,7,24.1,0,4,4,2,0,0
15,H,MOROCCO,CAF,GERMANY,0?€6,LOSE,72,4_4_2,MF,Substitutions,3,2,67%,0,0,0,0,0,0,0,0,0,1,0,5,2,1,0,0,1,1,2,0,0,0,0,0,18,0,0,0,0,0,17,7,0,0,3482,886.5,1455.1,966.6,173.8,0,84,12,24.4,0,4,4,2,0,0
15,H,MOROCCO,CAF,GERMANY,0?€6,LOSE,72,4_4_2,FW,Substitutions,0,0,0,0,0,0,0,0,0,0,0,0,0,0,3,0,2,0,0,1,0,0,0,0,0,0,0,6,0,0,0,0,0,1,0,0,0,635.5,175.4,205.6,214.9,39.7,0,15,3,25.2,0,4,4,2,0,0
15,H,MOROCCO,CAF,GERMANY,0?€6,LOSE,72,4_4_2,DF,Substitutions,9,8,89%,0,0,0,4,4,100%,0,0,0,0,0,2,0,1,0,1,0,0,0,1,0,0,0,1,3,0,0,1,1,4,7,0,1,1,2147.7,552,767.6,635.5,163.2,29.2,54,9,25.2,0,4,4,2,0,0
15,H,MOROCCO,CAF,GERMANY,0?€6,LOSE,72,4_4_2,GK,Substitutions,0,0,0,0,0,0,0,0,0,0,0,0,0,0,0,0,0,0,0,0,0,0,0,0,0,0,0,0,0,0,0,0,0,0,0,0,0,0,0,0,0,0,0,0,0,0,0,4,4,2,0,0
15,H,MOROCCO,CAF,GERMANY,0?€6,LOSE,72,4_4_2,DF,Substitutions,0,0,0,0,0,0,0,0,0,0,0,0,0,0,0,0,0,0,0,0,0,0,0,0,0,0,0,0,0,0,0,0,0,0,0,0,0,0,0,0,0,0,0,0,0,0,0,4,4,2,0,0
15,H,MOROCCO,CAF,GERMANY,0?€6,LOSE,72,4_4_2,DF,Substitutions,0,0,0,0,0,0,0,0,0,0,0,0,0,0,0,0,0,0,0,0,0,0,0,0,0,0,0,0,0,0,0,0,0,0,0,0,0,0,0,0,0,0,0,0,0,0,0,4,4,2,0,0
15,H,MOROCCO,CAF,GERMANY,0?€6,LOSE,72,4_4_2,FW,Substitutions,0,0,0,0,0,0,0,0,0,0,0,0,0,0,0,0,0,0,0,0,0,0,0,0,0,0,0,0,0,0,0,0,0,0,0,0,0,0,0,0,0,0,0,0,0,0,0,4,4,2,0,0
15,H,MOROCCO,CAF,GERMANY,0?€6,LOSE,72,4_4_2,MF,Substitutions,0,0,0,0,0,0,0,0,0,0,0,0,0,0,0,0,0,0,0,0,0,0,0,0,0,0,0,0,0,0,0,0,0,0,0,0,0,0,0,0,0,0,0,0,0,0,0,4,4,2,0,0
15,H,MOROCCO,CAF,GERMANY,0?€6,LOSE,72,4_4_2,MF,Substitutions,1,1,100%,0,0,0,1,1,100%,0,0,0,0,0,7,2,0,0,0,4,1,2,1,0,0,0,0,2,0,0,0,0,0,1,0,0,0,655.9,145.6,209,191.9,80,29.6,14,6,25.7,0,4,4,2,0,0
15,H,MOROCCO,CAF,GERMANY,0?€6,LOSE,72,4_4_2,GK,Substitutions,0,0,0,0,0,0,0,0,0,0,0,0,0,0,0,0,0,0,0,0,0,0,0,0,0,0,0,0,0,0,0,0,0,0,0,0,0,0,0,0,0,0,0,0,0,0,0,4,4,2,0,0
32,H,MOROCCO,CAF,KOREA,1?€0,WIN,72,4_4_1_1,GK,STARTING,34,11,32%,0,0,0,11,5,45%,0,0,0,0,0,2,0,0,0,0,0,2,0,0,0,0,0,0,0,0,0,0,0,1,0,0,9,0,4484.5,3600.2,685.7,172.2,19.7,6.7,30,2,25.3,1,4,5,1,0,0
32,H,MOROCCO,CAF,KOREA,1?€0,WIN,72,4_4_1_1,DF,STARTING,43,31,72%,0,0,0,11,4,36%,3,2,1,1,0,10,3,0,0,0,3,4,6,2,1,6,2,9,14,0,0,0,7,6,29,11,7,7,10454.9,3012.1,3683.3,2786.2,626.3,347.1,229,58,28.5,1,4,5,1,50,0
32,H,MOROCCO,CAF,KOREA,1?€0,WIN,72,4_4_1_1,DF,STARTING,17,12,71%,1,0,0,5,2,40%,0,0,0,1,0,2,1,0,0,0,0,1,1,0,0,2,0,2,8,1,1,2,12,7,14,5,10,4,9058.3,3151.4,3779.1,1680.3,356.9,91.5,162,27,27.9,1,4,5,1,0,0
32,H,MOROCCO,CAF,KOREA,1?€0,WIN,72,4_4_1_1,DF,STARTING,15,10,67%,0,1,0,4,2,50%,1,0,1,0,0,1,0,0,0,0,0,1,0,2,0,3,1,5,4,1,0,1,8,7,12,6,7,10,9373.5,3231.1,4067.2,1720,304.6,50.6,140,23,25.4,1,4,5,1,0,0
32,H,MOROCCO,CAF,KOREA,1?€0,WIN,72,4_4_1_1,MF,STARTING,22,14,64%,0,0,0,5,2,40%,2,0,2,1,0,4,4,0,0,0,0,0,1,7,2,3,0,7,15,1,0,2,3,9,11,7,6,3,9406.4,2350.7,4504.7,2398.6,125.1,27.3,164,12,25,1,4,5,1,28.57142857,0
32,H,MOROCCO,CAF,KOREA,1?€0,WIN,72,4_4_1_1,MF,STARTING,26,20,77%,0,4,2,7,4,57%,1,1,0,1,0,47,9,27,0,3,8,0,15,2,0,3,0,9,25,2,0,3,3,8,18,12,6,3,10995.3,3708.7,3635,2719.1,704.8,226.5,204,50,28.3,1,4,5,1,0,50
32,H,MOROCCO,CAF,KOREA,1?€0,WIN,72,4_4_1_1,FW,STARTING,20,17,85%,0,0,0,2,1,50%,0,0,0,1,0,39,5,25,0,1,5,3,7,5,2,2,0,9,45,1,0,1,0,3,33,20,2,0,8821.4,2140.1,3735.8,2421.5,460.5,63.5,180,31,26,1,4,5,1,40,0
32,H,MOROCCO,CAF,KOREA,1?€0,WIN,72,4_4_1_1,FW,STARTING,10,5,50%,0,1,0,1,0,0,2,2,0,1,1,15,0,6,0,0,9,0,4,1,0,1,1,5,26,0,0,1,0,2,15,6,1,2,7716.9,2937.8,2418.5,1815.8,441.4,104.2,145,39,27.7,1,4,5,1,0,0
32,H,MOROCCO,CAF,KOREA,1?€0,WIN,72,4_4_1_1,MF,STARTING,29,21,72%,0,4,3,6,4,66%,5,1,4,0,0,40,6,1,1,5,12,15,18,4,1,4,0,6,25,0,0,0,0,3,27,12,3,1,8914.2,2949.7,3461.4,1902.3,407.4,193.4,159,37,28.6,1,4,5,1,25,75
32,H,MOROCCO,CAF,KOREA,1?€0,WIN,72,4_4_1_1,DF,STARTING,41,22,54%,0,2,1,14,5,35%,2,1,1,0,0,13,8,1,0,0,2,2,8,11,3,3,0,11,12,0,0,2,7,5,41,12,9,5,9150,3326,3509.9,1865.7,350.4,97.9,162,34,27.6,1,4,5,1,27.27272727,50
32,H,MOROCCO,CAF,KOREA,1?€0,WIN,72,4_4_1_1,MF,STARTING,20,16,80%,0,1,0,4,4,100%,4,3,1,1,0,20,1,1,0,1,10,7,4,3,2,9,0,9,45,1,1,2,1,8,14,11,4,5,10815.5,3066.2,5061.7,2072.3,523.5,91.9,172,38,27.1,1,4,5,1,66.66666667,0
32,H,MOROCCO,CAF,KOREA,1?€0,WIN,72,4_4_1_1,MF,Substitutions,3,2,67%,0,0,0,0,0,0,0,0,0,0,0,1,0,1,0,0,0,0,0,1,1,0,0,6,4,0,0,0,1,3,8,5,1,1,2812.1,887,1052,668.4,133.6,70.9,45,10,27.1,1,4,5,1,100,0
32,H,MOROCCO,CAF,KOREA,1?€0,WIN,72,4_4_1_1,DF,Substitutions,2,1,50%,0,0,0,1,0,0,0,0,0,0,0,2,0,1,0,0,1,0,0,0,0,0,0,1,2,0,0,1,0,2,1,1,0,0,1927.4,549.9,488.8,662.5,213.6,12.7,44,14,31.7,1,4,5,1,0,0
32,H,MOROCCO,CAF,KOREA,1?€0,WIN,72,4_4_1_1,GK,Substitutions,0,0,0,0,0,0,0,0,0,0,0,0,0,0,0,0,0,0,0,0,0,0,0,0,0,0,0,0,0,0,0,0,0,0,0,0,0,0,0,0,0,0,0,0,0,0,1,4,5,1,0,0
32,H,MOROCCO,CAF,KOREA,1?€0,WIN,72,4_4_1_1,DF,Substitutions,0,0,0,0,0,0,0,0,0,0,0,0,0,0,0,0,0,0,0,0,0,0,0,0,0,0,0,0,0,0,0,0,0,0,0,0,0,0,0,0,0,0,0,0,0,0,1,4,5,1,0,0
32,H,MOROCCO,CAF,KOREA,1?€0,WIN,72,4_4_1_1,DF,Substitutions,0,0,0,0,0,0,0,0,0,0,0,0,0,0,0,0,0,0,0,0,0,0,0,0,0,0,0,0,0,0,0,0,0,0,0,0,0,0,0,0,0,0,0,0,0,0,1,4,5,1,0,0
32,H,MOROCCO,CAF,KOREA,1?€0,WIN,72,4_4_1_1,FW,Substitutions,0,0,0,0,0,0,0,0,0,0,0,0,0,0,0,0,0,0,0,0,0,0,0,0,0,0,0,0,0,0,0,0,0,0,0,0,0,0,0,0,0,0,0,0,0,0,1,4,5,1,0,0
32,H,MOROCCO,CAF,KOREA,1?€0,WIN,72,4_4_1_1,MF,Substitutions,0,0,0,0,0,0,0,0,0,0,0,0,0,0,0,0,0,0,0,0,0,0,0,0,0,0,0,0,0,0,0,0,0,0,0,0,0,0,0,0,0,0,0,0,0,0,1,4,5,1,0,0
32,H,MOROCCO,CAF,KOREA,1?€0,WIN,72,4_4_1_1,MF,Substitutions,0,0,0,0,0,0,0,0,0,0,0,0,0,0,0,0,0,0,0,0,0,0,0,0,0,0,0,0,0,0,0,0,0,0,0,0,0,0,0,0,0,0,0,0,0,0,1,4,5,1,0,0
32,H,MOROCCO,CAF,KOREA,1?€0,WIN,72,4_4_1_1,MF,Substitutions,4,2,50%,0,0,0,2,0,0,1,0,1,1,0,7,0,1,0,1,4,1,1,1,1,0,0,2,2,0,0,0,2,1,3,0,2,1,1780.3,584.3,478.7,506.7,60.4,150.1,36,9,27.8,1,4,5,1,100,0
32,H,MOROCCO,CAF,KOREA,1?€0,WIN,72,4_4_1_1,DF,Substitutions,0,0,0,0,0,0,0,0,0,0,0,0,0,0,0,0,0,0,0,0,0,0,0,0,0,0,0,0,0,0,0,0,0,0,0,0,0,0,0,0,0,0,0,0,0,0,1,4,5,1,0,0
32,H,MOROCCO,CAF,KOREA,1?€0,WIN,72,4_4_1_1,GK,Substitutions,0,0,0,0,0,0,0,0,0,0,0,0,0,0,0,0,0,0,0,0,0,0,0,0,0,0,0,0,0,0,0,0,0,0,0,0,0,0,0,0,0,0,0,0,0,0,1,4,5,1,0,0
32,H,MOROCCO,CAF,KOREA,1?€0,WIN,72,4_4_1_1,FW,Substitutions,1,0,0,0,0,0,1,0,0,0,0,0,1,0,7,0,0,0,0,7,0,4,1,0,0,0,1,6,0,0,0,0,2,5,3,0,1,2306.1,841.7,565,472.1,200.2,227.4,42,18,30.3,1,4,5,1,0,0
53,ROUND OF 16,AUSTRALIA,AFC,DENMARK,2?€0,WIN,10,4_4_2,DF,STARTING,38,30,0.79,0,4,0,12,7,58%,0,0,0,0,0,25,7,0,0,2,6,10,4,0,0,3,0,2,3,1,0,1,12,4,16,3,2,10,10667.9,3427.6,4042.1,2250.9,701.9,245.4,193,48,28.6,2,4,4,2,0,0
53,ROUND OF 16,AUSTRALIA,AFC,DENMARK,2?€0,WIN,10,4_4_2,MF,STARTING,18,13,72%,0,2,1,3,2,66%,6,4,2,3,1,46,2,4,4,0,23,13,16,5,1,2,0,4,18,0,0,1,0,5,23,9,1,1,10878.9,3607.4,3922.9,2439,512.4,396,189,49,30.5,2,4,4,2,20,50
53,ROUND OF 16,AUSTRALIA,AFC,DENMARK,2?€0,WIN,10,4_4_2,FW,STARTING,21,16,76%,1,0,0,7,5,71%,1,1,0,1,0,21,1,9,2,4,4,1,9,0,0,1,1,2,24,1,0,3,3,2,20,13,1,4,9332.3,2721.3,3458.5,2657.8,426.5,68.1,198,30,27,2,4,4,2,0,0
53,ROUND OF 16,AUSTRALIA,AFC,DENMARK,2?€0,WIN,10,4_4_2,FW,STARTING,18,15,83%,0,0,0,2,2,100%,2,1,1,0,0,31,8,17,2,2,1,1,7,3,1,0,0,3,15,1,0,4,1,1,11,6,2,0,11114,3410.9,4142.2,2581.8,683.5,294.5,203,51,30.4,2,4,4,2,33.33333333,0
53,ROUND OF 16,AUSTRALIA,AFC,DENMARK,2?€0,WIN,10,4_4_2,DF,STARTING,40,33,82%,0,0,0,6,4,66%,0,0,0,1,0,7,1,1,0,0,0,5,4,0,0,2,2,1,2,8,0,8,10,2,5,1,10,4,9621.6,3520.6,3631.2,1964.7,355,151.1,168,28,27.2,2,4,4,2,0,0
53,ROUND OF 16,AUSTRALIA,AFC,DENMARK,2?€0,WIN,10,4_4_2,DF,STARTING,45,40,89%,0,0,0,9,6,66%,1,0,1,0,0,12,1,0,0,0,0,11,9,1,0,2,3,3,2,5,0,5,9,3,10,2,9,8,9761.5,3336.5,4233.5,1768.8,306.5,116.2,150,21,27.8,2,4,4,2,0,0
53,ROUND OF 16,AUSTRALIA,AFC,DENMARK,2?€0,WIN,10,4_4_2,MF,STARTING,22,16,73%,0,0,0,2,0,0%,1,0,1,1,1,16,0,1,0,0,13,2,4,2,0,4,0,9,45,1,0,3,3,7,25,16,3,4,9423.8,2829,3388.8,2538.8,455.2,211.1,186,45,32.4,2,4,4,2,0,0
53,ROUND OF 16,AUSTRALIA,AFC,DENMARK,2?€0,WIN,10,4_4_2,GK,STARTING,37,14,0.38,0,0,0,24,5,20%,0,0,0,0,0,12,0,0,0,0,0,12,6,0,0,0,0,0,0,0,0,0,0,2,0,0,9,0,4748.1,3311.8,1266.3,163.3,6.6,0,22,1,20.1,2,4,4,2,0,0
53,ROUND OF 16,AUSTRALIA,AFC,DENMARK,2?€0,WIN,10,4_4_2,MF,STARTING,51,37,73%,2,1,0,13,9,69%,2,0,2,2,0,45,23,16,0,0,0,6,18,11,2,2,1,11,10,3,0,6,2,17,34,4,7,5,11196.4,3114.8,4738.3,2818.1,414.3,110.8,215,31,28.8,2,4,4,2,18.18181818,0
53,ROUND OF 16,AUSTRALIA,AFC,DENMARK,2?€0,WIN,10,4_4_2,DF,STARTING,48,29,60%,0,2,1,25,14,56%,5,3,2,1,0,29,10,1,1,2,2,13,5,3,1,4,2,3,5,2,0,2,12,11,8,3,11,9,10445,3348.7,4179,2183,495.1,239.2,185,40,29,2,4,4,2,33.33333333,50
53,ROUND OF 16,AUSTRALIA,AFC,DENMARK,2?€0,WIN,10,4_4_2,MF,STARTING,36,33,92%,1,2,1,10,10,100%,3,0,3,0,0,41,19,7,1,6,2,6,15,1,0,0,1,5,16,1,0,1,2,9,18,4,1,2,10850.5,3126,4578.9,2508.6,524.1,113.9,196,36,28.1,2,4,4,2,0,50
53,ROUND OF 16,AUSTRALIA,AFC,DENMARK,2?€0,WIN,10,4_4_2,GK,Substitutions,0,0,0,0,0,0,0,0,0,0,0,0,0,0,0,0,0,0,0,0,0,0,0,0,0,0,0,0,0,0,0,0,0,0,0,0,0,0,0,0,0,0,0,0,0,0,2,4,4,2,0,0
53,ROUND OF 16,AUSTRALIA,AFC,DENMARK,2?€0,WIN,10,4_4_2,DF,Substitutions,0,0,0,0,0,0,0,0,0,0,0,0,0,0,0,0,0,0,0,0,0,0,0,0,0,0,0,0,0,0,0,0,0,0,0,0,0,0,0,0,0,0,0,0,0,0,2,4,4,2,0,0
53,ROUND OF 16,AUSTRALIA,AFC,DENMARK,2?€0,WIN,10,4_4_2,DF,Substitutions,0,0,0,0,0,0,0,0,0,0,0,0,0,0,0,0,0,0,0,0,0,0,0,0,0,0,0,0,0,0,0,0,0,0,0,0,0,0,0,0,0,0,0,0,0,0,2,4,4,2,0,0
53,ROUND OF 16,AUSTRALIA,AFC,DENMARK,2?€0,WIN,10,4_4_2,DF,Substitutions,0,0,0%,0,0,0,0,0,0%,0,0,0,0,0,0,0,0,0,0,0,0,0,0,0,0,0,0,1,0,0,0,1,0,0,0,0,1,538.4,218,183.1,123,14.4,0,10,1,22.1,2,4,4,2,0,0
53,ROUND OF 16,AUSTRALIA,AFC,DENMARK,2?€0,WIN,10,4_4_2,FW,Substitutions,2,1,50%,0,0,0,1,0,0%,1,0,1,0,0,1,0,0,0,0,0,1,1,1,1,0,0,1,8,1,0,2,0,0,4,3,1,0,2119.2,589.1,623,610.3,174,122.7,42,17,30.9,2,4,4,2,100,0
53,ROUND OF 16,AUSTRALIA,AFC,DENMARK,2?€0,WIN,10,4_4_2,MF,Substitutions,0,0,0,0,0,0,0,0,0,0,0,0,0,0,0,0,0,0,0,0,0,0,0,0,0,0,0,0,0,0,0,0,0,0,0,0,0,0,0,0,0,0,0,0,0,0,2,4,4,2,0,0
53,ROUND OF 16,AUSTRALIA,AFC,DENMARK,2?€0,WIN,10,4_4_2,MF,Substitutions,0,0,0,0,0,0,0,0,0,0,0,0,0,0,0,0,0,0,0,0,0,0,0,0,0,0,0,0,0,0,0,0,0,0,0,0,0,0,0,0,0,0,0,0,0,0,2,4,4,2,0,0
53,ROUND OF 16,AUSTRALIA,AFC,DENMARK,2?€0,WIN,10,4_4_2,GK,Substitutions,0,0,0,0,0,0,0,0,0,0,0,0,0,0,0,0,0,0,0,0,0,0,0,0,0,0,0,0,0,0,0,0,0,0,0,0,0,0,0,0,0,0,0,0,0,0,2,4,4,2,0,0
53,ROUND OF 16,AUSTRALIA,AFC,DENMARK,2?€0,WIN,10,4_4_2,MF,Substitutions,0,0,0%,0,0,0,0,0,0%,0,0,0,0,0,0,0,0,0,0,0,0,0,0,0,0,0,0,0,0,0,0,1,0,0,0,0,1,107.7,25,34.8,22.9,25.1,0,2,1,22.7,2,4,4,2,0,0
53,ROUND OF 16,AUSTRALIA,AFC,DENMARK,2?€0,WIN,10,4_4_2,FW,Substitutions,0,0,0,0,0,0,0,0,0,0,0,0,0,0,0,0,0,0,0,0,0,0,0,0,0,0,0,0,0,0,0,0,0,0,0,0,0,0,0,0,0,0,0,0,0,0,2,4,4,2,0,0
53,ROUND OF 16,AUSTRALIA,AFC,DENMARK,2?€0,WIN,10,4_4_2,FW,Substitutions,3,2,67%,0,0,0,1,1,100%,0,0,0,1,0,8,0,3,1,0,4,0,2,0,0,0,0,0,3,1,0,1,0,0,1,0,0,0,1747.6,728.2,518.1,415.7,60.5,25,29,6,26.1,2,4,4,2,0,0
53,ROUND OF 16,AUSTRALIA,AFC,DENMARK,2?€0,WIN,10,4_4_2,DF,Substitutions,0,0,0,0,0,0,0,0,0,0,0,0,0,0,0,0,0,0,0,0,0,0,0,0,0,0,0,0,0,0,0,0,0,0,0,0,0,0,0,0,0,0,0,0,0,0,2,4,4,2,0,0
56,ROUND OF 16,COLOMBIA,CONMEBOL,JAMAICA,1?€0,WIN,25,4_2_3_1,GK,STARTING,16,6,38%,0,0,0,9,2,22%,0,0,0,0,0,5,0,0,0,0,0,5,0,0,0,0,0,0,0,0,0,0,0,1,0,0,6,0,3790.3,2976.5,640.2,156.2,17.4,0,21,3,20.4,1,4,5,1,0,0
56,ROUND OF 16,COLOMBIA,CONMEBOL,JAMAICA,1?€0,WIN,25,4_2_3_1,DF,STARTING,14,11,79%,0,0,0,1,1,100%,1,1,0,0,0,2,0,0,0,0,1,1,1,3,1,5,1,9,2,1,0,1,11,8,10,3,12,9,8435.6,3515.1,2986.2,1545.4,294.4,94.5,127,29,27.7,1,4,5,1,33.33333333,0
56,ROUND OF 16,COLOMBIA,CONMEBOL,JAMAICA,1?€0,WIN,25,4_2_3_1,MF,STARTING,26,19,73%,0,2,0,9,7,77%,1,0,1,2,0,11,2,1,0,0,4,4,4,5,1,4,1,6,28,1,0,2,12,13,13,5,5,14,8653.5,3760.8,2883.3,1677,228.5,103.8,138,23,28,1,4,5,1,20,0
56,ROUND OF 16,COLOMBIA,CONMEBOL,JAMAICA,1?€0,WIN,25,4_2_3_1,MF,STARTING,31,22,71%,1,0,0,11,7,63%,1,1,0,0,0,5,3,2,0,0,0,0,0,4,3,5,4,8,15,6,0,10,4,11,18,10,13,5,8712.9,3554.9,2763.7,1933.4,423.4,38.3,160,30,27,1,4,5,1,75,0
56,ROUND OF 16,COLOMBIA,CONMEBOL,JAMAICA,1?€0,WIN,25,4_2_3_1,FW,STARTING,12,9,75%,1,1,0,3,1,33%,6,3,3,0,0,50,2,12,2,5,25,4,12,0,0,1,0,2,12,1,0,1,1,3,15,5,1,1,8453.9,3906.5,2586,1252.9,383,325.5,117,45,30.2,1,4,5,1,0,0
56,ROUND OF 16,COLOMBIA,CONMEBOL,JAMAICA,1?€0,WIN,25,4_2_3_1,MF,STARTING,37,26,70%,0,4,1,12,6,50%,0,0,0,2,0,50,13,26,2,4,3,2,20,4,0,4,0,11,26,0,0,0,1,9,21,5,2,3,9358.5,3106.1,3184.7,2523.1,497.9,45.9,191,41,26.3,1,4,5,1,0,25
56,ROUND OF 16,COLOMBIA,CONMEBOL,JAMAICA,1?€0,WIN,25,4_2_3_1,FW,STARTING,35,24,69%,0,7,1,15,7,46%,1,1,0,1,1,19,4,2,0,0,1,12,12,3,1,3,0,5,14,2,0,2,2,3,15,10,1,4,9405.7,3580.7,3408.6,2101.2,281.2,33.9,161,24,24.8,1,4,5,1,33.33333333,14.28571429
56,ROUND OF 16,COLOMBIA,CONMEBOL,JAMAICA,1?€0,WIN,25,4_2_3_1,DF,STARTING,47,36,77%,1,2,2,26,19,73%,0,0,0,1,0,4,1,0,0,0,1,2,2,10,1,1,2,7,5,0,0,2,1,7,7,5,6,3,8551.6,3418.9,3288.1,1500.8,242,101.8,122,27,27,1,4,5,1,10,100
56,ROUND OF 16,COLOMBIA,CONMEBOL,JAMAICA,1?€0,WIN,25,4_2_3_1,DF,STARTING,52,39,75%,0,1,0,17,11,64%,0,0,0,0,0,4,3,0,0,0,1,0,1,1,0,2,1,4,1,1,0,2,6,10,15,3,2,5,8294,3849.2,2144,1659.6,496,146,141,42,27.4,1,4,5,1,0,0
56,ROUND OF 16,COLOMBIA,CONMEBOL,JAMAICA,1?€0,WIN,25,4_2_3_1,FW,STARTING,24,18,75%,0,0,0,1,0,0%,6,5,1,2,0,62,3,6,1,3,26,23,10,2,1,0,1,1,7,0,0,0,0,11,12,4,2,1,7872.7,4182,1597.4,1303.7,432.2,357.4,139,53,30,1,4,5,1,50,0
56,ROUND OF 16,COLOMBIA,CONMEBOL,JAMAICA,1?€0,WIN,25,4_2_3_1,DF,STARTING,19,14,74%,0,0,0,10,6,60%,0,0,0,1,0,3,1,0,1,0,0,1,1,2,0,0,1,1,1,1,0,1,13,1,0,0,8,7,8380.9,3565.2,3075,1345.1,291.7,103.9,115,24,26.8,1,4,5,1,0,0
56,ROUND OF 16,COLOMBIA,CONMEBOL,JAMAICA,1?€0,WIN,25,4_2_3_1,MF,Substitutions,6,4,67%,0,0,0,2,1,50%,0,0,0,0,0,6,0,4,0,0,1,1,0,1,0,0,0,1,2,0,0,0,0,2,6,1,0,0,1185.2,331.7,441.5,358.1,54,0,23,4,22.3,1,4,5,1,0,0
56,ROUND OF 16,COLOMBIA,CONMEBOL,JAMAICA,1?€0,WIN,25,4_2_3_1,MF,Substitutions,0,0,0,0,0,0,0,0,0,0,0,0,0,0,0,0,0,0,0,0,0,0,0,0,0,0,0,0,0,0,0,0,0,0,0,0,0,0,0,0,0,0,0,0,0,0,1,4,5,1,0,0
56,ROUND OF 16,COLOMBIA,CONMEBOL,JAMAICA,1?€0,WIN,25,4_2_3_1,MF,Substitutions,0,0,0%,0,0,0,0,0,0%,0,0,0,0,0,0,0,0,0,0,0,0,0,0,0,0,0,0,0,1,0,1,3,0,1,0,0,2,393.5,168.9,117.1,80.1,27.5,0,9,1,21,1,4,5,1,0,0
56,ROUND OF 16,COLOMBIA,CONMEBOL,JAMAICA,1?€0,WIN,25,4_2_3_1,GK,Substitutions,0,0,0,0,0,0,0,0,0,0,0,0,0,0,0,0,0,0,0,0,0,0,0,0,0,0,0,0,0,0,0,0,0,0,0,0,0,0,0,0,0,0,0,0,0,0,1,4,5,1,0,0
56,ROUND OF 16,COLOMBIA,CONMEBOL,JAMAICA,1?€0,WIN,25,4_2_3_1,GK,Substitutions,0,0,0,0,0,0,0,0,0,0,0,0,0,0,0,0,0,0,0,0,0,0,0,0,0,0,0,0,0,0,0,0,0,0,0,0,0,0,0,0,0,0,0,0,0,0,1,4,5,1,0,0
56,ROUND OF 16,COLOMBIA,CONMEBOL,JAMAICA,1?€0,WIN,25,4_2_3_1,DF,Substitutions,0,0,0,0,0,0,0,0,0,0,0,0,0,0,0,0,0,0,0,0,0,0,0,0,0,0,0,0,0,0,0,0,0,0,0,0,0,0,0,0,0,0,0,0,0,0,1,4,5,1,0,0
56,ROUND OF 16,COLOMBIA,CONMEBOL,JAMAICA,1?€0,WIN,25,4_2_3_1,MF,Substitutions,0,0,0,0,0,0,0,0,0,0,0,0,0,0,0,0,0,0,0,0,0,0,0,0,0,0,0,0,0,0,0,0,0,0,0,0,0,0,0,0,0,0,0,0,0,0,1,4,5,1,0,0
56,ROUND OF 16,COLOMBIA,CONMEBOL,JAMAICA,1?€0,WIN,25,4_2_3_1,DF,Substitutions,0,0,0,0,0,0,0,0,0,0,0,0,0,0,0,0,0,0,0,0,0,0,0,0,0,0,0,0,0,0,0,0,0,0,0,0,0,0,0,0,0,0,0,0,0,0,1,4,5,1,0,0
56,ROUND OF 16,COLOMBIA,CONMEBOL,JAMAICA,1?€0,WIN,25,4_2_3_1,FW,Substitutions,0,0,0,0,0,0,0,0,0,0,0,0,0,0,0,0,0,0,0,0,0,0,0,0,0,0,0,0,0,0,0,0,0,0,0,0,0,0,0,0,0,0,0,0,0,0,1,4,5,1,0,0
56,ROUND OF 16,COLOMBIA,CONMEBOL,JAMAICA,1?€0,WIN,25,4_2_3_1,DF,Substitutions,0,0,0,0,0,0,0,0,0,0,0,0,0,0,0,0,0,0,0,0,0,0,0,0,0,0,0,0,0,0,0,0,0,0,0,0,0,0,0,0,0,0,0,0,0,0,1,4,5,1,0,0
56,ROUND OF 16,COLOMBIA,CONMEBOL,JAMAICA,1?€0,WIN,25,4_2_3_1,FW,Substitutions,0,0,0,0,0,0,0,0,0,0,0,0,0,0,0,0,0,0,0,0,0,0,0,0,0,0,0,0,0,0,0,0,0,0,0,0,0,0,0,0,0,0,0,0,0,0,1,4,5,1,0,0
53,ROUND OF 16,DENMARK,UEFA,AUSTRALIA,0?€2,LOSE,13,4_2_3_1,GK,STARTING,26,17,65%,0,0,0,9,1,11%,0,0,0,0,0,10,0,0,0,0,0,10,7,0,0,0,0,0,0,0,0,0,0,5,0,0,3,0,4579.7,3244.7,1017.6,303.6,13.3,0,35,2,21.5,0,4,5,1,0,0
53,ROUND OF 16,DENMARK,UEFA,AUSTRALIA,0?€2,LOSE,13,4_2_3_1,DF,STARTING,75,65,87%,1,0,0,20,10,50%,0,0,0,0,0,38,0,0,0,0,0,38,24,0,0,3,0,0,4,4,0,4,5,3,3,2,6,3,9714.5,3577.8,4005.3,1835.1,172.9,123.4,163,19,28,0,4,5,1,0,0
53,ROUND OF 16,DENMARK,UEFA,AUSTRALIA,0?€2,LOSE,13,4_2_3_1,DF,STARTING,33,24,73%,0,0,0,14,7,50%,0,0,0,0,0,21,7,0,0,0,1,13,6,3,1,4,0,3,5,1,0,1,3,3,10,4,3,5,6778.4,2487,2631.4,1376,197.9,86.8,100,14,27.9,0,4,5,1,33.33333333,0
53,ROUND OF 16,DENMARK,UEFA,AUSTRALIA,0?€2,LOSE,13,4_2_3_1,DF,STARTING,83,73,88%,0,0,0,18,8,44%,1,0,1,1,0,13,1,0,0,0,0,12,12,4,2,3,0,6,8,6,0,6,9,6,7,3,7,6,9030.3,3506.5,3635.6,1551.4,204.1,132.7,137,23,27.9,0,4,5,1,50,0
53,ROUND OF 16,DENMARK,UEFA,AUSTRALIA,0?€2,LOSE,13,4_2_3_1,MF,STARTING,28,25,89%,0,0,0,5,3,60%,0,0,0,0,0,13,9,2,0,1,0,1,2,3,1,1,1,6,1,3,0,3,3,4,8,2,5,3,9079.5,3150.6,3498.3,1919.4,400.4,110.8,153,28,27.6,0,4,5,1,33.33333333,0
53,ROUND OF 16,DENMARK,UEFA,AUSTRALIA,0?€2,LOSE,13,4_2_3_1,FW,STARTING,14,8,57%,0,0,0,4,2,50%,1,1,0,0,0,28,0,1,0,1,22,4,6,2,1,1,0,2,19,4,0,4,3,2,8,2,1,3,9358.7,3337.3,3311.1,1928.8,462.3,318.2,161,35,28.2,0,4,5,1,50,0
53,ROUND OF 16,DENMARK,UEFA,AUSTRALIA,0?€2,LOSE,13,4_2_3_1,FW,STARTING,28,23,82%,0,0,0,7,5,71%,6,4,2,5,0,67,4,21,0,7,24,11,15,1,1,3,0,5,24,2,0,3,0,7,14,7,2,1,10541,4005.6,3528.1,2369.6,404.8,231.9,205,39,27.6,0,4,5,1,100,0
53,ROUND OF 16,DENMARK,UEFA,AUSTRALIA,0?€2,LOSE,13,4_2_3_1,DF,STARTING,87,69,79%,1,3,1,32,21,65%,1,0,1,1,0,25,8,2,0,0,1,14,13,2,1,1,1,3,4,3,0,3,7,11,10,3,7,1,10605.2,3655.6,3868.8,2426.5,490,164.4,179,34,30.5,0,4,5,1,50,33.33333333
53,ROUND OF 16,DENMARK,UEFA,AUSTRALIA,0?€2,LOSE,13,4_2_3_1,MF,STARTING,34,24,71%,0,0,0,5,1,20%,4,1,3,2,0,75,41,26,1,2,2,3,23,5,0,3,1,9,25,1,0,2,2,3,20,12,4,3,8534.3,2653.3,3537.5,1736.7,496.7,110.1,134,43,27.9,0,4,5,1,0,0
53,ROUND OF 16,DENMARK,UEFA,AUSTRALIA,0?€2,LOSE,13,4_2_3_1,MF,STARTING,26,19,73%,0,1,0,6,2,33%,0,0,0,1,0,39,2,1,1,0,24,11,9,3,2,7,0,1,12,1,0,2,2,4,15,4,5,5,8364.5,1935.5,3437.8,2256.7,493.5,240.1,178,45,28.8,0,4,5,1,66.66666667,0
53,ROUND OF 16,DENMARK,UEFA,AUSTRALIA,0?€2,LOSE,13,4_2_3_1,MF,STARTING,22,14,64%,0,6,2,10,7,70%,1,1,0,1,1,34,1,1,1,1,20,10,4,7,1,4,1,6,15,0,0,0,5,4,13,8,5,5,11051.5,3656.9,3890.1,2462.3,727.2,313.9,212,55,32.5,0,4,5,1,14.28571429,33.33333333
53,ROUND OF 16,DENMARK,UEFA,AUSTRALIA,0?€2,LOSE,13,4_2_3_1,MF,Substitutions,9,8,89%,0,0,0,3,2,66%,0,0,0,0,0,19,10,4,0,0,3,2,5,1,1,0,0,1,11,1,0,1,0,2,9,4,2,0,3004.2,639.3,1098.9,967.1,269.5,29.4,75,12,24.4,0,4,5,1,100,0
53,ROUND OF 16,DENMARK,UEFA,AUSTRALIA,0?€2,LOSE,13,4_2_3_1,MF,Substitutions,7,4,57%,0,1,0,2,1,50%,1,1,0,0,0,1,1,0,0,0,0,0,1,0,0,1,0,0,0,0,0,0,0,5,2,0,1,0,1705.5,552.7,614.5,406.9,45.4,86.1,32,7,27.6,0,4,5,1,0,0
53,ROUND OF 16,DENMARK,UEFA,AUSTRALIA,0?€2,LOSE,13,4_2_3_1,MF,Substitutions,3,3,100%,0,0,0,3,3,100%,1,0,1,1,0,2,0,2,0,0,0,0,1,1,1,0,1,1,4,1,0,1,1,2,2,2,1,2,1761.2,524.5,503,535.4,145.5,52.8,42,11,26.6,0,4,5,1,100,0
53,ROUND OF 16,DENMARK,UEFA,AUSTRALIA,0?€2,LOSE,13,4_2_3_1,DF,Substitutions,0,0,0,0,0,0,0,0,0,0,0,0,0,0,0,0,0,0,0,0,0,0,0,0,0,0,0,0,0,0,0,0,0,0,0,0,0,0,0,0,0,0,0,0,0,0,0,4,5,1,0,0
53,ROUND OF 16,DENMARK,UEFA,AUSTRALIA,0?€2,LOSE,13,4_2_3_1,MF,Substitutions,0,0,0,0,0,0,0,0,0,0,0,0,0,0,0,0,0,0,0,0,0,0,0,0,0,0,0,0,0,0,0,0,0,0,0,0,0,0,0,0,0,0,0,0,0,0,0,4,5,1,0,0
53,ROUND OF 16,DENMARK,UEFA,AUSTRALIA,0?€2,LOSE,13,4_2_3_1,MF,Substitutions,0,0,0,0,0,0,0,0,0,0,0,0,0,0,0,0,0,0,0,0,0,0,0,0,0,0,0,0,0,0,0,0,0,0,0,0,0,0,0,0,0,0,0,0,0,0,0,4,5,1,0,0
53,ROUND OF 16,DENMARK,UEFA,AUSTRALIA,0?€2,LOSE,13,4_2_3_1,GK,Substitutions,0,0,0,0,0,0,0,0,0,0,0,0,0,0,0,0,0,0,0,0,0,0,0,0,0,0,0,0,0,0,0,0,0,0,0,0,0,0,0,0,0,0,0,0,0,0,0,4,5,1,0,0
53,ROUND OF 16,DENMARK,UEFA,AUSTRALIA,0?€2,LOSE,13,4_2_3_1,DF,Substitutions,0,0,0,0,0,0,0,0,0,0,0,0,0,0,0,0,0,0,0,0,0,0,0,0,0,0,0,0,0,0,0,0,0,0,0,0,0,0,0,0,0,0,0,0,0,0,0,4,5,1,0,0
53,ROUND OF 16,DENMARK,UEFA,AUSTRALIA,0?€2,LOSE,13,4_2_3_1,FW,Substitutions,9,6,67%,0,0,0,0,0,0%,0,0,0,1,0,15,1,4,0,1,9,0,5,0,0,2,0,1,11,2,0,2,0,1,8,8,1,1,3531.3,1052,1122.6,944.3,274,138.4,76,24,27.6,0,4,5,1,0,0
53,ROUND OF 16,DENMARK,UEFA,AUSTRALIA,0?€2,LOSE,13,4_2_3_1,FW,Substitutions,11,7,64%,0,0,0,4,2,50%,0,0,0,0,0,8,1,0,1,0,5,1,2,1,0,1,0,2,4,0,0,1,1,5,5,2,1,1,3831.2,1009.1,1395,1052.4,291.9,82.8,82,19,27.5,0,4,5,1,0,0
53,ROUND OF 16,DENMARK,UEFA,AUSTRALIA,0?€2,LOSE,13,4_2_3_1,GK,Substitutions,0,0,0,0,0,0,0,0,0,0,0,0,0,0,0,0,0,0,0,0,0,0,0,0,0,0,0,0,0,0,0,0,0,0,0,0,0,0,0,0,0,0,0,0,0,0,0,4,5,1,0,0
53,ROUND OF 16,DENMARK,UEFA,AUSTRALIA,0?€2,LOSE,13,4_2_3_1,DF,Substitutions,0,0,0,0,0,0,0,0,0,0,0,0,0,0,0,0,0,0,0,0,0,0,0,0,0,0,0,0,0,0,0,0,0,0,0,0,0,0,0,0,0,0,0,0,0,0,0,4,5,1,0,0
54,ROUND OF 16,ENGLAND,UEFA,NIGERIA,0?€0,WIN,4,3_4_1_2,GK,STARTING,40,29,72%,0,0,0,12,5,41%,0,0,0,0,0,9,0,0,0,0,1,8,2,0,0,0,0,0,0,0,0,0,0,1,0,0,3,0,6435.1,5632,684,118.4,0,0,0,0,24,0,3,5,2,0,0
54,ROUND OF 16,ENGLAND,UEFA,NIGERIA,0?€0,WIN,4,3_4_1_2,MF,STARTING,65,51,78%,0,1,0,28,19,67%,1,1,0,0,0,31,11,3,0,0,1,16,12,7,1,5,3,10,23,4,0,6,7,8,38,18,8,7,13168.7,5268.8,3689.9,3230.3,680.8,298.9,266,68,31.1,0,3,5,2,14.28571429,0
54,ROUND OF 16,ENGLAND,UEFA,NIGERIA,0?€0,WIN,4,3_4_1_2,MF,STARTING,60,53,88%,1,1,0,17,11,64%,1,0,1,0,0,44,31,12,0,0,0,1,21,4,1,1,1,7,14,2,0,4,2,5,18,7,3,3,12231.4,4556.2,4925.6,2339.9,366.9,42.8,173,26,28.6,0,3,5,2,25,0
54,ROUND OF 16,ENGLAND,UEFA,NIGERIA,0?€0,WIN,4,3_4_1_2,DF,STARTING,70,64,91%,0,7,3,28,24,85%,6,0,6,0,0,32,3,0,0,0,0,29,17,4,1,9,1,5,6,3,0,3,10,7,20,3,13,11,12237.3,4486.2,4560.8,2538,460.1,192.1,211,41,32.1,0,3,5,2,25,42.85714286
54,ROUND OF 16,ENGLAND,UEFA,NIGERIA,0?€0,WIN,4,3_4_1_2,DF,STARTING,51,45,88%,0,0,0,17,13,76%,1,0,1,0,0,19,2,0,0,0,0,17,5,2,0,3,0,3,1,7,0,7,8,6,10,3,7,6,12327.4,4887.8,4329.4,2610.9,411.7,87.5,207,35,32.2,0,3,5,2,0,0
54,ROUND OF 16,ENGLAND,UEFA,NIGERIA,0?€0,WIN,4,3_4_1_2,MF,STARTING,22,19,86%,0,0,0,6,6,100%,2,0,2,3,0,33,11,7,2,1,8,4,8,5,0,1,0,4,5,1,0,2,1,9,6,2,1,2,8522.2,3270,3057.8,1580.9,465.3,148.3,136,37,28.2,0,3,5,2,0,0
54,ROUND OF 16,ENGLAND,UEFA,NIGERIA,0?€0,WIN,4,3_4_1_2,MF,STARTING,42,36,86%,0,5,1,11,8,72%,1,1,0,0,0,93,42,39,2,2,7,1,22,8,1,6,0,10,17,4,0,5,4,5,11,8,6,11,13493.2,4984.4,5010,2919.9,484.4,94.5,251,50,31.1,0,3,5,2,12.5,20
54,ROUND OF 16,ENGLAND,UEFA,NIGERIA,0?€0,WIN,4,3_4_1_2,MF,STARTING,61,49,80%,0,1,0,14,10,71%,2,2,0,3,0,29,8,3,1,1,1,15,12,1,0,3,0,7,18,6,0,8,9,6,23,10,6,7,13583.6,5157.7,4376.6,2947.6,730.8,370.8,252,60,31,0,3,5,2,0,0
54,ROUND OF 16,ENGLAND,UEFA,NIGERIA,0?€0,WIN,4,3_4_1_2,FW,STARTING,20,12,60%,0,2,0,2,1,50%,2,1,1,1,0,54,2,10,3,4,31,4,18,5,1,1,0,7,14,1,2,3,1,7,29,6,3,1,11654.8,4512.7,3775,2306.5,597.9,461.5,195,63,31.2,0,3,5,2,20,0
54,ROUND OF 16,ENGLAND,UEFA,NIGERIA,0?€0,WIN,4,3_4_1_2,DF,STARTING,69,48,70%,0,1,1,27,15,55%,2,0,2,0,0,17,6,0,0,0,1,10,8,9,2,6,3,11,10,2,0,3,14,8,12,6,8,14,12667.7,4269,4982.2,2757.8,513,144.4,216,49,30.2,0,3,5,2,22.22222222,100
54,ROUND OF 16,ENGLAND,UEFA,NIGERIA,0?€0,WIN,4,3_4_1_2,FW,STARTING,26,21,81%,0,1,0,2,1,50%,3,1,2,4,0,26,1,12,1,2,9,1,15,1,0,3,0,3,20,4,0,5,1,4,17,8,1,3,9556.7,3458.6,3086.8,2104.4,704.3,203.6,173,62,32.4,0,3,5,2,0,0
54,ROUND OF 16,ENGLAND,UEFA,NIGERIA,0?€0,WIN,4,3_4_1_2,DF,Substitutions,0,0,0,0,0,0,0,0,0,0,0,0,0,0,0,0,0,0,0,0,0,0,0,0,0,0,0,0,0,0,0,0,0,0,0,0,0,0,0,0,0,0,0,0,0,0,0,3,5,2,0,0
54,ROUND OF 16,ENGLAND,UEFA,NIGERIA,0?€0,WIN,4,3_4_1_2,MF,Substitutions,0,0,0,0,0,0,0,0,0,0,0,0,0,0,0,0,0,0,0,0,0,0,0,0,0,0,0,0,0,0,0,0,0,0,0,0,0,0,0,0,0,0,0,0,0,0,0,3,5,2,0,0
54,ROUND OF 16,ENGLAND,UEFA,NIGERIA,0?€0,WIN,4,3_4_1_2,MF,Substitutions,0,0,0,0,0,0,0,0,0,0,0,0,0,0,0,0,0,0,0,0,0,0,0,0,0,0,0,0,0,0,0,0,0,0,0,0,0,0,0,0,0,0,0,0,0,0,0,3,5,2,0,0
54,ROUND OF 16,ENGLAND,UEFA,NIGERIA,0?€0,WIN,4,3_4_1_2,GK,Substitutions,0,0,0,0,0,0,0,0,0,0,0,0,0,0,0,0,0,0,0,0,0,0,0,0,0,0,0,0,0,0,0,0,0,0,0,0,0,0,0,0,0,0,0,0,0,0,0,3,5,2,0,0
54,ROUND OF 16,ENGLAND,UEFA,NIGERIA,0?€0,WIN,4,3_4_1_2,DF,Substitutions,0,0,0,0,0,0,0,0,0,0,0,0,0,0,0,0,0,0,0,0,0,0,0,0,0,0,0,0,0,0,0,0,0,0,0,0,0,0,0,0,0,0,0,0,0,0,0,3,5,2,0,0
54,ROUND OF 16,ENGLAND,UEFA,NIGERIA,0?€0,WIN,4,3_4_1_2,DF,Substitutions,0,0,0,0,0,0,0,0,0,0,0,0,0,0,0,0,0,0,0,0,0,0,0,0,0,0,0,0,0,0,0,0,0,0,0,0,0,0,0,0,0,0,0,0,0,0,0,3,5,2,0,0
54,ROUND OF 16,ENGLAND,UEFA,NIGERIA,0?€0,WIN,4,3_4_1_2,MF,Substitutions,0,0,0,0,0,0,0,0,0,0,0,0,0,0,0,0,0,0,0,0,0,0,0,0,0,0,0,0,0,0,0,0,0,0,0,0,0,0,0,0,0,0,0,0,0,0,0,3,5,2,0,0
54,ROUND OF 16,ENGLAND,UEFA,NIGERIA,0?€0,WIN,4,3_4_1_2,FW,Substitutions,13,9,69%,0,0,0,2,1,50%,3,3,0,0,0,11,0,3,0,2,4,2,4,3,0,1,0,5,10,0,0,1,1,2,1,0,0,1,4663.4,1628.5,1776.8,942.5,209.4,106.3,88,22,27.3,0,3,5,2,0,0
54,ROUND OF 16,ENGLAND,UEFA,NIGERIA,0?€0,WIN,4,3_4_1_2,FW,Substitutions,7,6,86%,0,0,0,2,1,50%,2,2,0,1,0,6,0,4,1,1,0,0,2,4,0,0,0,4,5,3,0,3,0,3,6,2,1,2,2255.1,788.8,817.7,527.5,97.6,23.2,41,8,28.6,0,3,5,2,0,0
54,ROUND OF 16,ENGLAND,UEFA,NIGERIA,0?€0,WIN,4,3_4_1_2,MF,Substitutions,2,2,100%,0,0,0,0,0,0%,0,0,0,0,0,0,0,0,0,0,0,0,0,0,0,0,0,0,0,0,0,0,1,1,1,0,1,0,503.4,132.4,177.9,141.1,52,0,10,1,21.8,0,3,5,2,0,0
54,ROUND OF 16,ENGLAND,UEFA,NIGERIA,0?€0,WIN,4,3_4_1_2,GK,Substitutions,0,0,0,0,0,0,0,0,0,0,0,0,0,0,0,0,0,0,0,0,0,0,0,0,0,0,0,0,0,0,0,0,0,0,0,0,0,0,0,0,0,0,0,0,0,0,0,3,5,2,0,0
54,ROUND OF 16,ENGLAND,UEFA,NIGERIA,0?€0,WIN,4,3_4_1_2,FW,Substitutions,0,0,0,0,0,0,0,0,0,0,0,0,0,0,0,0,0,0,0,0,0,0,0,0,0,0,0,0,0,0,0,0,0,0,0,0,0,0,0,0,0,0,0,0,0,0,0,3,5,2,0,0
55,ROUND OF 16,FRANCE,UEFA,MOROCCO,4?€0,WIN,5,4_4_1_1,DF,STARTING,111,102,92%,4,0,0,36,30,83%,1,0,1,1,0,64,3,0,0,0,0,61,42,2,0,4,3,1,6,2,0,2,8,5,8,1,6,10,9608.3,3494.5,4091.2,1766,178.7,78.8,165,21,26.6,4,4,5,1,0,0
55,ROUND OF 16,FRANCE,UEFA,MOROCCO,4?€0,WIN,5,4_4_1_1,DF,STARTING,106,99,93%,4,1,1,24,22,91%,2,0,2,1,0,23,3,0,0,0,0,20,16,4,3,1,0,5,1,1,0,1,5,5,7,2,7,1,10054.6,3574.4,3969.6,2028,356.9,125.7,177,35,29,4,4,5,1,75,100
55,ROUND OF 16,FRANCE,UEFA,MOROCCO,4?€0,WIN,5,4_4_1_1,MF,STARTING,59,50,85%,1,0,0,16,11,68%,0,0,0,1,0,16,4,6,1,0,0,5,8,1,0,3,0,3,6,0,0,2,3,10,2,1,4,2,7723.8,2301.7,3494.2,1687.6,230.9,10,126,19,24.5,4,4,5,1,0,0
55,ROUND OF 16,FRANCE,UEFA,MOROCCO,4?€0,WIN,5,4_4_1_1,DF,STARTING,84,74,88%,0,2,1,20,15,75%,5,1,4,1,0,74,17,14,3,1,12,27,27,5,1,2,2,9,7,1,0,2,3,12,8,2,3,6,9554.7,3690,3376.6,1719.9,502.6,265.6,151,52,29.5,4,4,5,1,20,50
55,ROUND OF 16,FRANCE,UEFA,MOROCCO,4?€0,WIN,5,4_4_1_1,MF,STARTING,54,48,89%,0,0,0,11,9,81%,4,1,3,1,0,48,21,11,0,1,10,5,19,12,3,3,1,12,8,1,0,3,1,11,10,1,8,0,10358.9,3392.5,4336.2,2225.1,321.1,82.9,177,28,28.8,4,4,5,1,25,0
55,ROUND OF 16,FRANCE,UEFA,MOROCCO,4?€0,WIN,5,4_4_1_1,FW,STARTING,35,23,66%,1,0,0,8,3,37%,3,3,0,3,2,51,8,17,1,2,21,2,19,4,2,2,0,1,7,0,0,1,0,6,9,3,3,2,9787.9,3260.3,3984.6,1882.2,385.6,275,150,36,29.8,4,4,5,1,50,0
55,ROUND OF 16,FRANCE,UEFA,MOROCCO,4?€0,WIN,5,4_4_1_1,FW,STARTING,21,19,90%,0,1,0,5,3,60%,2,2,0,3,1,25,1,20,1,1,2,0,7,2,0,7,0,2,6,2,0,2,0,2,8,3,4,2,9473.5,3418,3352.7,1901.3,529.6,271.9,181,51,28.1,4,4,5,1,0,0
55,ROUND OF 16,FRANCE,UEFA,MOROCCO,4?€0,WIN,5,4_4_1_1,MF,STARTING,40,33,82%,0,5,0,13,7,53%,8,2,6,1,0,65,5,11,9,5,14,21,17,7,3,2,0,4,11,1,0,3,1,8,3,1,9,2,10285.5,3737.8,3458,2040.6,644.9,404.2,173,55,27,4,4,5,1,42.85714286,0
55,ROUND OF 16,FRANCE,UEFA,MOROCCO,4?€0,WIN,5,4_4_1_1,MF,STARTING,42,32,76%,0,3,1,10,6,60%,4,2,2,2,1,41,13,6,0,4,8,10,22,1,0,3,1,1,8,1,0,1,1,7,4,1,5,1,11540,3810.5,4356.3,2711.9,520.5,140.8,203,39,32.5,4,4,5,1,0,33.33333333
55,ROUND OF 16,FRANCE,UEFA,MOROCCO,4?€0,WIN,5,4_4_1_1,GK,STARTING,45,39,87%,0,0,0,4,2,50%,0,0,0,0,0,11,0,0,0,0,0,11,8,0,0,0,0,0,0,0,0,0,0,9,0,0,4,0,5861.1,3939.8,1410.2,417.9,72.7,21.1,39,7,32.8,4,4,5,1,0,0
55,ROUND OF 16,FRANCE,UEFA,MOROCCO,4?€0,WIN,5,4_4_1_1,DF,STARTING,73,58,79%,1,2,0,19,12,63%,2,2,0,0,0,17,2,0,1,0,2,12,7,3,1,5,2,4,4,1,0,1,6,8,10,2,6,6,8693.6,3074.9,3899.1,1359.7,307.8,52.2,122,27,25,4,4,5,1,33.33333333,0
55,ROUND OF 16,FRANCE,UEFA,MOROCCO,4?€0,WIN,5,4_4_1_1,GK,Substitutions,0,0,0,0,0,0,0,0,0,0,0,0,0,0,0,0,0,0,0,0,0,0,0,0,0,0,0,0,0,0,0,0,0,0,0,0,0,0,0,0,0,0,0,0,0,0,4,4,5,1,0,0
55,ROUND OF 16,FRANCE,UEFA,MOROCCO,4?€0,WIN,5,4_4_1_1,DF,Substitutions,0,0,0,0,0,0,0,0,0,0,0,0,0,0,0,0,0,0,0,0,0,0,0,0,0,0,0,0,0,0,0,0,0,0,0,0,0,0,0,0,0,0,0,0,0,0,4,4,5,1,0,0
55,ROUND OF 16,FRANCE,UEFA,MOROCCO,4?€0,WIN,5,4_4_1_1,MF,Substitutions,0,0,0,0,0,0,0,0,0,0,0,0,0,0,0,0,0,0,0,0,0,0,0,0,0,0,0,0,0,0,0,0,0,0,0,0,0,0,0,0,0,0,0,0,0,0,4,4,5,1,0,0
55,ROUND OF 16,FRANCE,UEFA,MOROCCO,4?€0,WIN,5,4_4_1_1,MF,Substitutions,0,0,0,0,0,0,0,0,0,0,0,0,0,0,0,0,0,0,0,0,0,0,0,0,0,0,0,0,0,0,0,0,0,0,0,0,0,0,0,0,0,0,0,0,0,0,4,4,5,1,0,0
55,ROUND OF 16,FRANCE,UEFA,MOROCCO,4?€0,WIN,5,4_4_1_1,FW,Substitutions,0,0,0,0,0,0,0,0,0,0,0,0,0,0,0,0,0,0,0,0,0,0,0,0,0,0,0,0,0,0,0,0,0,0,0,0,0,0,0,0,0,0,0,0,0,0,4,4,5,1,0,0
55,ROUND OF 16,FRANCE,UEFA,MOROCCO,4?€0,WIN,5,4_4_1_1,DF,Substitutions,2,2,100%,0,0,0,1,1,100%,0,0,0,0,0,17,2,0,1,0,2,12,7,0,0,0,0,0,0,0,0,0,1,1,0,0,0,1,292.8,113.4,80.5,98.9,0,0,0,0,19,4,4,5,1,0,0
55,ROUND OF 16,FRANCE,UEFA,MOROCCO,4?€0,WIN,5,4_4_1_1,MF,Substitutions,0,0,0,0,0,0,0,0,0,0,0,0,0,0,0,0,0,0,0,0,0,0,0,0,0,0,0,0,0,0,0,0,0,0,0,0,0,0,0,0,0,0,0,0,0,0,4,4,5,1,0,0
55,ROUND OF 16,FRANCE,UEFA,MOROCCO,4?€0,WIN,5,4_4_1_1,FW,Substitutions,0,0,0%,0,0,0,0,0,0%,0,0,0,0,0,0,0,0,0,0,0,0,0,0,0,0,0,1,0,0,0,0,0,0,0,0,0,0,329.5,101.3,98,104.9,10.2,15.1,9,2,24.5,4,4,5,1,0,0
55,ROUND OF 16,FRANCE,UEFA,MOROCCO,4?€0,WIN,5,4_4_1_1,FW,Substitutions,0,0,0%,0,0,0,0,0,0%,0,0,0,0,0,2,0,1,0,0,1,0,0,0,0,2,0,0,4,0,0,0,0,0,4,3,0,0,1362.7,444,417.3,238.8,127.1,135.5,19,11,29,4,4,5,1,0,0
55,ROUND OF 16,FRANCE,UEFA,MOROCCO,4?€0,WIN,5,4_4_1_1,DF,Substitutions,4,4,100%,0,0,0,1,1,100%,0,0,0,0,0,1,0,0,0,0,0,1,1,0,0,0,0,0,0,0,0,0,0,0,0,0,1,0,1232.1,439.3,458.2,320.1,14.5,0,25,2,20.9,4,4,5,1,0,0
55,ROUND OF 16,FRANCE,UEFA,MOROCCO,4?€0,WIN,5,4_4_1_1,GK,Substitutions,0,0,0,0,0,0,0,0,0,0,0,0,0,0,0,0,0,0,0,0,0,0,0,0,0,0,0,0,0,0,0,0,0,0,0,0,0,0,0,0,0,0,0,0,0,0,4,4,5,1,0,0
55,ROUND OF 16,FRANCE,UEFA,MOROCCO,4?€0,WIN,5,4_4_1_1,FW,Substitutions,5,3,60%,0,1,1,1,1,100%,1,1,0,0,0,5,1,0,0,0,4,0,0,3,0,0,1,1,5,1,0,1,1,1,0,0,1,1,3248.5,873.5,1143.8,934.3,225.8,71.1,69,15,25.3,4,4,5,1,0,100
56,ROUND OF 16,JAMAICA,CONCACAF,COLOMBIA,0?€1,LOSE,43,4_1_4_1,MF,STARTING,26,17,65%,0,0,0,7,5,71%,0,0,0,0,0,7,5,1,0,0,0,1,3,2,0,4,0,4,4,2,0,2,5,9,10,1,4,6,7235.2,3045.3,2793.5,1204.7,127.3,63.7,108,13,28.1,0,4,5,1,0,0
56,ROUND OF 16,JAMAICA,CONCACAF,COLOMBIA,0?€1,LOSE,43,4_1_4_1,DF,STARTING,26,19,73%,0,1,0,9,5,55%,1,0,1,0,0,2,0,0,0,0,0,2,1,8,2,4,0,6,5,1,0,1,8,3,4,1,6,8,8310,3264.2,3387.2,1314.6,177.8,166.2,109,22,29.6,0,4,5,1,25,0
56,ROUND OF 16,JAMAICA,CONCACAF,COLOMBIA,0?€1,LOSE,43,4_1_4_1,MF,STARTING,39,28,72%,0,0,0,16,11,68%,0,0,0,2,0,59,15,31,2,2,4,5,22,9,0,3,1,12,21,1,0,3,4,5,35,9,6,7,9145.5,3762.5,2376,2464.7,420.7,120.7,212,35,27.7,0,4,5,1,0,0
56,ROUND OF 16,JAMAICA,CONCACAF,COLOMBIA,0?€1,LOSE,43,4_1_4_1,MF,STARTING,18,14,78%,0,0,0,4,4,100%,1,1,0,2,0,19,1,11,0,1,3,3,4,1,0,1,1,1,5,1,0,2,2,7,4,1,1,3,7949.5,3350.7,2493,1409.4,484.1,213,137,46,29.2,0,4,5,1,0,0
56,ROUND OF 16,JAMAICA,CONCACAF,COLOMBIA,0?€1,LOSE,43,4_1_4_1,FW,STARTING,23,13,57%,1,3,1,6,3,50%,6,5,1,2,0,12,0,3,0,1,7,1,4,1,0,1,0,3,8,8,0,8,2,13,3,1,1,4,8469.2,4135.5,2611,1377.1,243.9,100.8,123,24,28.4,0,4,5,1,0,33.33333333
56,ROUND OF 16,JAMAICA,CONCACAF,COLOMBIA,0?€1,LOSE,43,4_1_4_1,MF,STARTING,16,12,75%,0,0,0,4,3,75%,0,0,0,0,0,11,2,1,1,0,1,6,3,3,0,3,0,5,9,0,1,1,1,7,7,4,1,4,4720.7,1796.2,1648.5,912.5,219.5,144.5,79,25,33,0,4,5,1,0,0
56,ROUND OF 16,JAMAICA,CONCACAF,COLOMBIA,0?€1,LOSE,43,4_1_4_1,GK,STARTING,30,18,60%,0,0,0,16,5,31%,0,0,0,0,0,2,0,0,0,0,0,2,1,0,0,0,0,0,0,0,0,0,0,2,0,0,5,0,4202.9,2893.7,967.9,321.5,19.8,0,37,2,24.9,0,4,5,1,0,0
56,ROUND OF 16,JAMAICA,CONCACAF,COLOMBIA,0?€1,LOSE,43,4_1_4_1,DF,STARTING,41,28,68%,0,8,0,19,11,57%,1,1,0,0,0,16,6,0,0,0,2,8,4,7,2,6,1,11,13,0,0,0,9,12,17,8,6,8,9084.8,3361.4,2941.7,2146.8,469.7,165.3,186,49,27.6,0,4,5,1,28.57142857,0
56,ROUND OF 16,JAMAICA,CONCACAF,COLOMBIA,0?€1,LOSE,43,4_1_4_1,DF,STARTING,26,20,77%,1,0,0,12,9,75%,1,0,1,0,0,7,2,0,0,0,0,5,1,0,0,1,1,3,2,1,0,1,7,4,3,1,4,5,8538.5,3349.6,3245.5,1552.3,222,169.9,136,24,29.6,0,4,5,1,0,0
56,ROUND OF 16,JAMAICA,CONCACAF,COLOMBIA,0?€1,LOSE,43,4_1_4_1,MF,STARTING,8,5,62%,0,2,1,1,0,0%,1,1,0,0,0,22,1,4,3,0,5,9,4,7,2,3,0,11,17,0,1,1,1,2,11,6,4,1,6776.9,2482.4,2285.8,1448.2,414.7,145.7,136,39,29.5,0,4,5,1,28.57142857,50
56,ROUND OF 16,JAMAICA,CONCACAF,COLOMBIA,0?€1,LOSE,43,4_1_4_1,DF,STARTING,29,23,79%,0,0,0,11,8,72%,0,0,0,0,0,21,3,5,2,1,1,9,5,8,2,3,0,12,4,2,0,6,6,10,10,0,7,4,7662.4,2864.2,2866.5,1345.5,429.1,157.8,134,44,28.1,0,4,5,1,25,0
56,ROUND OF 16,JAMAICA,CONCACAF,COLOMBIA,0?€1,LOSE,43,4_1_4_1,GK,Substitutions,0,0,0,0,0,0,0,0,0,0,0,0,0,0,0,0,0,0,0,0,0,0,0,0,0,0,0,0,0,0,0,0,0,0,0,0,0,0,0,0,0,0,0,0,0,0,0,4,5,1,0,0
56,ROUND OF 16,JAMAICA,CONCACAF,COLOMBIA,0?€1,LOSE,43,4_1_4_1,MF,Substitutions,0,0,0,0,0,0,0,0,0,0,0,0,0,0,0,0,0,0,0,0,0,0,0,0,0,0,0,0,0,0,0,0,0,0,0,0,0,0,0,0,0,0,0,0,0,0,0,4,5,1,0,0
56,ROUND OF 16,JAMAICA,CONCACAF,COLOMBIA,0?€1,LOSE,43,4_1_4_1,DF,Substitutions,0,0,0,0,0,0,0,0,0,0,0,0,0,0,0,0,0,0,0,0,0,0,0,0,0,0,0,0,0,0,0,0,0,0,0,0,0,0,0,0,0,0,0,0,0,0,0,4,5,1,0,0
56,ROUND OF 16,JAMAICA,CONCACAF,COLOMBIA,0?€1,LOSE,43,4_1_4_1,MF,Substitutions,0,0,0,0,0,0,0,0,0,0,0,0,0,0,0,0,0,0,0,0,0,0,0,0,0,0,0,0,0,0,0,0,0,0,0,0,0,0,0,0,0,0,0,0,0,0,0,4,5,1,0,0
56,ROUND OF 16,JAMAICA,CONCACAF,COLOMBIA,0?€1,LOSE,43,4_1_4_1,MF,Substitutions,6,3,50%,0,0,0,3,1,33%,0,0,0,0,0,0,0,0,0,0,0,0,0,1,1,0,0,4,4,1,0,1,1,4,3,3,1,1,1922.5,581.4,768.4,431.8,140.7,0,36,10,23.4,0,4,5,1,100,0
56,ROUND OF 16,JAMAICA,CONCACAF,COLOMBIA,0?€1,LOSE,43,4_1_4_1,FW,Substitutions,1,0,0%,0,0,0,0,0,0%,1,1,0,0,0,5,0,3,0,0,1,1,1,2,0,3,0,3,3,1,0,1,0,1,0,0,1,3,1328.5,397.7,439.9,370.5,85,35.2,30,7,27,0,4,5,1,0,0
56,ROUND OF 16,JAMAICA,CONCACAF,COLOMBIA,0?€1,LOSE,43,4_1_4_1,MF,Substitutions,5,2,40%,0,2,1,2,0,0%,0,0,0,0,0,7,2,0,0,0,3,2,1,1,0,0,1,2,3,0,0,1,1,1,4,1,2,0,3129.7,969.3,1118.9,846.6,170.6,24.4,69,16,28,0,4,5,1,0,50
56,ROUND OF 16,JAMAICA,CONCACAF,COLOMBIA,0?€1,LOSE,43,4_1_4_1,MF,Substitutions,0,0,0,0,0,0,0,0,0,0,0,0,0,0,0,0,0,0,0,0,0,0,0,0,0,0,0,0,0,0,0,0,0,0,0,0,0,0,0,0,0,0,0,0,0,0,0,4,5,1,0,0
56,ROUND OF 16,JAMAICA,CONCACAF,COLOMBIA,0?€1,LOSE,43,4_1_4_1,MF,Substitutions,21,17,81%,0,0,0,8,6,75%,3,2,1,0,0,16,2,8,1,2,3,0,6,1,0,1,0,5,5,3,0,3,4,9,4,2,1,4,4996.8,2029.2,1393.6,1174.3,341.8,58,96,23,30.9,0,4,5,1,0,0
56,ROUND OF 16,JAMAICA,CONCACAF,COLOMBIA,0?€1,LOSE,43,4_1_4_1,FW,Substitutions,2,1,50%,0,1,0,1,1,100%,1,1,0,0,0,7,0,1,0,1,3,2,0,1,0,0,0,2,3,0,0,0,0,1,0,0,0,1,1300.8,573.9,351,276.3,88.3,11.3,22,6,26.4,0,4,5,1,0,0
56,ROUND OF 16,JAMAICA,CONCACAF,COLOMBIA,0?€1,LOSE,43,4_1_4_1,MF,Substitutions,0,0,0,0,0,0,0,0,0,0,0,0,0,0,0,0,0,0,0,0,0,0,0,0,0,0,0,0,0,0,0,0,0,0,0,0,0,0,0,0,0,0,0,0,0,0,0,4,5,1,0,0
56,ROUND OF 16,JAMAICA,CONCACAF,COLOMBIA,0?€1,LOSE,43,4_1_4_1,GK,Substitutions,0,0,0,0,0,0,0,0,0,0,0,0,0,0,0,0,0,0,0,0,0,0,0,0,0,0,0,0,0,0,0,0,0,0,0,0,0,0,0,0,0,0,0,0,0,0,0,4,5,1,0,0
50,ROUND OF 16,JAPAN,AFC,NORWAY,3?€1,WIN,11,3_4_3,GK,STARTING,18,15,83,0,0,0,5,4,80,0,0,0,0,0,3,0,0,0,0,0,3,1,0,0,0,0,0,0,0,0,0,0,1,0,0,1,0,3740,3082.1,503.8,154.1,0,0,0,0,18,3,3,4,3,0,0
50,ROUND OF 16,JAPAN,AFC,NORWAY,3?€1,WIN,11,3_4_3,MF,STARTING,39,33,85,0,2,0,12,9,75,0,0,0,3,1,42,11,1,1,0,18,11,9,1,0,1,1,2,7,2,0,2,4,4,15,3,1,3,10790.6,3469.2,4303.3,2093.4,671.2,253.6,176,47,27.6,3,3,4,3,0,0
50,ROUND OF 16,JAPAN,AFC,NORWAY,3?€1,WIN,11,3_4_3,DF,STARTING,93,85,91,0,0,0,18,14,77,0,0,0,0,0,16,1,0,0,0,1,14,12,1,1,2,0,2,1,2,0,2,6,8,6,1,12,3,9758.8,3481.9,4395.3,1697,176.6,7.8,147,12,23.3,3,3,4,3,100,0
50,ROUND OF 16,JAPAN,AFC,NORWAY,3?€1,WIN,11,3_4_3,DF,STARTING,62,59,95,0,0,0,4,2,50,0,0,0,0,0,2,1,0,0,0,0,1,2,0,0,0,3,0,0,4,0,4,10,4,1,0,5,8,8770.2,3639.6,3772.1,1285.7,71.9,0,108,7,22.4,3,3,4,3,0,0
50,ROUND OF 16,JAPAN,AFC,NORWAY,3?€1,WIN,11,3_4_3,FW,STARTING,56,51,91,0,3,0,18,13,72,0,0,0,5,1,91,26,28,0,4,22,11,33,3,1,1,0,6,21,0,0,1,1,8,26,14,3,2,12051.5,3165.9,5354.5,2559.7,585.7,385.6,211,64,31.6,3,3,4,3,33.33333333,0
50,ROUND OF 16,JAPAN,AFC,NORWAY,3?€1,WIN,11,3_4_3,MF,STARTING,71,62,87,0,0,0,23,19,82,0,0,0,0,0,75,53,8,0,2,0,12,31,1,0,2,1,4,15,0,0,0,2,14,37,11,4,3,11151.9,3215.1,4883.4,2598.4,397,58,216,32,25.8,3,3,4,3,0,0
50,ROUND OF 16,JAPAN,AFC,NORWAY,3?€1,WIN,11,3_4_3,FW,STARTING,21,19,90,1,2,0,1,1,100,2,2,0,3,0,63,10,36,1,0,16,0,10,0,0,1,0,1,15,3,0,4,0,5,5,1,0,0,8832.5,2622.4,3575.4,2214.3,362.1,59.2,182,35,29,3,3,4,3,0,0
50,ROUND OF 16,JAPAN,AFC,NORWAY,3?€1,WIN,11,3_4_3,DF,STARTING,74,67,91,2,0,0,11,5,45,1,0,1,0,0,24,2,0,0,0,0,22,15,2,0,3,0,2,1,2,0,2,10,6,9,1,6,5,10364.4,3383,5156.3,1605.5,173.1,46.6,151,16,25.2,3,3,4,3,0,0
50,ROUND OF 16,JAPAN,AFC,NORWAY,3?€1,WIN,11,3_4_3,MF,STARTING,80,66,82,1,6,0,21,10,47,0,0,0,0,0,50,11,2,1,2,23,11,20,2,0,2,0,3,9,0,0,0,7,1,20,7,3,6,11362.3,3456.4,5017.6,2337.2,353.4,197.7,192,29,28.2,3,3,4,3,0,0
50,ROUND OF 16,JAPAN,AFC,NORWAY,3?€1,WIN,11,3_4_3,MF,STARTING,55,44,80,1,3,1,14,9,64,1,0,1,2,0,58,33,9,1,1,11,3,20,4,3,6,1,6,17,0,0,0,1,9,29,3,9,4,12112.4,2905.8,5337.9,3249.8,479.7,138.1,235,41,26.3,3,3,4,3,75,33.33333333
50,ROUND OF 16,JAPAN,AFC,NORWAY,3?€1,WIN,11,3_4_3,FW,STARTING,32,28,88,0,5,1,9,8,88,1,0,1,1,0,19,4,4,1,0,10,0,4,1,0,4,1,4,12,2,0,3,2,4,21,11,2,4,12032.8,3004.6,5364.2,2867.4,648.6,148,239,55,28.6,3,3,4,3,0,20
50,ROUND OF 16,JAPAN,AFC,NORWAY,3?€1,WIN,11,3_4_3,DF,Substitutions,0,0,0,0,0,0,0,0,0,0,0,0,0,0,0,0,0,0,0,0,0,0,0,0,0,0,0,0,0,0,0,0,0,0,0,0,0,0,0,0,0,0,0,0,0,0,3,3,4,3,0,0
50,ROUND OF 16,JAPAN,AFC,NORWAY,3?€1,WIN,11,3_4_3,MF,Substitutions,0,0,0,0,0,0,0,0,0,0,0,0,0,0,0,0,0,0,0,0,0,0,0,0,0,0,0,0,0,0,0,0,0,0,0,0,0,0,0,0,0,0,0,0,0,0,3,3,4,3,0,0
50,ROUND OF 16,JAPAN,AFC,NORWAY,3?€1,WIN,11,3_4_3,MF,Substitutions,0,0,0,0,0,0,0,0,0,0,0,0,0,0,0,0,0,0,0,0,0,0,0,0,0,0,0,0,0,0,0,0,0,0,0,0,0,0,0,0,0,0,0,0,0,0,3,3,4,3,0,0
50,ROUND OF 16,JAPAN,AFC,NORWAY,3?€1,WIN,11,3_4_3,FW,Substitutions,9,9,100,1,1,0,4,3,75,0,0,0,1,0,0,0,0,0,0,0,0,0,1,1,0,0,1,4,6,1,7,0,0,2,0,1,0,3059.9,701,1195.2,737.1,348.5,78,65,30,28.4,3,3,4,3,100,0
50,ROUND OF 16,JAPAN,AFC,NORWAY,3?€1,WIN,11,3_4_3,MF,Substitutions,0,0,0,0,0,0,0,0,0,0,0,0,0,0,0,0,0,0,0,0,0,0,0,0,0,0,0,0,0,0,0,0,0,0,0,0,0,0,0,0,0,0,0,0,0,0,3,3,4,3,0,0
50,ROUND OF 16,JAPAN,AFC,NORWAY,3?€1,WIN,11,3_4_3,MF,Substitutions,0,0,0,0,0,0,0,0,0,0,0,0,0,0,7,0,3,0,2,2,0,3,0,0,0,0,0,0,0,0,0,0,0,0,0,0,0,0,0,0,0,0,0,0,0,0,3,3,4,3,0,0
50,ROUND OF 16,JAPAN,AFC,NORWAY,3?€1,WIN,11,3_4_3,GK,Substitutions,0,0,0,0,0,0,0,0,0,0,0,0,0,0,0,0,0,0,0,0,0,0,0,0,0,0,0,0,0,0,0,0,0,0,0,0,0,0,0,0,0,0,0,0,0,0,3,3,4,3,0,0
50,ROUND OF 16,JAPAN,AFC,NORWAY,3?€1,WIN,11,3_4_3,DF,Substitutions,0,0,0,0,0,0,0,0,0,0,0,0,0,0,0,0,0,0,0,0,0,0,0,0,0,0,0,0,0,0,0,0,0,0,0,0,0,0,0,0,0,0,0,0,0,0,3,3,4,3,0,0
50,ROUND OF 16,JAPAN,AFC,NORWAY,3?€1,WIN,11,3_4_3,FW,Substitutions,0,0,0,0,0,0,0,0,0,0,0,0,0,0,0,0,0,0,0,0,0,0,0,0,0,0,0,0,0,0,0,0,0,0,0,0,0,0,0,0,0,0,0,0,0,0,3,3,4,3,0,0
50,ROUND OF 16,JAPAN,AFC,NORWAY,3?€1,WIN,11,3_4_3,GK,Substitutions,0,0,0,0,0,0,0,0,0,0,0,0,0,0,0,0,0,0,0,0,0,0,0,0,0,0,0,0,0,0,0,0,0,0,0,0,0,0,0,0,0,0,0,0,0,0,3,3,4,3,0,0
50,ROUND OF 16,JAPAN,AFC,NORWAY,3?€1,WIN,11,3_4_3,FW,Substitutions,0,0,0,0,0,0,0,0,0,0,0,0,0,0,0,0,0,0,0,0,0,0,0,0,0,0,0,0,0,0,0,0,0,0,0,0,0,0,0,0,0,0,0,0,0,0,3,3,4,3,0,0
50,ROUND OF 16,JAPAN,AFC,NORWAY,3?€1,WIN,11,3_4_3,DF,Substitutions,0,0,0,0,0,0,0,0,0,0,0,0,0,0,0,0,0,0,0,0,0,0,0,0,0,0,0,0,0,0,0,0,0,0,0,0,0,0,0,0,0,0,0,0,0,0,3,3,4,3,0,0
55,ROUND OF 16,MOROCCO,CAF,FRANCE,0?€4,LOSE,72,4_4_2,GK,STARTING,33,10,30%,0,0,0,12,0,0%,0,0,0,0,0,0,0,0,0,0,0,0,0,0,0,0,0,0,0,0,0,0,0,3,0,0,9,0,4019.9,3137.6,712.7,137.5,32.2,0,19,4,23.1,0,4,4,2,0,0
55,ROUND OF 16,MOROCCO,CAF,FRANCE,0?€4,LOSE,72,4_4_2,DF,STARTING,42,22,52%,0,0,0,16,9,56%,1,1,0,0,0,7,3,0,0,0,0,4,4,3,2,2,1,8,14,1,0,3,4,5,37,6,4,2,10746.2,3291.6,4209.3,2443.7,665.2,137.6,228,53,26.7,0,4,4,2,66.66666667,0
55,ROUND OF 16,MOROCCO,CAF,FRANCE,0?€4,LOSE,72,4_4_2,DF,STARTING,22,8,36%,0,0,0,9,3,33%,1,1,0,0,0,1,1,0,0,0,0,0,1,0,0,3,2,1,2,2,0,2,8,6,10,0,6,7,9815.7,3152.8,4393.5,1799.2,328.8,141.3,160,33,28,0,4,4,2,0,0
55,ROUND OF 16,MOROCCO,CAF,FRANCE,0?€4,LOSE,72,4_4_2,DF,STARTING,14,3,21%,0,0,0,6,0,0%,0,0,0,0,0,5,1,0,0,0,0,4,2,4,1,3,1,2,10,1,0,1,2,7,32,4,5,4,9758.8,3112.1,4396.4,1738,372.8,139.6,161,33,26.4,0,4,4,2,25,0
55,ROUND OF 16,MOROCCO,CAF,FRANCE,0?€4,LOSE,72,4_4_2,MF,STARTING,13,7,54%,0,0,0,9,4,44%,0,0,0,0,0,2,2,0,0,0,0,0,0,3,0,3,1,8,20,0,0,1,4,6,20,8,4,5,8852.2,1721.7,3942.8,2907.1,216.9,63.7,182,20,24.9,0,4,4,2,0,0
55,ROUND OF 16,MOROCCO,CAF,FRANCE,0?€4,LOSE,72,4_4_2,MF,STARTING,31,18,58%,1,2,0,14,5,35%,1,0,1,0,0,8,2,5,0,0,1,0,3,10,4,3,3,14,13,0,0,1,3,11,30,9,11,4,11573.2,3716.2,3850.4,3389.8,487.2,129.6,234,42,27.5,0,4,4,2,40,0
55,ROUND OF 16,MOROCCO,CAF,FRANCE,0?€4,LOSE,72,4_4_2,FW,STARTING,16,11,69%,0,0,0,2,0,0%,1,1,0,1,0,14,0,1,0,0,13,0,5,1,1,1,0,1,48,0,0,0,0,6,24,13,2,0,10321.4,3598,3424.6,2712.5,477.9,108.4,206,35,27.4,0,4,4,2,100,0
55,ROUND OF 16,MOROCCO,CAF,FRANCE,0?€4,LOSE,72,4_4_2,MF,STARTING,19,11,58%,0,0,0,2,1,50%,0,0,0,0,0,18,5,5,0,4,1,3,6,5,1,2,0,8,23,0,0,0,0,6,17,9,1,1,7681.9,2306.9,3235.6,1605.5,391.8,142.1,145,41,27.9,0,4,4,2,20,0
55,ROUND OF 16,MOROCCO,CAF,FRANCE,0?€4,LOSE,72,4_4_2,FW,STARTING,12,7,58%,0,0,0,3,1,33%,0,0,0,0,0,31,2,11,0,1,15,2,4,4,0,2,0,4,50,1,0,1,0,5,32,16,0,3,8298.4,2336.8,2862.1,2582.5,483.8,33.2,192,34,26.7,0,4,4,2,0,0
55,ROUND OF 16,MOROCCO,CAF,FRANCE,0?€4,LOSE,72,4_4_2,DF,STARTING,25,13,52%,0,1,0,17,9,52%,1,1,0,0,0,6,1,0,0,0,0,5,2,8,0,3,1,14,9,1,0,1,3,4,16,5,1,9,9143,3554.8,3193.7,1561.6,496.5,336.5,137,54,28.9,0,4,4,2,0,0
55,ROUND OF 16,MOROCCO,CAF,FRANCE,0?€4,LOSE,72,4_4_2,MF,STARTING,14,10,71%,0,0,0,8,6,75%,6,3,3,0,0,19,1,1,0,1,12,4,2,5,2,3,0,8,34,2,1,4,1,8,26,15,3,4,10300.5,3213.8,4549.7,2005.5,394.5,136,168,36,26.4,0,4,4,2,40,0
55,ROUND OF 16,MOROCCO,CAF,FRANCE,0?€4,LOSE,72,4_4_2,MF,Substitutions,2,1,50%,0,0,0,1,1,100%,0,0,0,0,0,1,0,1,0,0,0,0,0,2,1,4,1,2,6,0,0,0,1,1,5,2,5,1,3322.9,986.6,1280.3,822.4,161.5,72.1,74,18,25.7,0,4,4,2,50,0
55,ROUND OF 16,MOROCCO,CAF,FRANCE,0?€4,LOSE,72,4_4_2,MF,Substitutions,0,0,0,0,0,0,0,0,0,0,0,0,0,0,0,0,0,0,0,0,0,0,0,0,0,0,0,0,0,0,0,0,0,0,0,0,0,0,0,0,0,0,0,0,0,0,0,4,4,2,0,0
55,ROUND OF 16,MOROCCO,CAF,FRANCE,0?€4,LOSE,72,4_4_2,DF,Substitutions,0,0,0,0,0,0,0,0,0,0,0,0,0,0,0,0,0,0,0,0,0,0,0,0,0,0,0,0,0,0,0,0,0,0,0,0,0,0,0,0,0,0,0,0,0,0,0,4,4,2,0,0
55,ROUND OF 16,MOROCCO,CAF,FRANCE,0?€4,LOSE,72,4_4_2,GK,Substitutions,0,0,0,0,0,0,0,0,0,0,0,0,0,0,0,0,0,0,0,0,0,0,0,0,0,0,0,0,0,0,0,0,0,0,0,0,0,0,0,0,0,0,0,0,0,0,0,4,4,2,0,0
55,ROUND OF 16,MOROCCO,CAF,FRANCE,0?€4,LOSE,72,4_4_2,DF,Substitutions,0,0,0,0,0,0,0,0,0,0,0,0,0,0,0,0,0,0,0,0,0,0,0,0,0,0,0,0,0,0,0,0,0,0,0,0,0,0,0,0,0,0,0,0,0,0,0,4,4,2,0,0
55,ROUND OF 16,MOROCCO,CAF,FRANCE,0?€4,LOSE,72,4_4_2,DF,Substitutions,0,0,0,0,0,0,0,0,0,0,0,0,0,0,0,0,0,0,0,0,0,0,0,0,0,0,0,0,0,0,0,0,0,0,0,0,0,0,0,0,0,0,0,0,0,0,0,4,4,2,0,0
55,ROUND OF 16,MOROCCO,CAF,FRANCE,0?€4,LOSE,72,4_4_2,FW,Substitutions,0,0,0,0,0,0,0,0,0,0,0,0,0,0,0,0,0,0,0,0,0,0,0,0,0,0,0,0,0,0,0,0,0,0,0,0,0,0,0,0,0,0,0,0,0,0,0,4,4,2,0,0
55,ROUND OF 16,MOROCCO,CAF,FRANCE,0?€4,LOSE,72,4_4_2,MF,Substitutions,0,0,0,0,0,0,0,0,0,0,0,0,0,0,0,0,0,0,0,0,0,0,0,0,0,0,0,0,0,0,0,0,0,0,0,0,0,0,0,0,0,0,0,0,0,0,0,4,4,2,0,0
55,ROUND OF 16,MOROCCO,CAF,FRANCE,0?€4,LOSE,72,4_4_2,MF,Substitutions,5,2,40%,0,1,0,3,0,0%,1,1,0,0,0,11,0,2,1,1,5,2,2,1,0,2,0,0,5,0,0,0,0,3,8,1,1,1,3243.7,1063.9,1024.7,847.9,237.8,69.1,71,17,27.6,0,4,4,2,0,0
55,ROUND OF 16,MOROCCO,CAF,FRANCE,0?€4,LOSE,72,4_4_2,DF,Substitutions,0,0,0,0,0,0,0,0,0,0,0,0,0,0,0,0,0,0,0,0,0,0,0,0,0,0,0,0,0,0,0,0,0,0,0,0,0,0,0,0,0,0,0,0,0,0,0,4,4,2,0,0
55,ROUND OF 16,MOROCCO,CAF,FRANCE,0?€4,LOSE,72,4_4_2,GK,Substitutions,0,0,0,0,0,0,0,0,0,0,0,0,0,0,0,0,0,0,0,0,0,0,0,0,0,0,0,0,0,0,0,0,0,0,0,0,0,0,0,0,0,0,0,0,0,0,0,4,4,2,0,0
55,ROUND OF 16,MOROCCO,CAF,FRANCE,0?€4,LOSE,72,4_4_2,FW,Substitutions,0,0,0,0,0,0,0,0,0,0,0,0,0,0,15,0,5,0,1,8,1,3,1,1,0,0,2,12,0,0,0,0,2,11,7,1,0,3181.6,1195.6,967.8,593.7,201.1,223,59,20,29.6,0,4,4,2,100,0
51,ROUND OF 16,NETHERLANDS,UEFA,SOUTH AFRICA,2?€0,WIN,9,3_1_4_2,GK,STARTING,19,14,0.74,0,0,0,7,4,0.57,0,0,0,0,0,9,0,0,0,0,0,9,3,0,0,0,0,0,0,0,0,0,0,2,0,0,5,0,5373.6,4411.7,662,290.7,8.6,0,25,1,22,2,3,5,2,0,0
51,ROUND OF 16,NETHERLANDS,UEFA,SOUTH AFRICA,2?€0,WIN,9,3_1_4_2,DF,STARTING,73,69,0.95,1,0,0,15,12,0.8,0,0,0,0,0,13,0,1,0,0,1,11,5,3,1,3,0,5,4,3,0,3,6,9,8,4,4,0,8861.4,4191.4,2974.8,1175.9,383.7,136.5,101,23,27.4,2,3,5,2,33.33333333,0
51,ROUND OF 16,NETHERLANDS,UEFA,SOUTH AFRICA,2?€0,WIN,9,3_1_4_2,MF,STARTING,48,45,0.94,1,0,0,7,5,71,0,0,0,3,1,22,12,6,0,2,2,0,8,9,3,0,0,8,16,1,0,1,2,7,30,13,4,3,10035.8,4038.4,3339.9,2090.5,524.9,43.2,174,32,26.9,2,3,5,2,33.33333333,0
51,ROUND OF 16,NETHERLANDS,UEFA,SOUTH AFRICA,2?€0,WIN,9,3_1_4_2,FW,STARTING,23,15,0.65,0,1,0,5,1,20,1,1,0,2,1,77,1,7,1,2,65,1,13,0,0,2,2,14,0,0,0,0,4,20,6,2,0,6,9793.9,3524.8,3325,1946.1,576.9,421.1,192,61,30.5,2,3,5,2,0,0
51,ROUND OF 16,NETHERLANDS,UEFA,SOUTH AFRICA,2?€0,WIN,9,3_1_4_2,DF,STARTING,74,63,0.85,4,9,2,29,18,0.62,2,0,2,0,0,40,13,0,0,0,0,27,18,8,2,3,3,6,8,1,0,1,5,2,16,7,8,7,10078.2,4089.7,3590.9,1920.9,345.7,131,159,24,27.7,2,3,5,2,25,22.22222222
51,ROUND OF 16,NETHERLANDS,UEFA,SOUTH AFRICA,2?€0,WIN,9,3_1_4_2,MF,STARTING,46,40,0.87,0,0,0,14,11,0.78,0,0,0,1,0,62,15,23,2,3,13,6,16,4,1,5,1,4,6,3,0,4,4,4,5,5,4,8,9523.5,2537.1,3583.7,2326.6,678.1,398.1,200,57,28.4,2,3,5,2,25,0
51,ROUND OF 16,NETHERLANDS,UEFA,SOUTH AFRICA,2?€0,WIN,9,3_1_4_2,FW,STARTING,46,34,0.74,0,1,0,12,8,0.66,0,0,0,3,0,64,10,27,2,7,17,1,19,2,2,2,0,3,25,3,0,3,0,9,17,10,3,2,10695.5,3495.3,3742.4,2881.4,499.5,77,234,46,27.7,2,3,5,2,100,0
51,ROUND OF 16,NETHERLANDS,UEFA,SOUTH AFRICA,2?€0,WIN,9,3_1_4_2,MF,STARTING,58,55,0.95,0,0,0,5,4,0.8,0,0,0,0,0,29,25,3,0,0,0,1,17,10,3,4,2,9,13,1,0,1,3,9,13,6,7,6,10050.5,3954.9,3912.7,1590,412.1,180.9,151,36,28.7,2,3,5,2,30,0
51,ROUND OF 16,NETHERLANDS,UEFA,SOUTH AFRICA,2?€0,WIN,9,3_1_4_2,MF,STARTING,57,47,0.82,0,2,0,15,10,0.66,3,0,3,0,0,19,6,0,0,1,7,5,6,2,1,3,0,1,8,0,0,0,1,6,11,4,3,3,10028.9,3476,3601.4,2092,610.8,248.7,186,47,27.7,2,3,5,2,50,0
51,ROUND OF 16,NETHERLANDS,UEFA,SOUTH AFRICA,2?€0,WIN,9,3_1_4_2,DF,STARTING,97,86,0.89,6,1,0,34,27,0.79,1,0,1,1,0,25,12,1,0,0,1,11,16,2,0,3,1,4,9,5,0,5,9,11,9,5,7,7,9409.3,3584.9,3608.5,1661.7,315.2,239,154,30,30.7,2,3,5,2,0,0
51,ROUND OF 16,NETHERLANDS,UEFA,SOUTH AFRICA,2?€0,WIN,9,3_1_4_2,MF,STARTING,86,77,0.9,1,3,0,15,10,0.66,6,6,0,2,0,38,16,0,1,0,5,16,19,6,3,2,1,1,12,0,0,0,0,10,18,5,4,5,10051,3210.3,3565.1,2415.3,597,263.3,192,42,28.5,2,3,5,2,50,0
51,ROUND OF 16,NETHERLANDS,UEFA,SOUTH AFRICA,2?€0,WIN,9,3_1_4_2,DF,Substitutions,2,1,0.5,0,0,0,0,0,0,0,0,0,0,0,0,0,0,0,0,0,0,0,0,0,2,0,4,27,0,0,2,1,12,20,15,3,1,732,202.6,208,200.7,110.5,10.2,19,8,24.2,2,3,5,2,0,0
51,ROUND OF 16,NETHERLANDS,UEFA,SOUTH AFRICA,2?€0,WIN,9,3_1_4_2,DF,Substitutions,0,0,0,0,0,0,0,0,0,0,0,0,0,0,0,0,0,0,0,0,0,0,0,0,0,0,0,0,0,0,0,0,0,0,0,0,0,0,0,0,0,0,0,0,0,0,2,3,5,2,0,0
51,ROUND OF 16,NETHERLANDS,UEFA,SOUTH AFRICA,2?€0,WIN,9,3_1_4_2,DF,Substitutions,0,0,0,0,0,0,0,0,0,0,0,0,0,0,0,0,0,0,0,0,0,0,0,0,0,0,0,0,0,0,0,0,0,0,0,0,0,0,0,0,0,0,0,0,0,0,2,3,5,2,0,0
51,ROUND OF 16,NETHERLANDS,UEFA,SOUTH AFRICA,2?€0,WIN,9,3_1_4_2,FW,Substitutions,0,0,0,0,0,0,0,0,0,0,0,0,0,0,1,0,0,0,0,1,0,0,1,0,0,0,0,1,0,0,0,0,0,1,1,0,0,339.6,71.8,96.4,112.5,32.8,26.1,10,2,32,2,3,5,2,0,0
51,ROUND OF 16,NETHERLANDS,UEFA,SOUTH AFRICA,2?€0,WIN,9,3_1_4_2,MF,Substitutions,2,1,0.5,0,0,0,0,0,0,0,0,0,0,0,1,0,1,0,0,0,0,0,0,0,0,0,0,0,0,0,0,1,1,0,0,0,1,343,91.4,93.5,150.2,7.9,0,12,1,22.7,2,3,5,2,0,0
51,ROUND OF 16,NETHERLANDS,UEFA,SOUTH AFRICA,2?€0,WIN,9,3_1_4_2,FW,Substitutions,0,0,0,0,0,0,0,0,0,0,0,0,0,0,0,0,0,0,0,0,0,0,0,0,0,0,0,0,0,0,0,0,0,0,0,0,0,0,0,0,0,0,0,0,0,0,2,3,5,2,0,0
51,ROUND OF 16,NETHERLANDS,UEFA,SOUTH AFRICA,2?€0,WIN,9,3_1_4_2,DF,Substitutions,0,0,0,0,0,0,0,0,0,0,0,0,0,0,0,0,0,0,0,0,0,0,0,0,0,0,0,0,0,0,0,0,0,0,0,0,0,0,0,0,0,0,0,0,0,0,2,3,5,2,0,0
51,ROUND OF 16,NETHERLANDS,UEFA,SOUTH AFRICA,2?€0,WIN,9,3_1_4_2,GK,Substitutions,0,0,0,0,0,0,0,0,0,0,0,0,0,0,0,0,0,0,0,0,0,0,0,0,0,0,0,0,0,0,0,0,0,0,0,0,0,0,0,0,0,0,0,0,0,0,2,3,5,2,0,0
51,ROUND OF 16,NETHERLANDS,UEFA,SOUTH AFRICA,2?€0,WIN,9,3_1_4_2,DF,Substitutions,4,1,0.25,0,1,1,2,1,0.5,0,0,0,0,0,3,0,0,0,0,1,2,1,2,0,0,0,2,0,0,0,0,1,0,0,0,1,1,686.3,200.2,178.9,212.8,72.8,21.6,21,6,26.4,2,3,5,2,0,100
51,ROUND OF 16,NETHERLANDS,UEFA,SOUTH AFRICA,2?€0,WIN,9,3_1_4_2,MF,Substitutions,0,0,0,0,0,0,0,0,0,0,0,0,0,0,0,0,0,0,0,0,0,0,0,0,0,0,0,0,0,0,0,0,0,0,0,0,0,0,0,0,0,0,0,0,0,0,2,3,5,2,0,0
51,ROUND OF 16,NETHERLANDS,UEFA,SOUTH AFRICA,2?€0,WIN,9,3_1_4_2,MF,Substitutions,19,15,0.79,0,0,0,11,8,0.72,0,0,0,0,0,5,2,1,1,0,0,1,1,1,0,0,1,0,0,4,0,6,2,8,0,0,4,2,1899.4,762.4,619,389.4,111.3,17.3,34,6,25.4,2,3,5,2,0,0
51,ROUND OF 16,NETHERLANDS,UEFA,SOUTH AFRICA,2?€0,WIN,9,3_1_4_2,GK,Substitutions,0,0,0,0,0,0,0,0,0,0,0,0,0,0,0,0,0,0,0,0,0,0,0,0,0,0,0,0,0,0,0,0,0,0,0,0,0,0,0,0,0,0,0,0,0,0,2,3,5,2,0,0
54,ROUND OF 16,NIGERIA,CAF,ENGLAND,0?€0,LOSE,40,4_2_3_1,DF,STARTING,73,59,81%,1,0,0,25,19,76%,1,1,0,5,0,17,6,1,1,0,2,7,7,5,1,4,4,8,18,11,0,11,6,11,33,14,16,3,12839.3,5251.3,4287.1,2634.6,512.3,155.4,217,43,28.2,0,4,5,1,20,0
54,ROUND OF 16,NIGERIA,CAF,ENGLAND,0?€0,LOSE,40,4_2_3_1,DF,STARTING,46,30,65%,1,0,0,16,8,50%,1,0,1,0,0,3,0,0,0,0,0,3,2,4,2,0,0,7,1,1,0,1,6,5,11,6,4,4,11347.3,4639.9,4287,1843.9,373.3,203.1,160,36,31.3,0,4,5,1,50,0
54,ROUND OF 16,NIGERIA,CAF,ENGLAND,0?€0,LOSE,40,4_2_3_1,FW,STARTING,4,3,75%,0,3,1,0,0,0%,0,0,0,0,0,10,1,4,0,0,5,0,3,1,0,1,0,1,20,1,0,1,0,3,13,8,0,0,6051.2,2312.2,2104,1203,214.2,218.4,101,29,32.3,0,4,5,1,0,33.33333333
54,ROUND OF 16,NIGERIA,CAF,ENGLAND,0?€0,LOSE,40,4_2_3_1,MF,STARTING,27,18,67%,0,8,5,6,4,66%,0,0,0,0,0,24,4,10,2,2,5,1,2,0,0,1,1,1,32,1,0,1,0,5,47,20,2,0,12288.9,4282.7,4940.1,2395.1,460.8,211.4,220,49,33.8,0,4,5,1,0,62.5
54,ROUND OF 16,NIGERIA,CAF,ENGLAND,0?€0,LOSE,40,4_2_3_1,MF,STARTING,44,33,75%,0,0,0,16,8,50%,3,2,1,1,0,19,5,7,1,2,0,4,7,10,3,6,2,12,26,1,0,2,5,19,29,7,6,12,14624.4,5510.5,4767.5,3291.9,807.3,248.6,272,68,29.8,0,4,5,1,30,0
54,ROUND OF 16,NIGERIA,CAF,ENGLAND,0?€0,LOSE,40,4_2_3_1,MF,STARTING,14,10,71%,0,4,1,2,0,0%,0,0,0,3,0,21,2,1,1,1,6,10,9,8,2,3,0,7,28,5,0,5,5,3,23,16,2,4,8189.4,3223.4,2900.7,1466.7,323.5,276,131,36,31.8,0,4,5,1,25,25
54,ROUND OF 16,NIGERIA,CAF,ENGLAND,0?€0,LOSE,40,4_2_3_1,DF,STARTING,44,33,75%,1,0,0,14,8,57%,1,1,0,0,0,8,0,0,0,0,0,8,7,2,1,3,3,3,6,1,1,4,7,6,7,2,7,7,11139.3,4755.4,4289.7,1499.3,432.2,162.6,158,40,29.1,0,4,5,1,50,0
54,ROUND OF 16,NIGERIA,CAF,ENGLAND,0?€0,LOSE,40,4_2_3_1,MF,STARTING,36,26,72%,2,15,2,18,10,55%,7,4,3,1,0,61,15,2,3,5,14,22,31,5,1,5,1,5,44,4,0,4,2,8,32,18,5,4,13696.5,5437.5,3995.3,3225.5,705.4,334.2,231,56,33.7,0,4,5,1,20,13.33333333
54,ROUND OF 16,NIGERIA,CAF,ENGLAND,0?€0,LOSE,40,4_2_3_1,GK,STARTING,46,32,70%,0,0,0,16,5,31%,0,0,0,0,0,10,0,0,0,0,0,10,5,0,0,0,0,0,0,0,0,0,0,4,0,0,11,0,4680.5,3801.5,726.4,142.3,9.8,0,16,1,23.4,0,4,5,1,0,0
54,ROUND OF 16,NIGERIA,CAF,ENGLAND,0?€0,LOSE,40,4_2_3_1,MF,STARTING,15,10,67%,0,0,0,4,2,50%,0,0,0,0,0,8,4,1,0,1,0,2,4,4,1,3,0,10,8,1,0,1,3,4,23,5,3,4,8896.5,3653.8,2650.3,1782.9,572.9,236.6,167,50,29.9,0,4,5,1,25,0
54,ROUND OF 16,NIGERIA,CAF,ENGLAND,0?€0,LOSE,40,4_2_3_1,DF,STARTING,33,25,76%,0,1,0,17,12,70%,2,0,2,2,0,19,3,1,0,0,10,5,4,4,2,4,0,7,15,2,0,2,4,2,19,9,7,5,12729.2,4777.3,4213.4,2617.1,800.7,320.8,245,76,29.1,0,4,5,1,50,0
54,ROUND OF 16,NIGERIA,CAF,ENGLAND,0?€0,LOSE,40,4_2_3_1,GK,Substitutions,0,0,0,0,0,0,0,0,0,0,0,0,0,0,0,0,0,0,0,0,0,0,0,0,0,0,0,0,0,0,0,0,0,0,0,0,0,0,0,0,0,0,0,0,0,0,0,4,5,1,0,0
54,ROUND OF 16,NIGERIA,CAF,ENGLAND,0?€0,LOSE,40,4_2_3_1,DF,Substitutions,0,0,0,0,0,0,0,0,0,0,0,0,0,0,0,0,0,0,0,0,0,0,0,0,0,0,0,0,0,0,0,0,0,0,0,0,0,0,0,0,0,0,0,0,0,0,0,4,5,1,0,0
54,ROUND OF 16,NIGERIA,CAF,ENGLAND,0?€0,LOSE,40,4_2_3_1,DF,Substitutions,0,0,0,0,0,0,0,0,0,0,0,0,0,0,0,0,0,0,0,0,0,0,0,0,0,0,0,0,0,0,0,0,0,0,0,0,0,0,0,0,0,0,0,0,0,0,0,4,5,1,0,0
54,ROUND OF 16,NIGERIA,CAF,ENGLAND,0?€0,LOSE,40,4_2_3_1,FW,Substitutions,7,6,86%,0,4,0,3,2,66%,2,2,0,3,0,12,0,4,0,0,8,0,5,0,0,1,0,1,14,2,0,3,1,4,13,3,1,1,6712.8,3119.5,1724.5,1380.2,250.4,238.3,118,30,31.1,0,4,5,1,0,0
54,ROUND OF 16,NIGERIA,CAF,ENGLAND,0?€0,LOSE,40,4_2_3_1,FW,Substitutions,1,1,100%,0,0,0,0,0,0%,0,0,0,0,0,1,0,0,0,0,1,0,0,0,0,1,0,0,2,2,0,2,0,0,1,1,1,0,1019.6,445.5,314.1,196.9,63,0,17,5,22.6,0,4,5,1,0,0
54,ROUND OF 16,NIGERIA,CAF,ENGLAND,0?€0,LOSE,40,4_2_3_1,FW,Substitutions,0,0,0,0,0,0,0,0,0,0,0,0,0,0,0,0,0,0,0,0,0,0,0,0,0,0,0,0,0,0,0,0,0,0,0,0,0,0,0,0,0,0,0,0,0,0,0,4,5,1,0,0
54,ROUND OF 16,NIGERIA,CAF,ENGLAND,0?€0,LOSE,40,4_2_3_1,FW,Substitutions,11,8,73%,1,1,0,4,2,50%,0,0,0,2,0,21,3,3,0,0,8,7,5,2,1,3,0,3,15,0,0,1,1,5,7,3,2,1,4995.5,1781.9,1702.5,1107,299.2,103.9,87,29,30.7,0,4,5,1,50,0
54,ROUND OF 16,NIGERIA,CAF,ENGLAND,0?€0,LOSE,40,4_2_3_1,MF,Substitutions,9,8,89%,0,0,0,0,0,0%,0,0,0,0,0,7,2,2,0,1,1,1,3,0,0,1,1,2,4,0,0,1,1,1,4,0,2,1,3773,1324.3,1352.6,878.7,166.4,50.6,66,15,26.8,0,4,5,1,0,0
54,ROUND OF 16,NIGERIA,CAF,ENGLAND,0?€0,LOSE,40,4_2_3_1,DF,Substitutions,0,0,0,0,0,0,0,0,0,0,0,0,0,0,0,0,0,0,0,0,0,0,0,0,0,0,0,0,0,0,0,0,0,0,0,0,0,0,0,0,0,0,0,0,0,0,0,4,5,1,0,0
54,ROUND OF 16,NIGERIA,CAF,ENGLAND,0?€0,LOSE,40,4_2_3_1,FW,Substitutions,0,0,0,0,0,0,0,0,0,0,0,0,0,0,0,0,0,0,0,0,0,0,0,0,0,0,0,0,0,0,0,0,0,0,0,0,0,0,0,0,0,0,0,0,0,0,0,4,5,1,0,0
54,ROUND OF 16,NIGERIA,CAF,ENGLAND,0?€0,LOSE,40,4_2_3_1,GK,Substitutions,0,0,0,0,0,0,0,0,0,0,0,0,0,0,0,0,0,0,0,0,0,0,0,0,0,0,0,0,0,0,0,0,0,0,0,0,0,0,0,0,0,0,0,0,0,0,0,4,5,1,0,0
50,ROUND OF 16,NORWAY,UEFA,JAPAN,1?€3,LOSE,12,3_4_3,DF,STARTING,34,29,71,0,0,0,8,2,25,0,0,0,0,0,10,6,1,0,0,0,3,4,1,0,2,3,3,15,0,0,0,4,2,26,10,4,2,8456.1,2660.3,3898.3,1382.6,379.7,135.3,118,40,28.1,1,3,4,3,0,0
50,ROUND OF 16,NORWAY,UEFA,JAPAN,1?€3,LOSE,12,3_4_3,DF,STARTING,82,73,89,0,0,0,15,9,60,0,0,0,0,0,3,1,0,0,0,0,2,2,2,0,5,0,2,7,2,0,2,9,6,10,1,7,8,10597.9,3675.4,4617.5,1930.9,322.2,50.9,170,27,29.1,1,3,4,3,0,0
50,ROUND OF 16,NORWAY,UEFA,JAPAN,1?€3,LOSE,12,3_4_3,MF,STARTING,50,47,94,0,1,0,19,16,84,0,0,0,0,0,47,38,4,1,0,0,4,18,4,1,3,5,4,5,1,0,2,8,11,8,4,12,9,12142.6,3115.8,5091.4,3160.7,613.2,161.5,249,43,29.9,1,3,4,3,25,0
50,ROUND OF 16,NORWAY,UEFA,JAPAN,1?€3,LOSE,12,3_4_3,MF,STARTING,23,21,91,0,1,1,2,2,100,0,0,0,0,0,13,8,0,2,1,1,1,7,2,0,2,3,4,20,1,0,3,3,4,13,7,6,5,8036.9,1907.2,3979.9,1906.4,184.8,57.9,142,15,28,1,3,4,3,0,100
50,ROUND OF 16,NORWAY,UEFA,JAPAN,1?€3,LOSE,12,3_4_3,FW,STARTING,12,7,58,0,7,2,11,7,63,5,2,3,0,0,25,3,2,0,2,13,5,6,1,0,3,0,1,48,1,0,1,1,4,21,14,2,1,10720.7,3551.8,3891.6,2712.3,452.4,112.6,200,35,28.5,1,3,4,3,0,28.57142857
50,ROUND OF 16,NORWAY,UEFA,JAPAN,1?€3,LOSE,12,3_4_3,MF,STARTING,37,25,68,0,2,2,7,3,42,0,0,0,2,1,23,4,13,0,1,5,0,7,1,0,2,0,6,17,1,0,1,4,5,23,9,2,2,10693.6,3575.9,4212.2,2563.3,301.6,40.6,192,28,27.3,1,3,4,3,0,100
50,ROUND OF 16,NORWAY,UEFA,JAPAN,1?€3,LOSE,12,3_4_3,DF,STARTING,31,24,77,0,1,0,11,5,45,0,0,0,0,0,17,6,0,0,0,0,11,9,1,0,5,0,3,23,0,0,0,9,5,21,12,2,6,9756.5,3052.8,4278.2,1873.2,426.4,124.9,181,34,29.9,1,3,4,3,0,0
50,ROUND OF 16,NORWAY,UEFA,JAPAN,1?€3,LOSE,12,3_4_3,DF,STARTING,68,58,85,0,1,0,9,2,22,2,0,2,0,0,15,3,0,0,0,0,12,9,1,1,3,0,4,7,1,1,2,6,2,8,2,9,4,10622.6,3379.1,4316,2407.1,446.2,74.4,223,33,27.3,1,3,4,3,100,0
50,ROUND OF 16,NORWAY,UEFA,JAPAN,1?€3,LOSE,12,3_4_3,FW,STARTING,11,5,45,0,0,0,1,1,100,1,0,1,0,0,8,2,0,0,0,4,2,2,0,0,0,0,2,17,0,0,0,2,3,11,8,0,2,7449.8,2725.1,3056.6,1241.9,260.7,165.4,107,27,28.9,1,3,4,3,0,0
50,ROUND OF 16,NORWAY,UEFA,JAPAN,1?€3,LOSE,12,3_4_3,FW,STARTING,23,9,39,0,0,0,8,1,12,0,0,0,1,0,1,0,1,0,0,0,0,0,0,0,1,0,2,44,12,0,12,2,6,21,14,1,2,11355,3397.4,4017.4,3145.3,680.2,114.7,248,49,25.8,1,3,4,3,0,0
50,ROUND OF 16,NORWAY,UEFA,JAPAN,1?€3,LOSE,12,3_4_3,GK,STARTING,41,29,71,0,0,0,8,2,25,0,0,0,0,0,3,0,0,0,0,0,3,3,0,0,0,0,0,0,0,0,0,0,9,0,0,11,0,4653.3,3188,1099.1,329,37.2,0,37,4,23.1,1,3,4,3,0,0
50,ROUND OF 16,NORWAY,UEFA,JAPAN,1?€3,LOSE,12,3_4_3,GK,Substitutions,0,0,0,0,0,0,0,0,0,0,0,0,0,0,0,0,0,0,0,0,0,0,0,0,0,0,0,0,0,0,0,0,0,0,0,0,0,0,0,0,0,0,0,0,0,0,1,3,4,3,0,0
50,ROUND OF 16,NORWAY,UEFA,JAPAN,1?€3,LOSE,12,3_4_3,DF,Substitutions,0,0,0,0,0,0,0,0,0,0,0,0,0,0,0,0,0,0,0,0,0,0,0,0,0,0,0,0,0,0,0,0,0,0,0,0,0,0,0,0,0,0,0,0,0,0,1,3,4,3,0,0
50,ROUND OF 16,NORWAY,UEFA,JAPAN,1?€3,LOSE,12,3_4_3,DF,Substitutions,3,3,100,0,0,0,0,0,0,0,0,0,0,0,2,1,1,0,0,0,0,2,0,0,0,0,1,4,2,0,2,0,0,2,2,0,0,1010.4,268.8,338.9,308,71.9,22.8,26,8,30.8,1,3,4,3,0,0
50,ROUND OF 16,NORWAY,UEFA,JAPAN,1?€3,LOSE,12,3_4_3,DF,Substitutions,0,0,0,0,0,0,0,0,0,0,0,0,0,0,0,0,0,0,0,0,0,0,0,0,0,0,0,0,0,0,0,0,0,0,0,0,0,0,0,0,0,0,0,0,0,0,1,3,4,3,0,0
50,ROUND OF 16,NORWAY,UEFA,JAPAN,1?€3,LOSE,12,3_4_3,FW,Substitutions,6,6,100,0,0,0,2,2,0,0,0,0,2,0,8,2,1,0,2,2,1,1,0,0,0,0,6,7,1,0,1,0,3,2,2,0,0,4344.4,1010.1,1613.9,1374.1,271.1,74.7,92,21,27.5,1,3,4,3,0,0
50,ROUND OF 16,NORWAY,UEFA,JAPAN,1?€3,LOSE,12,3_4_3,GK,Substitutions,0,0,0,0,0,0,0,0,0,0,0,0,0,0,0,0,0,0,0,0,0,0,0,0,0,0,0,0,0,0,0,0,0,0,0,0,0,0,0,0,0,0,0,0,0,0,1,3,4,3,0,0
50,ROUND OF 16,NORWAY,UEFA,JAPAN,1?€3,LOSE,12,3_4_3,FW,Substitutions,3,3,100,0,0,0,0,0,0,0,0,0,1,0,11,0,1,1,0,8,1,0,0,0,0,0,1,3,1,0,1,0,1,5,2,0,0,2279.1,692.2,1019.2,478.8,71.8,17.1,36,5,24.9,1,3,4,3,0,0
50,ROUND OF 16,NORWAY,UEFA,JAPAN,1?€3,LOSE,12,3_4_3,FW,Substitutions,0,0,0,0,0,0,0,0,0,0,0,0,0,0,0,0,0,0,0,0,0,0,0,0,0,0,0,0,0,0,0,0,0,0,0,0,0,0,0,0,0,0,0,0,0,0,1,3,4,3,0,0
50,ROUND OF 16,NORWAY,UEFA,JAPAN,1?€3,LOSE,12,3_4_3,FW,Substitutions,0,0,0,0,0,0,0,0,0,0,0,0,0,0,0,0,0,0,0,0,0,0,0,0,0,0,0,0,0,0,0,0,0,0,0,0,0,0,0,0,0,0,0,0,0,0,1,3,4,3,0,0
50,ROUND OF 16,NORWAY,UEFA,JAPAN,1?€3,LOSE,12,3_4_3,MF,Substitutions,8,7,88,0,0,0,3,2,100,0,0,0,1,0,2,0,0,0,1,1,0,2,0,0,0,0,2,5,1,0,1,1,1,5,2,0,0,3929.1,1086.4,1356.7,1250.6,192.5,42.8,81,15,26.6,1,3,4,3,0,0
50,ROUND OF 16,NORWAY,UEFA,JAPAN,1?€3,LOSE,12,3_4_3,DF,Substitutions,0,0,0,0,0,0,0,0,0,0,0,0,0,0,0,0,0,0,0,0,0,0,0,0,0,0,0,0,0,0,0,0,0,0,0,0,0,0,0,0,0,0,0,0,0,0,1,3,4,3,0,0
50,ROUND OF 16,NORWAY,UEFA,JAPAN,1?€3,LOSE,12,3_4_3,FW,Substitutions,0,0,0,0,0,0,0,0,0,0,0,0,0,0,0,0,0,0,0,0,0,0,0,0,0,0,0,0,0,0,0,0,0,0,0,0,0,0,0,0,0,0,0,0,0,0,1,3,4,3,0,0
51,ROUND OF 16,SOUTH AFRICA,CAF,NETHERLANDS,0?€2,LOSE,54,4_2_3_1,GK,STARTING,31,15,0.48,0,0,0,22,9,0.4,0,0,0,0,0,2,0,0,0,0,0,2,1,0,0,0,0,0,0,0,0,0,1,5,0,0,12,0,3988.9,3341.5,464.7,167.9,6.8,8,25,1,24.9,0,4,5,1,0,0
51,ROUND OF 16,SOUTH AFRICA,CAF,NETHERLANDS,0?€2,LOSE,54,4_2_3_1,DF,STARTING,32,23,0.72,0,0,0,13,6,0.46,4,3,1,0,0,4,2,0,0,1,0,1,0,9,2,6,1,7,31,0,0,0,5,10,48,20,8,9,10367,3511.3,3711.4,2376.1,562.9,204.2,195,52,30.3,0,4,5,1,22.22222222,0
51,ROUND OF 16,SOUTH AFRICA,CAF,NETHERLANDS,0?€2,LOSE,54,4_2_3_1,MF,STARTING,28,15,0.54,0,0,0,7,3,0.42,3,2,1,0,0,14,7,5,0,0,1,1,5,4,2,3,0,14,29,1,0,3,2,13,31,17,5,2,10270.7,3270.2,4010.7,2564.6,317.4,107.8,200,28,27.8,0,4,5,1,50,0
51,ROUND OF 16,SOUTH AFRICA,CAF,NETHERLANDS,0?€2,LOSE,54,4_2_3_1,DF,STARTING,14,9,0.64,0,0,0,7,4,0.57,0,0,0,0,0,2,0,0,0,0,0,2,1,3,1,5,3,3,7,1,0,1,14,4,6,0,8,13,9004.2,3937.5,3038.9,1522.6,353.9,151.3,136,29,28.9,0,4,5,1,33.33333333,0
51,ROUND OF 16,SOUTH AFRICA,CAF,NETHERLANDS,0?€2,LOSE,54,4_2_3_1,DF,STARTING,29,20,0.69,0,3,0,14,8,0.57,0,0,0,0,0,8,2,0,0,0,1,5,3,2,0,0,0,8,16,1,0,1,2,7,30,13,4,3,9555,3612.8,3998.8,1559.4,337.3,46.8,153,28,26,0,4,5,1,0,0
51,ROUND OF 16,SOUTH AFRICA,CAF,NETHERLANDS,0?€2,LOSE,54,4_2_3_1,MF,STARTING,25,14,0.56,0,3,1,6,1,0.16,5,3,2,0,0,46,3,8,3,6,10,16,13,6,1,2,0,9,21,2,0,3,1,5,15,9,3,2,10460.5,3601.6,3471.8,2371.4,749,266.7,182,57,31.4,0,4,5,1,16.66666667,33.33333333
51,ROUND OF 16,SOUTH AFRICA,CAF,NETHERLANDS,0?€2,LOSE,54,4_2_3_1,MF,STARTING,21,15,0.71,0,0,0,7,5,0.71,0,0,0,2,0,25,6,7,0,4,7,1,6,1,1,2,0,4,27,0,0,2,1,12,20,15,3,1,9747.4,3780.1,3398,1905.6,426.9,235.9,166,32,29.4,0,4,5,1,100,0
51,ROUND OF 16,SOUTH AFRICA,CAF,NETHERLANDS,0?€2,LOSE,54,4_2_3_1,FW,STARTING,14,10,0.71,1,1,0,3,2,0.66,8,8,0,7,0,34,1,3,1,2,21,6,12,2,0,0,0,5,30,0,0,0,0,6,35,19,0,0,8826.9,3810.6,2625.1,1272.8,493.4,625.8,134,55,33,0,4,5,1,0,0
51,ROUND OF 16,SOUTH AFRICA,CAF,NETHERLANDS,0?€2,LOSE,54,4_2_3_1,MF,STARTING,7,4,0.57,0,0,0,0,0,0,0,0,0,0,0,5,1,1,0,0,2,1,3,1,1,0,0,1,22,0,0,0,0,4,11,8,2,0,2959.9,1109.7,819.9,752.1,159.2,119,65,14,29.3,0,4,5,1,100,0
51,ROUND OF 16,SOUTH AFRICA,CAF,NETHERLANDS,0?€2,LOSE,54,4_2_3_1,DF,STARTING,10,6,0.6,0,0,0,4,1,0.25,0,0,0,0,0,2,1,0,0,0,0,1,1,4,1,1,3,6,3,0,0,0,5,4,4,3,5,4,3433.9,1651,983.8,586.8,145.6,67,57,15,28.9,0,4,5,1,25,0
51,ROUND OF 16,SOUTH AFRICA,CAF,NETHERLANDS,0?€2,LOSE,54,4_2_3_1,MF,STARTING,34,23,0.68,0,3,0,23,14,0.6,1,1,0,3,0,19,8,9,2,0,0,0,8,3,2,3,0,11,18,1,0,1,1,14,27,6,5,1,9934.4,3345.9,4117.8,2272,152,45.7,193,16,30.1,0,4,5,1,66.66666667,0
51,ROUND OF 16,SOUTH AFRICA,CAF,NETHERLANDS,0?€2,LOSE,54,4_2_3_1,DF,Substitutions,0,0,0,0,0,0,0,0,0,0,0,0,0,0,0,0,0,0,0,0,0,0,0,0,0,0,0,0,0,0,0,0,0,0,0,0,0,0,0,0,0,0,0,0,0,0,0,4,5,1,0,0
51,ROUND OF 16,SOUTH AFRICA,CAF,NETHERLANDS,0?€2,LOSE,54,4_2_3_1,MF,Substitutions,0,0,0,0,0,0,0,0,0,0,0,0,0,0,0,0,0,0,0,0,0,0,0,0,0,0,2,1,0,0,0,0,0,1,1,0,0,353,93.2,70.3,189.4,0,0,11,0,19.8,0,4,5,1,0,0
51,ROUND OF 16,SOUTH AFRICA,CAF,NETHERLANDS,0?€2,LOSE,54,4_2_3_1,MF,Substitutions,0,0,0,0,0,0,0,0,0,0,0,0,0,0,0,0,0,0,0,0,0,0,0,0,0,0,0,0,0,0,0,0,0,0,0,0,0,0,0,0,0,0,0,0,0,0,0,4,5,1,0,0
51,ROUND OF 16,SOUTH AFRICA,CAF,NETHERLANDS,0?€2,LOSE,54,4_2_3_1,DF,Substitutions,18,14,78,0,0,0,10,7,70,0,0,0,0,0,3,1,0,0,0,0,2,1,3,1,8,1,5,2,1,0,2,4,5,15,4,8,6,5117.5,2078.7,1905.7,867.9,198,67,82,18,26.7,0,4,5,1,33.33333333,0
51,ROUND OF 16,SOUTH AFRICA,CAF,NETHERLANDS,0?€2,LOSE,54,4_2_3_1,GK,Substitutions,0,0,0,0,0,0,0,0,0,0,0,0,0,0,0,0,0,0,0,0,0,0,0,0,0,0,0,0,0,0,0,0,0,0,0,0,0,0,0,0,0,0,0,0,0,0,0,4,5,1,0,0
51,ROUND OF 16,SOUTH AFRICA,CAF,NETHERLANDS,0?€2,LOSE,54,4_2_3_1,FW,Substitutions,0,0,0,0,0,0,0,0,0,0,0,0,0,0,1,0,0,0,0,0,0,1,0,0,0,0,0,0,0,0,0,0,0,2,0,0,0,271.3,105,68.9,29.6,46.9,20.7,3,2,25.1,0,4,5,1,0,0
51,ROUND OF 16,SOUTH AFRICA,CAF,NETHERLANDS,0?€2,LOSE,54,4_2_3_1,DF,Substitutions,0,0,0,0,0,0,0,0,0,0,0,0,0,0,0,0,0,0,0,0,0,0,0,0,0,0,0,0,0,0,0,0,0,0,0,0,0,0,0,0,0,0,0,0,0,0,0,4,5,1,0,0
51,ROUND OF 16,SOUTH AFRICA,CAF,NETHERLANDS,0?€2,LOSE,54,4_2_3_1,GK,Substitutions,0,0,0,0,0,0,0,0,0,0,0,0,0,0,0,0,0,0,0,0,0,0,0,0,0,0,0,0,0,0,0,0,0,0,0,0,0,0,0,0,0,0,0,0,0,0,0,4,5,1,0,0
51,ROUND OF 16,SOUTH AFRICA,CAF,NETHERLANDS,0?€2,LOSE,54,4_2_3_1,MF,Substitutions,0,0,0,0,0,0,0,0,0,0,0,0,0,0,0,0,0,0,0,0,0,0,0,0,0,0,0,0,0,0,0,0,0,0,0,0,0,0,0,0,0,0,0,0,0,0,0,4,5,1,0,0
51,ROUND OF 16,SOUTH AFRICA,CAF,NETHERLANDS,0?€2,LOSE,54,4_2_3_1,MF,Substitutions,13,12,92,0,2,0,4,3,75,1,1,0,2,0,16,2,4,2,1,4,3,6,3,2,1,1,7,39,1,0,1,3,2,30,20,4,4,8417.6,2313.2,3037.1,2334.2,621.2,111.1,193,45,26.2,0,4,5,1,66.66666667,0
49,ROUND OF 16,SPAIN,UEFA,SWITZERLAND,5?€1,WIN,6,4_3_3,DF,STARTING,81,76,94,0,5,2,23,19,82,6,1,5,1,0,43,10,2,0,2,7,22,19,5,1,5,2,4,6,4,0,6,2,14,9,2,11,3,9794.3,3355.5,3442.7,2200.8,520.1,274.2,194,56,29.5,5,4,3,3,20,40
49,ROUND OF 16,SPAIN,UEFA,SWITZERLAND,5?€1,WIN,6,4_3_3,MF,STARTING,53,47,89,0,7,4,13,10,76,2,1,1,3,0,50,29,12,0,1,0,8,19,1,0,3,0,7,8,2,0,3,3,10,23,6,6,1,8279.2,2109.5,4036.9,1908.3,188.8,35.6,136,18,26.1,5,4,3,3,0,57.14285714
49,ROUND OF 16,SPAIN,UEFA,SWITZERLAND,5?€1,WIN,6,4_3_3,DF,STARTING,110,101,92,3,0,0,29,23,79,3,0,3,2,0,3,2,0,0,0,0,1,2,1,0,1,1,1,3,2,0,4,7,5,8,1,5,6,9685.8,3378.4,3455.9,2210.3,496.9,144.3,198,41,28.2,5,4,3,3,0,0
49,ROUND OF 16,SPAIN,UEFA,SWITZERLAND,5?€1,WIN,6,4_3_3,MF,STARTING,72,64,89,3,2,2,13,11,84,2,0,2,4,2,48,18,18,2,5,4,1,20,4,2,3,1,6,6,0,0,0,0,12,6,1,6,1,8997.6,3240,3270.6,1903.9,397.7,184.5,171,41,30.9,5,4,3,3,50,100
49,ROUND OF 16,SPAIN,UEFA,SWITZERLAND,5?€1,WIN,6,4_3_3,FW,STARTING,19,17,89,0,1,0,2,1,50,0,0,0,3,0,43,0,12,2,1,26,2,6,1,0,1,0,3,21,2,0,3,0,5,23,13,1,0,7593.5,2516.5,2382.8,1991,489,214.9,171,46,31.4,5,4,3,3,0,0
49,ROUND OF 16,SPAIN,UEFA,SWITZERLAND,5?€1,WIN,6,4_3_3,MF,STARTING,59,50,85,0,2,0,15,14,93,0,0,0,1,1,49,14,17,1,6,4,7,28,1,0,0,1,2,10,0,0,0,1,2,11,5,2,1,9302,2955.2,3696.6,2314.3,307.9,27.9,199,90,24.4,5,4,3,3,0,0
49,ROUND OF 16,SPAIN,UEFA,SWITZERLAND,5?€1,WIN,6,4_3_3,DF,STARTING,81,69,85,0,2,0,20,10,50,2,0,2,0,0,29,8,1,0,0,6,14,14,6,2,3,1,4,5,1,0,1,6,6,16,4,6,8,10186.7,3771.1,3692.7,1923.2,503.2,296.4,187,54,30.2,5,4,3,3,33.33333333,0
49,ROUND OF 16,SPAIN,UEFA,SWITZERLAND,5?€1,WIN,6,4_3_3,DF,STARTING,82,81,99,0,0,0,10,10,100,1,0,1,3,1,14,0,1,0,0,1,12,9,1,0,2,1,2,3,2,0,2,1,6,6,0,5,1,9730.1,3591.4,3648.8,2074.5,255.9,159.6,181,27,28.2,5,4,3,3,0,0
49,ROUND OF 16,SPAIN,UEFA,SWITZERLAND,5?€1,WIN,6,4_3_3,FW,STARTING,35,27,77,0,5,2,5,3,60,0,0,0,4,1,71,5,13,8,1,28,16,23,2,0,0,1,2,26,1,0,1,1,6,27,15,3,0,10706.5,3505.3,3865.1,2601.7,586.7,148.8,225,52,28.1,5,4,3,3,0,40
49,ROUND OF 16,SPAIN,UEFA,SWITZERLAND,5?€1,WIN,6,4_3_3,FW,STARTING,32,26,81,0,8,4,7,4,57,4,2,2,3,0,54,1,8,4,1,20,20,11,1,1,3,1,4,17,1,0,1,0,11,15,5,4,1,9325.6,3107.3,3101.7,2266.1,60.24,247.1,199,57,30.3,5,4,3,3,100,50
49,ROUND OF 16,SPAIN,UEFA,SWITZERLAND,5?€1,WIN,6,4_3_3,GK,STARTING,21,20,95,0,0,0,2,2,100,0,0,0,0,0,0,0,0,0,0,0,0,0,0,0,0,0,0,0,0,0,0,0,2,0,0,4,0,4375.9,3413.2,824,119.9,19.3,0,14,2,21.1,5,4,3,3,0,0
49,ROUND OF 16,SPAIN,UEFA,SWITZERLAND,5?€1,WIN,6,4_3_3,GK,Substitutions,0,0,0,0,0,0,0,0,0,0,0,0,0,0,0,0,0,0,0,0,0,0,0,0,0,0,0,0,0,0,0,0,0,0,0,0,0,0,0,0,0,0,0,0,0,0,5,4,3,3,0,0
49,ROUND OF 16,SPAIN,UEFA,SWITZERLAND,5?€1,WIN,6,4_3_3,DF,Substitutions,0,0,0,0,0,0,0,0,0,0,0,0,0,0,0,0,0,0,0,0,0,0,0,0,0,0,0,0,0,0,0,0,0,0,0,0,0,0,0,0,0,0,0,0,0,0,5,4,3,3,0,0
49,ROUND OF 16,SPAIN,UEFA,SWITZERLAND,5?€1,WIN,6,4_3_3,MF,Substitutions,5,5,100,0,2,0,0,0,0,0,0,0,0,0,6,2,1,0,0,3,0,1,5,0,1,1,4,0,0,0,1,1,0,2,0,1,4,2177.9,554.1,874.7,514.6,173.6,61,46,14,28.1,5,4,3,3,0,0
49,ROUND OF 16,SPAIN,UEFA,SWITZERLAND,5?€1,WIN,6,4_3_3,FW,Substitutions,0,0,0,0,0,0,0,0,0,0,0,0,0,0,0,0,0,0,0,0,0,0,0,0,0,0,0,0,0,0,0,0,0,0,0,0,0,0,0,0,0,0,0,0,0,0,5,4,3,3,0,0
49,ROUND OF 16,SPAIN,UEFA,SWITZERLAND,5?€1,WIN,6,4_3_3,MF,Substitutions,12,12,100,0,0,0,4,3,75,1,1,0,0,0,15,2,5,1,2,4,1,10,1,0,0,0,1,1,0,0,0,0,2,1,1,0,0,1857.5,479,895.9,413.7,68.7,0,39,6,26.4,5,4,3,3,0,0
49,ROUND OF 16,SPAIN,UEFA,SWITZERLAND,5?€1,WIN,6,4_3_3,GK,Substitutions,0,0,0,0,0,0,0,0,0,0,0,0,0,0,0,0,0,0,0,0,0,0,0,0,0,0,0,0,0,0,0,0,0,0,0,0,0,0,0,0,0,0,0,0,0,0,5,4,3,3,0,0
49,ROUND OF 16,SPAIN,UEFA,SWITZERLAND,5?€1,WIN,6,4_3_3,FW,Substitutions,4,4,100,0,2,0,2,1,50,0,0,0,1,0,16,1,0,0,0,12,3,2,2,0,0,0,2,1,0,0,1,0,2,3,2,1,0,3151.3,1195.9,1018.8,593.7,283,60.2,54,19,27.4,5,4,3,3,0,0
49,ROUND OF 16,SPAIN,UEFA,SWITZERLAND,5?€1,WIN,6,4_3_3,MF,Substitutions,9,8,89,0,0,0,2,1,50,0,0,0,0,0,18,14,3,0,0,0,1,5,1,0,2,0,2,4,0,0,0,0,1,18,3,1,2,3402.6,1072.2,1236.2,938.8,155.5,0,68,11,24,5,4,3,3,0,0
49,ROUND OF 16,SPAIN,UEFA,SWITZERLAND,5?€1,WIN,6,4_3_3,DF,Substitutions,0,0,0,0,0,0,0,0,0,0,0,0,0,0,0,0,0,0,0,0,0,0,0,0,0,0,0,0,0,0,0,0,0,0,0,0,0,0,0,0,0,0,0,0,0,0,5,4,3,3,0,0
49,ROUND OF 16,SPAIN,UEFA,SWITZERLAND,5?€1,WIN,6,4_3_3,DF,Substitutions,0,0,0,0,0,0,0,0,0,0,0,0,0,0,0,0,0,0,0,0,0,0,0,0,0,0,0,0,0,0,0,0,0,0,0,0,0,0,0,0,0,0,0,0,0,0,5,4,3,3,0,0
49,ROUND OF 16,SPAIN,UEFA,SWITZERLAND,5?€1,WIN,6,4_3_3,MF,Substitutions,0,0,0,0,0,0,0,0,0,0,0,0,0,0,0,0,0,0,0,0,0,0,0,0,0,0,0,0,0,0,0,0,0,0,0,0,0,0,0,0,0,0,0,0,0,0,5,4,3,3,0,0
49,ROUND OF 16,SPAIN,UEFA,SWITZERLAND,5?€1,WIN,6,4_3_3,FW,Substitutions,5,3,60,0,0,0,1,1,100,0,0,0,0,0,7,1,0,0,0,3,3,2,0,1,0,0,2,0,0,0,0,0,0,2,0,0,0,1169.9,306.9,489.2,276.8,90.3,6.7,28,8,23.7,5,4,3,3,0,0
52,ROUND OF 16,SWEDEN,UEFA,USA,0?€0,WIN,3,4_2_3_1,GK,STARTING,38,21,0.55,0,0,0,23,9,39%,0,0,0,0,0,3,0,0,0,0,0,3,0,0,0,0,0,0,0,0,0,0,0,6,0,0,12,0,6417.4,4879.2,1194.3,337.6,7.1,0,47,1,23,0,4,5,1,0,0
52,ROUND OF 16,SWEDEN,UEFA,USA,0?€0,WIN,3,4_2_3_1,DF,STARTING,51,39,0.76,0,5,1,18,12,66%,3,1,2,0,0,8,3,0,0,0,4,1,2,7,1,5,1,9,19,3,0,4,11,8,19,7,5,12,13568.2,4142.4,5096.2,3283.5,839.9,204.9,275,64,26.8,0,4,5,1,14.28571429,20
52,ROUND OF 16,SWEDEN,UEFA,USA,0?€0,WIN,3,4_2_3_1,DF,STARTING,37,30,0.81,1,0,0,10,7,70%,0,0,0,0,0,18,2,0,0,0,0,16,7,1,1,3,1,2,9,2,0,2,15,7,5,2,6,11,12094.1,4534.1,4597,2377.7,482.6,104,211,41,26,0,4,5,1,100,0
52,ROUND OF 16,SWEDEN,UEFA,USA,0?€0,WIN,3,4_2_3_1,MF,STARTING,15,12,0.8,1,4,1,6,3,50%,1,0,1,0,0,44,9,21,3,2,6,3,12,7,2,0,0,14,47,0,1,3,0,3,39,28,2,0,9190,3272.5,3588.7,1808.6,461.3,59.7,155,38,26,0,4,5,1,28.57142857,25
52,ROUND OF 16,SWEDEN,UEFA,USA,0?€0,WIN,3,4_2_3_1,FW,STARTING,18,16,0.89,0,0,0,0,0,0%,0,0,0,3,0,11,2,1,1,0,7,0,4,1,0,1,1,4,11,3,0,3,3,0,23,9,1,2,11504.2,4683.3,4040.3,2076.5,483.2,222,165,49,28.5,0,4,5,1,0,0
52,ROUND OF 16,SWEDEN,UEFA,USA,0?€0,WIN,3,4_2_3_1,DF,STARTING,46,44,0.96,0,0,0,6,6,100%,0,0,0,0,0,2,0,0,0,0,0,2,0,2,2,6,1,3,5,1,0,1,14,4,8,0,11,10,12685.8,4410.8,5154.2,2453.4,504.9,163.6,222,46,31.5,0,4,5,1,100,0
52,ROUND OF 16,SWEDEN,UEFA,USA,0?€0,WIN,3,4_2_3_1,DF,STARTING,74,59,80%,0,0,0,26,20,76%,3,0,3,0,0,14,6,0,0,0,1,7,7,2,2,1,0,10,11,0,0,1,9,10,12,5,6,5,12605.3,4696.7,4565.6,2592.9,601.3,148.7,212,44,29.2,0,4,5,1,100,0
52,ROUND OF 16,SWEDEN,UEFA,USA,0?€0,WIN,3,4_2_3_1,MF,STARTING,34,20,59%,0,0,0,19,8,42%,3,3,1,2,0,50,29,13,2,2,1,3,21,10,3,5,0,20,28,0,0,1,4,5,51,26,7,6,11928.5,2898.6,4983.7,3289.9,633.4,124.1,243,49,29,0,4,5,1,30,0
52,ROUND OF 16,SWEDEN,UEFA,USA,0?€0,WIN,3,4_2_3_1,MF,STARTING,39,27,69%,0,2,0,9,4,44%,1,0,1,0,0,28,4,7,1,4,8,4,11,8,2,3,0,11,62,4,1,5,2,8,47,37,4,4,13951.1,5094.9,4792.2,3143.2,679.4,241.4,264,53,29.1,0,4,5,1,25,0
52,ROUND OF 16,SWEDEN,UEFA,USA,0?€0,WIN,3,4_2_3_1,MF,STARTING,21,17,81%,1,2,0,3,1,33%,3,3,0,0,0,39,2,6,0,3,20,8,9,1,0,0,0,2,26,1,0,1,1,8,23,9,0,0,8953.6,3340.6,2660.1,2062.9,597.2,291.9,182,59,29.3,0,4,5,1,0,0
52,ROUND OF 16,SWEDEN,UEFA,USA,0?€0,WIN,3,4_2_3_1,MF,STARTING,38,28,74%,0,1,0,12,7,58%,0,0,0,2,0,54,33,16,0,0,1,4,15,6,0,9,1,13,29,2,0,3,11,14,21,11,5,12,13703.2,4730.3,5016.7,3028.4,822.2,105.5,255,59,27.9,0,4,5,1,0,0
52,ROUND OF 16,SWEDEN,UEFA,USA,0?€0,WIN,3,4_2_3_1,DF,Substitutions,0,0,0,0,0,0,0,0,0,0,0,0,0,0,0,0,0,0,0,0,0,0,0,0,0,0,0,0,0,0,0,0,0,0,0,0,0,0,0,0,0,0,0,0,0,0,0,4,5,1,0,0
52,ROUND OF 16,SWEDEN,UEFA,USA,0?€0,WIN,3,4_2_3_1,DF,Substitutions,0,0,0,0,0,0,0,0,0,0,0,0,0,0,0,0,0,0,0,0,0,0,0,0,0,0,0,0,0,0,0,0,0,0,0,0,0,0,0,0,0,0,0,0,0,0,0,4,5,1,0,0
52,ROUND OF 16,SWEDEN,UEFA,USA,0?€0,WIN,3,4_2_3_1,DF,Substitutions,0,0,0,0,0,0,0,0,0,0,0,0,0,0,0,0,0,0,0,0,0,0,0,0,0,0,0,0,0,0,0,0,0,0,0,0,0,0,0,0,0,0,0,0,0,0,0,4,5,1,0,0
52,ROUND OF 16,SWEDEN,UEFA,USA,0?€0,WIN,3,4_2_3_1,FW,Substitutions,0,0,0,0,0,0,0,0,0,0,0,0,0,0,0,0,0,0,0,0,0,0,0,0,0,0,0,0,0,0,0,0,0,0,0,0,0,0,0,0,0,0,0,0,0,0,0,4,5,1,0,0
52,ROUND OF 16,SWEDEN,UEFA,USA,0?€0,WIN,3,4_2_3_1,FW,Substitutions,5,4,0.8,0,0,0,1,0,0,1,1,0,0,0,11,2,3,1,2,2,1,3,2,0,3,0,6,13,4,0,5,1,1,12,5,2,3,5194,1463.1,1643.9,1635.6,415,36.4,116,27,26.8,0,4,5,1,0,0
52,ROUND OF 16,SWEDEN,UEFA,USA,0?€0,WIN,3,4_2_3_1,FW,Substitutions,8,5,0.62,0,2,0,3,2,66,0,0,0,1,0,14,1,0,0,0,9,4,4,4,1,2,1,4,10,0,0,0,1,3,8,5,2,2,4609.3,1749.2,1287.4,1120.1,315.7,136.9,100,33,28.7,0,4,5,1,25,0
52,ROUND OF 16,SWEDEN,UEFA,USA,0?€0,WIN,3,4_2_3_1,GK,Substitutions,0,0,0,0,0,0,0,0,0,0,0,0,0,0,0,0,0,0,0,0,0,0,0,0,0,0,0,0,0,0,0,0,0,0,0,0,0,0,0,0,0,0,0,0,0,0,0,4,5,1,0,0
52,ROUND OF 16,SWEDEN,UEFA,USA,0?€0,WIN,3,4_2_3_1,FW,Substitutions,0,0,0,0,0,0,0,0,0,0,0,0,0,0,0,0,0,0,0,0,0,0,1,0,0,0,2,1,0,0,0,0,0,3,2,0,0,931.2,428.1,204.2,170.2,63.5,65.2,19,9,27.1,0,4,5,1,0,0
52,ROUND OF 16,SWEDEN,UEFA,USA,0?€0,WIN,3,4_2_3_1,MF,Substitutions,0,0,0,0,0,0,0,0,0,0,0,0,0,0,0,0,0,0,0,0,0,0,0,0,0,0,0,0,0,0,0,0,0,0,0,0,0,0,0,0,0,0,0,0,0,0,0,4,5,1,0,0
52,ROUND OF 16,SWEDEN,UEFA,USA,0?€0,WIN,3,4_2_3_1,MF,Substitutions,7,4,0.57,0,0,0,2,1,0.5,0,0,0,0,0,14,6,5,0,1,0,2,3,2,0,0,0,2,2,0,0,1,1,2,9,2,0,1,2841.6,810.1,1069.6,773.2,140.1,48.6,62,12,26.2,0,4,5,1,0,0
52,ROUND OF 16,SWEDEN,UEFA,USA,0?€0,WIN,3,4_2_3_1,GK,Substitutions,0,0,0,0,0,0,0,0,0,0,0,0,0,0,0,0,0,0,0,0,0,0,0,0,0,0,0,0,0,0,0,0,0,0,0,0,0,0,0,0,0,0,0,0,0,0,0,4,5,1,0,0
52,ROUND OF 16,SWEDEN,UEFA,USA,0?€0,WIN,3,4_2_3_1,MF,Substitutions,0,0,0,0,0,0,0,0,0,0,0,0,0,0,0,0,0,0,0,0,0,0,0,0,0,0,0,0,0,0,0,0,0,0,0,0,0,0,0,0,0,0,0,0,0,0,0,4,5,1,0,0
49,ROUND OF 16,SWITZERLAND,UEFA,SPAIN,1?€5,LOSE,20,4_3_3,GK,STARTING,36,28,78,0,0,0,11,6,54,0,0,0,0,0,12,0,0,0,0,0,12,4,0,0,0,0,0,0,0,0,0,0,2,0,0,5,0,4258.6,2921.8,1182.2,133.3,21.3,0,22,2,22.2,1,4,3,3,0,0
49,ROUND OF 16,SWITZERLAND,UEFA,SPAIN,1?€5,LOSE,20,4_3_3,DF,STARTING,28,19,68,0,0,0,12,3,25,0,0,0,0,0,19,3,0,0,0,0,16,7,2,0,4,1,7,9,1,0,1,8,2,15,4,4,9,9434.3,3237.9,4089.8,1832.1,217,57.5,157,21,25.3,1,4,3,3,0,0
49,ROUND OF 16,SWITZERLAND,UEFA,SPAIN,1?€5,LOSE,20,4_3_3,DF,STARTING,37,32,86,0,0,0,13,9,69,1,0,1,0,0,33,10,1,0,0,0,22,16,3,1,8,0,4,9,0,0,0,4,5,13,4,6,6,9005.3,3041.1,4058.7,1627.3,232.3,45.9,144,20,26.7,1,4,3,3,33.33333333,0
49,ROUND OF 16,SWITZERLAND,UEFA,SPAIN,1?€5,LOSE,20,4_3_3,MF,STARTING,15,9,60,0,1,0,4,1,25,0,0,0,0,0,14,2,4,1,3,3,1,6,1,0,2,0,2,20,1,0,1,1,5,16,8,2,2,5471,1572.4,2470.7,1138.5,223.8,65.7,98,21,28.8,1,4,3,3,0,0
49,ROUND OF 16,SWITZERLAND,UEFA,SPAIN,1?€5,LOSE,20,4_3_3,DF,STARTING,24,16,67,0,0,0,9,3,33,0,0,0,0,0,37,7,1,1,0,6,22,6,5,0,7,0,8,31,0,0,0,7,3,40,25,2,10,9264.9,2891.6,3784.7,1964.2,397.5,227,184,43,29.2,1,4,3,3,0,0
49,ROUND OF 16,SWITZERLAND,UEFA,SPAIN,1?€5,LOSE,20,4_3_3,FW,STARTING,27,16,59,0,0,0,4,3,75,2,2,0,0,0,46,8,16,2,3,14,3,7,3,1,2,1,8,32,2,0,2,2,10,34,16,4,2,10802.6,3871.7,3608.1,2776,647.1,200.9,208,55,29.1,1,4,3,3,33.33333333,0
49,ROUND OF 16,SWITZERLAND,UEFA,SPAIN,1?€5,LOSE,20,4_3_3,FW,STARTING,26,20,77,0,3,1,5,4,80,4,3,1,0,0,56,5,30,4,4,10,3,21,3,1,1,0,3,29,0,0,0,0,5,32,12,1,1,8886.1,3730.4,3033.7,1675.9,375.9,70.2,157,36,26.5,1,4,3,3,33.33333333,33.33333333
49,ROUND OF 16,SWITZERLAND,UEFA,SPAIN,1?€5,LOSE,20,4_3_3,MF,STARTING,10,4,40,0,0,0,3,1,33,0,0,0,0,0,12,2,2,0,0,4,4,2,4,0,0,0,7,20,2,0,3,1,2,33,13,1,2,6141.5,1615.8,2448.6,1854.7,213.1,9.8,128,17,28,1,4,3,3,0,0
49,ROUND OF 16,SWITZERLAND,UEFA,SPAIN,1?€5,LOSE,20,4_3_3,MF,STARTING,45,38,84,0,0,0,12,7,58,1,0,1,0,0,44,30,12,0,1,0,1,15,4,1,3,1,6,26,2,0,4,2,12,15,7,5,4,11426.7,3177.8,4724.9,2973.2,390.8,160,238,38,30.5,1,4,3,3,25,0
49,ROUND OF 16,SWITZERLAND,UEFA,SPAIN,1?€5,LOSE,20,4_3_3,FW,STARTING,17,10,59,0,0,0,2,1,50,0,0,0,0,0,20,1,5,1,1,10,2,5,3,3,1,0,4,28,0,0,1,2,5,15,10,5,1,8586.4,3050.7,3217.3,1720.7,408.7,188.9,143,37,28.1,1,4,3,3,100,0
49,ROUND OF 16,SWITZERLAND,UEFA,SPAIN,1?€5,LOSE,20,4_3_3,DF,STARTING,15,11,73,0,0,0,6,5,83,1,1,0,0,0,1,1,0,0,0,0,0,0,3,2,2,0,4,8,0,0,0,6,1,13,7,4,7,5339.7,1774.9,2158.8,1073.8,254.7,77.4,108,27,28.2,1,4,3,3,66.66666667,0
49,ROUND OF 16,SWITZERLAND,UEFA,SPAIN,1?€5,LOSE,20,4_3_3,DF,Substitutions,4,3,75,0,0,0,3,2,66,0,0,0,0,0,8,3,0,0,0,1,4,2,1,0,0,0,1,4,0,0,0,1,0,6,3,0,0,1200.4,338.8,424.6,310.5,75.5,50.9,30,7,28.2,1,4,3,3,0,0
49,ROUND OF 16,SWITZERLAND,UEFA,SPAIN,1?€5,LOSE,20,4_3_3,DF,Substitutions,0,0,0,0,0,0,0,0,0,0,0,0,0,0,0,0,0,0,0,0,0,0,0,0,0,0,0,0,0,0,0,0,0,0,0,0,0,0,0,0,0,0,0,0,0,0,1,4,3,3,0,0
49,ROUND OF 16,SWITZERLAND,UEFA,SPAIN,1?€5,LOSE,20,4_3_3,MF,Substitutions,0,0,0,0,0,0,0,0,0,0,0,0,0,0,0,0,0,0,0,0,0,0,0,0,0,0,0,0,0,0,0,0,0,0,0,0,0,0,0,0,0,0,0,0,0,0,1,4,3,3,0,0
49,ROUND OF 16,SWITZERLAND,UEFA,SPAIN,1?€5,LOSE,20,4_3_3,GK,Substitutions,0,0,0,0,0,0,0,0,0,0,0,0,0,0,0,0,0,0,0,0,0,0,0,0,0,0,0,0,0,0,0,0,0,0,0,0,0,0,0,0,0,0,0,0,0,0,1,4,3,3,0,0
49,ROUND OF 16,SWITZERLAND,UEFA,SPAIN,1?€5,LOSE,20,4_3_3,DF,Substitutions,0,0,0,0,0,0,0,0,0,0,0,0,0,0,0,0,0,0,0,0,0,0,0,0,0,0,0,0,0,0,0,0,0,0,0,0,0,0,0,0,0,0,0,0,0,0,1,4,3,3,0,0
49,ROUND OF 16,SWITZERLAND,UEFA,SPAIN,1?€5,LOSE,20,4_3_3,DF,Substitutions,0,0,0,0,0,0,0,0,0,0,0,0,0,0,0,0,0,0,0,0,0,0,0,0,0,0,0,0,0,0,0,0,0,0,0,0,0,0,0,0,0,0,0,0,0,0,1,4,3,3,0,0
49,ROUND OF 16,SWITZERLAND,UEFA,SPAIN,1?€5,LOSE,20,4_3_3,MF,Substitutions,7,4,57,0,0,0,1,1,100,0,0,0,0,0,16,0,3,1,4,6,2,3,0,0,3,0,1,28,0,0,0,1,4,18,12,3,1,5160,1685.1,2146.4,978,319.5,31.5,84,23,25.1,1,4,3,3,0,0
49,ROUND OF 16,SWITZERLAND,UEFA,SPAIN,1?€5,LOSE,20,4_3_3,DF,Substitutions,20,14,70,0,0,0,5,3,60,1,1,0,0,0,1,0,0,0,0,1,0,0,3,2,6,1,6,4,0,0,0,2,6,17,5,6,4,5119.9,1893.8,1804.7,1023.5,327.7,70.1,95,26,28,1,4,3,3,66.66666667,0
49,ROUND OF 16,SWITZERLAND,UEFA,SPAIN,1?€5,LOSE,20,4_3_3,FW,Substitutions,0,0,0,0,0,0,0,0,0,0,0,0,1,0,1,0,0,0,0,1,0,1,2,0,0,0,2,13,0,0,0,0,0,5,3,0,0,2180.6,730.5,600.1,686.9,148.3,14.6,52,12,25.5,1,4,3,3,0,0
49,ROUND OF 16,SWITZERLAND,UEFA,SPAIN,1?€5,LOSE,20,4_3_3,GK,Substitutions,0,0,0,0,0,0,0,0,0,0,0,0,0,0,0,0,0,0,0,0,0,0,0,0,0,0,0,0,0,0,0,0,0,0,0,0,0,0,0,0,0,0,0,0,0,0,1,4,3,3,0,0
49,ROUND OF 16,SWITZERLAND,UEFA,SPAIN,1?€5,LOSE,20,4_3_3,FW,Substitutions,6,5,83,0,1,0,4,3,75,1,1,0,1,0,27,1,2,3,2,12,7,5,4,0,1,0,13,20,0,1,1,1,3,22,14,0,2,4777.2,1847.8,1506.7,953,333,136.6,92,30,27.7,1,4,3,3,0,0
49,ROUND OF 16,SWITZERLAND,UEFA,SPAIN,1?€5,LOSE,20,4_3_3,FW,Substitutions,0,0,0,0,0,0,0,0,0,0,0,0,0,0,0,0,0,0,0,0,0,0,0,0,0,0,0,0,0,0,0,0,0,0,0,0,0,0,0,0,0,0,0,0,0,0,1,4,3,3,0,0
52,ROUND OF 16,USA,CONCACAF,SWEDEN,0?€0,LOSE,1,4_2_3_1,GK,STARTING,22,18,0.83,0,0,0,7,4,0.57,0,0,0,0,0,15,0,0,0,0,0,15,5,0,0,0,0,0,0,0,0,0,0,1,0,0,7,0,5643.5,4625.4,697.5,265.2,54.7,0,30,3,22.2,0,4,5,1,0,0
52,ROUND OF 16,USA,CONCACAF,SWEDEN,0?€0,LOSE,1,4_2_3_1,DF,STARTING,96,75,0.78,3,1,0,53,36,0.67,3,0,3,0,0,22,5,0,0,0,0,17,15,3,0,0,2,3,2,1,0,1,6,13,6,1,2,6,11707.6,4191.3,4795.4,2318.1,329,72.6,199,30,26.6,0,4,5,1,0,0
52,ROUND OF 16,USA,CONCACAF,SWEDEN,0?€0,LOSE,1,4_2_3_1,DF,STARTING,53,47,0.89,1,1,0,10,5,0.5,0,0,0,1,0,27,1,1,0,0,1,24,16,1,1,5,1,0,5,3,0,3,13,6,6,1,6,13,11511.8,4436.6,4572.5,2060.6,361.5,80.6,194,36,27.7,0,4,5,1,100,0
52,ROUND OF 16,USA,CONCACAF,SWEDEN,0?€0,LOSE,1,4_2_3_1,MF,STARTING,59,37,0.63,1,2,1,18,11,0.61,0,0,0,4,0,72,14,24,2,9,11,12,25,2,2,4,0,2,29,8,0,9,4,8,24,10,12,1,14117.8,4311.6,5699.3,3041,927.5,138.4,262,63,27,0,4,5,1,100,50
52,ROUND OF 16,USA,CONCACAF,SWEDEN,0?€0,LOSE,1,4_2_3_1,MF,STARTING,25,18,0.72,0,7,0,11,4,0.36,6,2,4,4,0,32,1,8,7,1,15,0,9,2,1,2,1,1,15,0,0,3,2,9,13,4,6,2,13197.1,4564.9,4229.7,3122.4,897.4,382.7,260,79,30.1,0,4,5,1,50,0
52,ROUND OF 16,USA,CONCACAF,SWEDEN,0?€0,LOSE,1,4_2_3_1,FW,STARTING,21,14,0.67,1,1,0,5,4,0.8,1,1,0,3,0,52,1,12,0,1,38,0,8,3,0,1,0,3,13,8,0,8,2,5,12,3,1,3,10088.7,3506.8,3957.8,1909.8,548.8,164.4,173,47,27.8,0,4,5,1,0,0
52,ROUND OF 16,USA,CONCACAF,SWEDEN,0?€0,LOSE,1,4_2_3_1,MF,STARTING,60,56,0.93,1,0,0,13,12,0.92,1,0,1,1,0,69,36,20,1,0,3,9,21,2,1,3,3,6,16,1,0,3,6,13,9,1,5,7,13734.5,4445.9,5360.6,3348.5,479.3,100.3,278,39,27.1,0,4,5,1,50,0
52,ROUND OF 16,USA,CONCACAF,SWEDEN,0?€0,LOSE,1,4_2_3_1,MF,STARTING,52,44,0.85,1,6,2,19,14,0.73,2,2,0,2,0,33,10,18,0,2,0,3,18,9,3,0,1,13,8,2,0,2,6,14,11,5,6,7,13607.6,4240.1,5572.3,3276.7,499.4,20.4,271,41,24.5,0,4,5,1,33.33333333,33.33333333
52,ROUND OF 16,USA,CONCACAF,SWEDEN,0?€0,LOSE,1,4_2_3_1,DF,STARTING,50,45,0.9,0,0,0,15,14,0.86,1,0,1,0,0,20,3,1,0,0,11,5,3,6,1,5,0,7,26,1,0,2,4,9,29,14,3,6,12367.3,4578.4,4783.7,2210,635.7,158.3,204,57,29.5,0,4,5,1,16.66666667,0
52,ROUND OF 16,USA,CONCACAF,SWEDEN,0?€0,LOSE,1,4_2_3_1,FW,STARTING,22,20,0.91,0,6,2,4,3,0.75,3,2,1,3,0,27,1,2,0,2,17,5,6,2,1,2,0,3,6,1,0,1,2,10,9,4,2,3,7367.8,2491.1,2600.8,1606.2,392,277,127,41,29.3,0,4,5,1,50,33.33333333
52,ROUND OF 16,USA,CONCACAF,SWEDEN,0?€0,LOSE,1,4_2_3_1,DF,STARTING,99,79,0.8,0,6,2,29,19,0.65,4,0,4,0,0,68,26,3,1,1,3,34,31,2,2,3,1,6,5,1,0,1,3,14,9,3,9,2,13674.6,4031.3,5614.8,2989.3,754.8,283.1,247,64,29.4,0,4,5,1,100,33.33333333
52,ROUND OF 16,USA,CONCACAF,SWEDEN,0?€0,LOSE,1,4_2_3_1,MF,Substitutions,0,0,0,0,0,0,0,0,0,0,0,0,0,0,0,0,0,0,0,0,0,0,0,0,0,0,0,0,0,0,0,0,0,0,0,0,0,0,0,0,0,0,0,0,0,0,0,4,5,1,0,0
52,ROUND OF 16,USA,CONCACAF,SWEDEN,0?€0,LOSE,1,4_2_3_1,DF,Substitutions,0,0,0,0,0,0,0,0,0,0,0,0,0,0,0,0,0,0,0,0,0,0,0,0,0,0,0,0,0,0,0,0,0,0,0,0,0,0,0,0,0,0,0,0,0,0,0,4,5,1,0,0
52,ROUND OF 16,USA,CONCACAF,SWEDEN,0?€0,LOSE,1,4_2_3_1,DF,Substitutions,2,0,0,0,0,0,2,1,0.5,0,0,0,0,0,0,0,0,0,0,0,0,0,0,0,0,0,0,0,0,0,0,1,0,0,0,0,1,200.2,72.3,49.6,72.8,5.5,0,5,1,20.1,0,4,5,1,0,0
52,ROUND OF 16,USA,CONCACAF,SWEDEN,0?€0,LOSE,1,4_2_3_1,FW,Substitutions,14,10,0.71,1,5,2,6,3,0.5,2,1,1,3,0,24,1,0,0,0,18,5,8,2,1,2,0,5,6,3,0,4,2,4,10,6,3,1,6452,2309.2,1976.2,1431,365.8,369.7,126,40,33,0,4,5,1,50,40
52,ROUND OF 16,USA,CONCACAF,SWEDEN,0?€0,LOSE,1,4_2_3_1,FW,Substitutions,0,0,0,0,0,0,0,0,0,0,0,0,0,0,0,0,0,0,0,0,0,0,0,0,0,0,0,0,0,0,0,0,0,0,0,0,0,0,0,0,0,0,0,0,0,0,0,4,5,1,0,0
52,ROUND OF 16,USA,CONCACAF,SWEDEN,0?€0,LOSE,1,4_2_3_1,MF,Substitutions,0,0,0,0,0,0,0,0,0,0,0,0,0,0,0,0,0,0,0,0,0,0,0,0,0,0,0,0,0,0,0,0,0,0,0,0,0,0,0,0,0,0,0,0,0,0,0,4,5,1,0,0
52,ROUND OF 16,USA,CONCACAF,SWEDEN,0?€0,LOSE,1,4_2_3_1,DF,Substitutions,0,0,0,0,0,0,0,0,0,0,0,0,0,0,0,0,0,0,0,0,0,0,0,0,0,0,0,0,0,0,0,0,0,0,0,0,0,0,0,0,0,0,0,0,0,0,0,4,5,1,0,0
52,ROUND OF 16,USA,CONCACAF,SWEDEN,0?€0,LOSE,1,4_2_3_1,FW,Substitutions,13,7,0.54,2,4,0,7,3,0.42,0,0,0,0,0,15,3,1,1,0,8,2,5,1,0,0,0,2,2,0,0,1,0,2,2,1,1,0,2732.8,897.2,932.2,651,208.2,44.3,51,14,25,0,4,5,1,0,0
52,ROUND OF 16,USA,CONCACAF,SWEDEN,0?€0,LOSE,1,4_2_3_1,GK,Substitutions,0,0,0,0,0,0,0,0,0,0,0,0,0,0,0,0,0,0,0,0,0,0,0,0,0,0,0,0,0,0,0,0,0,0,0,0,0,0,0,0,0,0,0,0,0,0,0,4,5,1,0,0
52,ROUND OF 16,USA,CONCACAF,SWEDEN,0?€0,LOSE,1,4_2_3_1,GK,Substitutions,0,0,0,0,0,0,0,0,0,0,0,0,0,0,0,0,0,0,0,0,0,0,0,0,0,0,0,0,0,0,0,0,0,0,0,0,0,0,0,0,0,0,0,0,0,0,0,4,5,1,0,0
59,Quarter-final,AUSTRALIA,AFC,FRANCE,0?€0,WIN,10,4_4_2,DF,STARTING,62,50,81,1,13,3,25,19,76,2,1,1,0,0,23,8,1,0,1,7,6,10,1,0,6,0,4,9,1,1,2,15,9,19,8,3,14,12922.2,4503.4,4383.2,3060,578.9,396.7,223,49,30,0,4,4,2,0,23.07692308
59,Quarter-final,AUSTRALIA,AFC,FRANCE,0?€0,WIN,10,4_4_2,MF,STARTING,27,16,59,0,2,1,8,6,75,4,3,1,0,0,69,2,4,3,2,22,36,17,2,1,1,3,10,33,0,0,2,3,5,29,20,6,2,13523.1,4696.6,4600.6,2954.8,814.1,455.7,234,65,30.1,0,4,4,2,50,50
59,Quarter-final,AUSTRALIA,AFC,FRANCE,0?€0,WIN,10,4_4_2,FW,STARTING,19,7,37,0,1,0,6,2,33,1,1,0,0,0,21,1,6,0,1,13,0,10,1,0,2,0,1,10,1,0,2,1,6,9,4,2,0,6136.6,18882.1,2101.8,1783.3,275.5,94.5,137,22,27.3,0,4,4,2,0,0
59,Quarter-final,AUSTRALIA,AFC,FRANCE,0?€0,WIN,10,4_4_2,FW,STARTING,27,18,67,0,0,0,7,5,71,4,2,2,7,0,43,9,18,2,6,5,3,13,0,0,3,1,1,15,2,0,3,0,14,6,2,4,1,14623,4976.2,5293.5,3369.1,780.9,204.7,251,50,28.9,0,4,4,2,0,0
59,Quarter-final,AUSTRALIA,AFC,FRANCE,0?€0,WIN,10,4_4_2,DF,STARTING,61,53,87,0,0,0,19,12,63,0,0,0,3,0,12,0,1,0,0,1,10,7,0,0,6,0,2,4,8,0,8,19,5,3,1,5,15,11669.1,4755.1,3986.2,2476.2,262.6,187.9,198,26,29.1,0,4,4,2,0,0
59,Quarter-final,AUSTRALIA,AFC,FRANCE,0?€0,WIN,10,4_4_2,DF,STARTING,52,47,90,0,0,0,7,4,57,0,0,0,1,0,6,0,0,0,0,0,6,3,2,1,5,0,1,3,4,0,5,7,12,2,0,9,7,11183.8,4835.9,3870.7,2029.9,325.4,121.9,171,27,27.1,0,4,4,2,50,0
59,Quarter-final,AUSTRALIA,AFC,FRANCE,0?€0,WIN,10,4_4_2,MF,STARTING,18,10,56,1,4,2,4,1,25,0,0,0,1,0,32,0,4,2,2,7,17,7,4,0,1,0,5,14,1,0,2,2,3,12,7,4,2,11385.9,3985.1,3142.5,3185.8,694.5,376.9,223,60,29.8,0,4,4,2,0,50
59,Quarter-final,AUSTRALIA,AFC,FRANCE,0?€0,WIN,10,4_4_2,GK,STARTING,35,19,54,0,0,0,17,7,41,0,0,0,0,0,12,0,0,0,0,0,12,6,0,0,0,0,0,0,0,0,0,0,1,0,0,7,0,6091.6,4710.6,1242.1,138.3,0,0,22,0,22,0,4,4,2,0,0
59,Quarter-final,AUSTRALIA,AFC,FRANCE,0?€0,WIN,10,4_4_2,MF,STARTING,45,34,76,1,3,1,19,11,57,2,0,2,1,0,65,24,21,1,4,4,11,14,15,3,2,1,13,21,0,0,0,4,14,38,11,4,8,13845.1,4696.3,4351.5,3588.6,794.7,414,263,62,31,0,4,4,2,20,33.33333333
59,Quarter-final,AUSTRALIA,AFC,FRANCE,0?€0,WIN,10,4_4_2,DF,STARTING,63,43,68,0,4,0,37,25,67,0,0,0,1,0,41,6,2,0,0,9,24,16,3,0,0,1,4,13,0,0,0,5,12,20,9,3,2,12315.3,4698.3,4039.4,2516.3,722.9,438.4,203,58,29.5,0,4,4,2,0,0
59,Quarter-final,AUSTRALIA,AFC,FRANCE,0?€0,WIN,10,4_4_2,MF,STARTING,31,23,74,1,1,0,10,8,80,3,1,2,0,0,39,0,2,0,1,18,0,2,3,0,3,0,6,15,3,0,3,2,6,16,5,3,2,11947.5,3924.8,4661.9,2793.3,475.5,90.8,202,38,28.3,0,4,4,2,0,0
59,Quarter-final,AUSTRALIA,AFC,FRANCE,0?€0,WIN,10,4_4_2,GK,Substitutions,0,0,0,0,0,0,0,0,0,0,0,0,0,0,0,0,0,0,0,0,0,0,0,0,0,0,0,0,0,0,0,0,0,0,0,0,0,0,0,0,0,0,0,0,0,0,0,4,4,2,0,0
59,Quarter-final,AUSTRALIA,AFC,FRANCE,0?€0,WIN,10,4_4_2,DF,Substitutions,0,0,0,0,0,0,0,0,0,0,0,0,0,0,0,0,0,0,0,0,0,0,0,0,0,0,0,0,0,0,0,0,0,0,0,0,0,0,0,0,0,0,0,0,0,0,0,4,4,2,0,0
59,Quarter-final,AUSTRALIA,AFC,FRANCE,0?€0,WIN,10,4_4_2,DF,Substitutions,0,0,0,0,0,0,0,0,0,0,0,0,0,0,0,0,0,0,0,0,0,0,0,0,0,0,0,0,0,0,0,0,0,0,0,0,0,0,0,0,0,0,0,0,0,0,0,4,4,2,0,0
59,Quarter-final,AUSTRALIA,AFC,FRANCE,0?€0,WIN,10,4_4_2,DF,Substitutions,0,0,0,0,0,0,0,0,0,0,0,0,0,0,0,0,0,0,0,0,0,0,0,0,0,0,0,0,0,0,0,0,0,0,0,0,0,0,0,0,0,0,0,0,0,0,0,4,4,2,0,0
59,Quarter-final,AUSTRALIA,AFC,FRANCE,0?€0,WIN,10,4_4_2,FW,Substitutions,2,1,50,0,0,0,1,1,100,0,0,0,1,0,7,0,2,0,1,2,2,1,1,0,1,0,1,4,0,0,0,2,0,2,2,0,1,2796.9,1020.3,745.9,693.6,198,139.3,60,19,28.7,0,4,4,2,0,0
59,Quarter-final,AUSTRALIA,AFC,FRANCE,0?€0,WIN,10,4_4_2,MF,Substitutions,0,0,0,0,0,0,0,0,0,0,0,0,0,0,0,0,0,0,0,0,0,0,0,0,0,0,0,0,0,0,0,0,0,0,0,0,0,0,0,0,0,0,0,0,0,0,0,4,4,2,0,0
59,Quarter-final,AUSTRALIA,AFC,FRANCE,0?€0,WIN,10,4_4_2,MF,Substitutions,0,0,0,0,0,0,0,0,0,0,0,0,0,0,0,0,0,0,0,0,0,0,0,0,0,0,0,0,0,0,0,0,0,0,0,0,0,0,0,0,0,0,0,0,0,0,0,4,4,2,0,0
59,Quarter-final,AUSTRALIA,AFC,FRANCE,0?€0,WIN,10,4_4_2,GK,Substitutions,0,0,0,0,0,0,0,0,0,0,0,0,0,0,0,0,0,0,0,0,0,0,0,0,0,0,0,0,0,0,0,0,0,0,0,0,0,0,0,0,0,0,0,0,0,0,0,4,4,2,0,0
59,Quarter-final,AUSTRALIA,AFC,FRANCE,0?€0,WIN,10,4_4_2,MF,Substitutions,1,1,100,0,1,0,2,1,50,0,0,0,0,0,5,2,0,0,1,1,1,1,1,0,1,0,1,1,0,0,0,2,1,0,0,1,1,1422.3,470.4,461.4,279.5,116.8,94.2,25,9,28,0,4,4,2,0,0
59,Quarter-final,AUSTRALIA,AFC,FRANCE,0?€0,WIN,10,4_4_2,FW,Substitutions,0,0,0,0,0,0,0,0,0,0,0,0,0,0,0,0,0,0,0,0,0,0,0,0,0,0,0,0,0,0,0,0,0,0,0,0,0,0,0,0,0,0,0,0,0,0,0,4,4,2,0,0
59,Quarter-final,AUSTRALIA,AFC,FRANCE,0?€0,WIN,10,4_4_2,FW,Substitutions,20,12,60,1,1,1,4,1,25,1,1,0,1,0,21,0,2,0,1,18,0,2,0,0,0,0,0,4,4,0,4,2,2,2,0,2,0,6862.2,3416.7,1812.3,1209.8,254.6,168.1,99,24,28.9,0,4,4,2,0,100
59,Quarter-final,AUSTRALIA,AFC,FRANCE,0?€0,WIN,10,4_4_2,DF,Substitutions,0,0,0,0,0,0,0,0,0,0,0,0,0,0,0,0,0,0,0,0,0,0,0,0,0,0,0,0,0,0,0,0,0,0,0,0,0,0,0,0,0,0,0,0,0,0,0,4,4,2,0,0
60,Quarter-final,COLOMBIA,CONMEBOL,ENGLAND,1?€2,LOSE,25,4_2_3_1,GK,STARTING,11,3,27,0,0,0,5,1,20,0,0,0,0,0,4,0,0,0,0,0,4,0,0,0,0,0,0,0,0,0,0,0,1,0,0,4,0,2761.4,2320.2,377.8,63.5,0,0,0,0,20,1,4,5,1,0,0
60,Quarter-final,COLOMBIA,CONMEBOL,ENGLAND,1?€2,LOSE,25,4_2_3_1,DF,STARTING,42,30,71,1,2,0,20,13,65,0,0,0,1,0,74,24,11,0,0,5,34,21,8,1,4,1,9,18,3,0,3,8,6,43,16,6,7,9941,3875,3435.6,2010.1,463.3,158.1,173,47,31.9,1,4,5,1,12.5,0
60,Quarter-final,COLOMBIA,CONMEBOL,ENGLAND,1?€2,LOSE,25,4_2_3_1,DF,STARTING,17,13,76,1,0,0,3,3,100,0,0,0,0,0,13,0,1,0,0,0,12,6,9,3,3,2,10,8,3,0,3,11,3,12,4,9,11,9690.6,3764.8,3741.6,1709.4,323.7,151.2,148,36,28.3,1,4,5,1,33.33333333,0
60,Quarter-final,COLOMBIA,CONMEBOL,ENGLAND,1?€2,LOSE,25,4_2_3_1,MF,STARTING,20,18,90,0,0,0,2,2,100,0,0,0,1,0,6,2,2,0,0,1,1,2,3,0,2,0,3,30,0,0,1,1,8,22,9,2,1,8210.3,3070.7,2924.5,1864.6,272.6,78.8,158,28,28.9,1,4,5,1,0,0
60,Quarter-final,COLOMBIA,CONMEBOL,ENGLAND,1?€2,LOSE,25,4_2_3_1,MF,STARTING,27,20,74,0,0,0,14,9,64,0,0,0,2,0,10,1,5,0,1,0,3,5,8,5,2,3,9,26,2,0,5,3,9,30,14,9,4,9659.2,3482.2,3408.7,2288.3,375.7,104.3,185,39,30.9,1,4,5,1,62.5,0
60,Quarter-final,COLOMBIA,CONMEBOL,ENGLAND,1?€2,LOSE,25,4_2_3_1,FW,STARTING,19,16,84,0,1,0,2,0,0,2,1,1,2,0,32,0,9,1,3,16,3,8,1,0,2,0,5,24,1,1,3,0,11,12,7,2,1,9189.3,4005.6,3040.8,1465.7,412.6,264.7,126,42,29.8,1,4,5,1,0,0
60,Quarter-final,COLOMBIA,CONMEBOL,ENGLAND,1?€2,LOSE,25,4_2_3_1,MF,STARTING,52,42,81,0,4,0,15,10,66,1,1,0,2,1,61,8,29,3,4,10,7,22,6,2,2,0,6,34,1,0,2,1,8,15,6,6,1,11177.2,3471.6,4076.3,2832.3,631.5,166.5,216,62,30.1,1,4,5,1,33.33333333,0
60,Quarter-final,COLOMBIA,CONMEBOL,ENGLAND,1?€2,LOSE,25,4_2_3_1,MF,STARTING,35,28,80,2,2,0,14,8,57,0,0,0,1,0,35,13,9,3,0,0,10,13,2,0,5,2,2,32,2,0,2,1,9,18,15,4,3,10553.8,3781.4,4387.2,2136.1,249.1,0,172,22,24.5,1,4,5,1,0,0
60,Quarter-final,COLOMBIA,CONMEBOL,ENGLAND,1?€2,LOSE,25,4_2_3_1,DF,STARTING,8,6,75,0,0,0,3,2,66,0,0,0,0,0,3,0,0,0,0,1,2,1,0,0,0,0,0,0,0,0,0,0,0,0,0,0,0,669.6,344.8,139.4,115.4,24.4,45.7,9,3,27.4,1,4,5,1,0,0
60,Quarter-final,COLOMBIA,CONMEBOL,ENGLAND,1?€2,LOSE,25,4_2_3_1,MF,STARTING,33,27,82,1,2,1,9,8,88,8,6,2,3,0,28,1,3,0,1,8,15,14,1,1,1,0,4,8,2,0,1,0,6,6,5,3,0,8638.4,4263,1897,1450.4,565.8,462.2,146,56,32.4,1,4,5,1,100,50
60,Quarter-final,COLOMBIA,CONMEBOL,ENGLAND,1?€2,LOSE,25,4_2_3_1,DF,STARTING,29,21,72,0,0,0,12,6,50,2,0,2,0,0,1,1,0,0,0,0,0,1,2,0,0,1,6,5,0,1,1,6,7,12,6,2,4,9544.7,3952.5,3732.9,1359.2,349.3,151.8,125,35,28.7,1,4,5,1,0,0
60,Quarter-final,COLOMBIA,CONMEBOL,ENGLAND,1?€2,LOSE,25,4_2_3_1,MF,Substitutions,0,0,0,0,0,0,0,0,0,0,0,0,0,0,0,0,0,0,0,0,0,0,0,0,0,0,0,0,0,0,0,0,0,0,0,0,0,0,0,0,0,0,0,0,0,0,1,4,5,1,0,0
60,Quarter-final,COLOMBIA,CONMEBOL,ENGLAND,1?€2,LOSE,25,4_2_3_1,MF,Substitutions,0,0,0,0,0,0,0,0,0,0,0,0,0,0,0,0,0,0,0,0,0,0,0,0,0,0,0,0,0,0,0,0,0,0,0,0,0,0,0,0,0,0,0,0,0,0,1,4,5,1,0,0
60,Quarter-final,COLOMBIA,CONMEBOL,ENGLAND,1?€2,LOSE,25,4_2_3_1,MF,Substitutions,0,0,0,0,0,0,0,0,0,0,0,0,0,0,0,0,0,0,0,0,0,0,0,0,0,0,0,0,0,0,0,0,0,0,0,0,0,0,0,0,0,0,0,0,0,0,1,4,5,1,0,0
60,Quarter-final,COLOMBIA,CONMEBOL,ENGLAND,1?€2,LOSE,25,4_2_3_1,GK,Substitutions,0,0,0,0,0,0,0,0,0,0,0,0,0,0,0,0,0,0,0,0,0,0,0,0,0,0,0,0,0,0,0,0,0,0,0,0,0,0,0,0,0,0,0,0,0,0,1,4,5,1,0,0
60,Quarter-final,COLOMBIA,CONMEBOL,ENGLAND,1?€2,LOSE,25,4_2_3_1,GK,Substitutions,6,3,50,0,0,0,2,1,50,0,0,0,0,0,0,0,0,0,0,0,0,0,0,0,0,0,0,0,0,0,0,0,1,0,0,2,0,1246.7,922.8,197.2,126.7,0,0,0,0,18.2,1,4,5,1,0,0
60,Quarter-final,COLOMBIA,CONMEBOL,ENGLAND,1?€2,LOSE,25,4_2_3_1,DF,Substitutions,0,0,0,0,0,0,0,0,0,0,0,0,0,0,0,0,0,0,0,0,0,0,0,0,0,0,0,0,0,0,0,0,0,0,0,0,0,0,0,0,0,0,0,0,0,0,1,4,5,1,0,0
60,Quarter-final,COLOMBIA,CONMEBOL,ENGLAND,1?€2,LOSE,25,4_2_3_1,DF,Substitutions,34,23,68,0,5,0,16,10,62,1,0,1,0,0,11,0,3,0,0,3,5,3,6,3,1,0,7,5,2,0,3,2,3,16,6,6,2,8873,3363.8,3488.9,1421.5,443.7,155.3,122,32,27.1,1,4,5,1,50,0
60,Quarter-final,COLOMBIA,CONMEBOL,ENGLAND,1?€2,LOSE,25,4_2_3_1,MF,Substitutions,0,0,0,0,0,0,0,0,0,0,0,0,0,0,0,0,0,0,0,0,0,0,0,0,0,0,0,0,0,0,0,0,0,0,0,0,0,0,0,0,0,0,0,0,0,0,1,4,5,1,0,0
60,Quarter-final,COLOMBIA,CONMEBOL,ENGLAND,1?€2,LOSE,25,4_2_3_1,DF,Substitutions,0,0,0,0,0,0,0,0,0,0,0,0,0,0,0,0,0,0,0,0,0,0,0,0,0,0,0,0,0,0,0,0,0,0,0,0,0,0,0,0,0,0,0,0,0,0,1,4,5,1,0,0
60,Quarter-final,COLOMBIA,CONMEBOL,ENGLAND,1?€2,LOSE,25,4_2_3_1,FW,Substitutions,6,6,100,0,0,0,0,0,0,0,0,0,3,0,9,1,0,0,0,5,3,2,1,0,0,0,1,4,0,1,1,2,2,0,0,0,1,2299.1,881,647.4,430.2,160.9,179.6,43,20,30.3,1,4,5,1,0,0
60,Quarter-final,COLOMBIA,CONMEBOL,ENGLAND,1?€2,LOSE,25,4_2_3_1,DF,Substitutions,0,0,0,0,0,0,0,0,0,0,0,0,0,0,0,0,0,0,0,0,0,0,0,0,0,0,0,0,0,0,0,0,0,0,0,0,0,0,0,0,0,0,0,0,0,0,1,4,5,1,0,0
60,Quarter-final,COLOMBIA,CONMEBOL,ENGLAND,1?€2,LOSE,25,4_2_3_1,FW,Substitutions,0,0,0,0,0,0,0,0,0,0,0,0,0,0,0,0,0,0,0,0,0,0,0,0,0,0,0,0,0,0,0,0,0,0,0,0,0,0,0,0,0,0,0,0,0,0,1,4,5,1,0,0
60,Quarter-final,ENGLAND,UEFA,COLOMBIA,2?€1,WIN,4,3_4_1_2,GK,STARTING,27,22,81,0,0,0,5,3,60,0,0,0,0,0,6,0,0,0,0,0,6,3,0,0,0,0,0,0,0,0,0,0,5,0,0,6,0,5151.9,4372.9,663.6,89.6,25.8,0,17,2,23.6,2,3,5,2,0,0
60,Quarter-final,ENGLAND,UEFA,COLOMBIA,2?€1,WIN,4,3_4_1_2,MF,STARTING,60,42,70,0,2,0,20,10,50,2,1,1,0,0,44,8,2,1,1,11,21,16,3,2,6,1,9,13,5,0,5,2,8,18,9,4,7,10694.8,3949.6,2884.4,2809.5,788.2,263.1,230,73,28.7,2,3,5,2,66.66666667,0
60,Quarter-final,ENGLAND,UEFA,COLOMBIA,2?€1,WIN,4,3_4_1_2,MF,STARTING,60,56,93,0,0,0,24,22,91,1,1,0,2,0,42,31,9,0,1,0,1,26,4,0,2,0,8,10,0,0,2,2,9,16,4,0,5,10322.8,3754.4,4023.8,2024.3,410.8,109.4,172,35,27,2,3,5,2,0,0
60,Quarter-final,ENGLAND,UEFA,COLOMBIA,2?€1,WIN,4,3_4_1_2,DF,STARTING,70,67,96,0,3,1,21,18,85,4,0,4,0,0,5,0,0,0,0,0,5,4,3,1,3,1,5,2,0,0,0,5,4,10,2,4,6,9113.3,3328.2,3454,1781.7,471.2,76.6,153,33,26,2,3,5,2,33.33333333,33.33333333
60,Quarter-final,ENGLAND,UEFA,COLOMBIA,2?€1,WIN,4,3_4_1_2,DF,STARTING,71,66,93,0,0,0,24,21,87,1,1,0,0,0,10,1,0,0,0,0,9,5,1,0,7,0,4,3,3,0,3,11,5,3,2,3,12,9523.2,3823.6,3418.8,1855.1,252.4,172.4,162,26,28.2,2,3,5,2,0,0
60,Quarter-final,ENGLAND,UEFA,COLOMBIA,2?€1,WIN,4,3_4_1_2,MF,STARTING,54,42,78,0,2,1,21,13,61,4,2,2,1,0,59,11,20,7,9,2,10,29,6,3,2,0,7,28,1,0,2,4,11,11,6,4,4,10212.2,4245.2,3337.3,2206.9,306.4,117.4,172,30,30.6,2,3,5,2,50,50
60,Quarter-final,ENGLAND,UEFA,COLOMBIA,2?€1,WIN,4,3_4_1_2,MF,STARTING,49,38,78,0,1,0,8,4,50,1,1,0,3,0,37,7,1,0,0,7,22,17,6,0,7,1,10,18,2,0,2,5,8,21,10,4,5,10633.9,4013.2,3425.2,2482,525.3,188.2,189,42,27.6,2,3,5,2,0,0
60,Quarter-final,ENGLAND,UEFA,COLOMBIA,2?€1,WIN,4,3_4_1_2,MF,STARTING,42,35,83,0,0,0,7,4,57,0,0,0,0,0,40,5,22,2,5,3,3,14,4,1,3,0,10,19,0,0,0,1,5,17,11,3,2,10621,3611.1,3818.2,2661.6,423.8,106.2,222,43,28.6,2,3,5,2,25,0
60,Quarter-final,ENGLAND,UEFA,COLOMBIA,2?€1,WIN,4,3_4_1_2,FW,STARTING,23,18,78,0,3,1,5,2,40,7,3,4,1,1,52,4,17,3,1,25,2,15,7,2,3,0,7,18,1,0,4,0,5,14,10,4,3,10200.1,3854.6,3189.6,2328.7,539.6,288.7,188,52,30.5,2,3,5,2,28.57142857,33.33333333
60,Quarter-final,ENGLAND,UEFA,COLOMBIA,2?€1,WIN,4,3_4_1_2,DF,STARTING,45,40,89,1,0,0,6,4,66,0,0,0,0,0,11,3,0,0,0,0,8,5,8,4,1,1,7,4,1,0,1,7,7,27,10,8,5,9484.3,3392.5,3837.3,1729.9,343.3,182.1,153,36,28.1,2,3,5,2,50,0
60,Quarter-final,ENGLAND,UEFA,COLOMBIA,2?€1,WIN,4,3_4_1_2,FW,STARTING,16,14,88,0,3,0,3,0,0,1,1,0,2,1,40,0,23,0,2,15,0,11,1,0,1,0,5,18,2,0,4,2,3,17,9,2,2,9418.6,3551.7,2923.5,2341.5,375.8,226,189,46,29.2,2,3,5,2,0,0
60,Quarter-final,ENGLAND,UEFA,COLOMBIA,2?€1,WIN,4,3_4_1_2,DF,Substitutions,0,0,0,0,0,0,0,0,0,0,0,0,0,0,0,0,0,0,0,0,0,0,0,0,0,0,0,0,0,0,0,0,0,0,0,0,0,0,0,0,0,0,0,0,0,0,2,3,5,2,0,0
60,Quarter-final,ENGLAND,UEFA,COLOMBIA,2?€1,WIN,4,3_4_1_2,MF,Substitutions,0,0,0,0,0,0,0,0,0,0,0,0,0,0,0,0,0,0,0,0,0,0,0,0,0,0,0,0,0,0,0,0,0,0,0,0,0,0,0,0,0,0,0,0,0,0,2,3,5,2,0,0
60,Quarter-final,ENGLAND,UEFA,COLOMBIA,2?€1,WIN,4,3_4_1_2,GK,Substitutions,0,0,0,0,0,0,0,0,0,0,0,0,0,0,0,0,0,0,0,0,0,0,0,0,0,0,0,0,0,0,0,0,0,0,0,0,0,0,0,0,0,0,0,0,0,0,2,3,5,2,0,0
60,Quarter-final,ENGLAND,UEFA,COLOMBIA,2?€1,WIN,4,3_4_1_2,DF,Substitutions,0,0,0,0,0,0,0,0,0,0,0,0,0,0,0,0,0,0,0,0,0,0,0,0,0,0,0,0,0,0,0,0,0,0,0,0,0,0,0,0,0,0,0,0,0,0,2,3,5,2,0,0
60,Quarter-final,ENGLAND,UEFA,COLOMBIA,2?€1,WIN,4,3_4_1_2,DF,Substitutions,0,0,0,0,0,0,0,0,0,0,0,0,0,0,0,0,0,0,0,0,0,0,0,0,0,0,0,0,0,0,0,0,0,0,0,0,0,0,0,0,0,0,0,0,0,0,2,3,5,2,0,0
60,Quarter-final,ENGLAND,UEFA,COLOMBIA,2?€1,WIN,4,3_4_1_2,MF,Substitutions,0,0,0,0,0,0,0,0,0,0,0,0,0,0,0,0,0,0,0,0,0,0,0,0,0,0,0,0,0,0,0,0,0,0,0,0,0,0,0,0,0,0,0,0,0,0,2,3,5,2,0,0
60,Quarter-final,ENGLAND,UEFA,COLOMBIA,2?€1,WIN,4,3_4_1_2,FW,Substitutions,4,2,50,0,0,0,1,0,0,1,0,1,0,0,0,0,0,0,0,0,0,0,0,0,1,0,2,5,0,0,1,0,1,2,1,1,0,1581.1,549,596.6,319.5,43.8,72.3,34,6,27.4,2,3,5,2,0,0
60,Quarter-final,ENGLAND,UEFA,COLOMBIA,2?€1,WIN,4,3_4_1_2,FW,Substitutions,1,1,100,0,0,0,0,0,0,0,0,0,0,0,6,0,2,0,1,3,0,2,0,0,0,0,1,2,0,0,0,0,0,0,0,0,0,802.2,219.2,312.4,183.1,56,31.5,16,6,24.4,2,3,5,2,0,0
60,Quarter-final,ENGLAND,UEFA,COLOMBIA,2?€1,WIN,4,3_4_1_2,MF,Substitutions,0,0,0,0,0,0,0,0,0,0,0,0,0,0,3,0,1,0,0,2,0,1,0,0,0,0,0,0,0,0,0,0,0,0,0,0,0,0,0,0,0,0,0,0,0,0,2,3,5,2,0,0
60,Quarter-final,ENGLAND,UEFA,COLOMBIA,2?€1,WIN,4,3_4_1_2,GK,Substitutions,0,0,0,0,0,0,0,0,0,0,0,0,0,0,0,0,0,0,0,0,0,0,0,0,0,0,0,0,0,0,0,0,0,0,0,0,0,0,0,0,0,0,0,0,0,0,2,3,5,2,0,0
60,Quarter-final,ENGLAND,UEFA,COLOMBIA,2?€1,WIN,4,3_4_1_2,FW,Substitutions,0,0,0,0,0,0,0,0,0,0,0,0,0,0,0,0,0,0,0,0,0,0,0,0,0,0,0,0,0,0,0,0,0,0,0,0,0,0,0,0,0,0,0,0,0,0,2,3,5,2,0,0
59,Quarter-final,FRANCE,UEFA,AUSTRALIA,0?€0,LOSE,5,4_4_1_1,DF,STARTING,37,32,86,1,0,0,9,6,66,0,0,0,3,0,1,0,0,0,0,0,1,1,3,1,1,0,8,2,4,0,5,3,11,15,5,6,2,11640.2,5029.7,4089.2,2124.3,286.3,109.4,179,31,26,0,4,5,1,33.33333333,0
59,Quarter-final,FRANCE,UEFA,AUSTRALIA,0?€0,LOSE,5,4_4_1_1,DF,STARTING,46,39,85,0,0,0,19,14,73,0,0,0,1,0,7,0,0,0,0,1,6,3,2,0,3,4,3,3,13,0,13,17,8,2,2,14,15,11035.6,4956.1,3786.3,1793.3,371.9,128,159,28,28.8,0,4,5,1,0,0
59,Quarter-final,FRANCE,UEFA,AUSTRALIA,0?€0,LOSE,5,4_4_1_1,DF,STARTING,61,52,85,1,4,0,25,16,64,1,0,1,1,0,13,4,0,0,0,3,6,5,9,0,7,2,7,6,3,1,4,18,8,18,0,7,15,12274.3,4923.2,3956,2280.6,626,488.5,202,54,30.5,0,4,5,1,0,0
59,Quarter-final,FRANCE,UEFA,AUSTRALIA,0?€0,LOSE,5,4_4_1_1,MF,STARTING,25,17,68,0,0,0,5,3,60,0,0,0,0,0,5,2,3,0,1,1,13,20,6,0,1,0,10,5,2,0,4,1,9,6,1,1,2,6760.6,2072.1,2555.5,1805.1,224.5,103.4,132,18,28.1,0,4,5,1,0,0
59,Quarter-final,FRANCE,UEFA,AUSTRALIA,0?€0,LOSE,5,4_4_1_1,DF,STARTING,53,43,81,0,5,0,18,8,44,2,1,1,0,0,25,8,2,0,1,1,3,20,2,2,4,1,2,11,3,0,3,7,8,7,7,6,4,11927.1,5315.9,3573.3,2197,551,289.8,170,47,29.8,0,4,5,1,100,0
59,Quarter-final,FRANCE,UEFA,AUSTRALIA,0?€0,LOSE,5,4_4_1_1,MF,STARTING,39,37,95,0,1,0,20,17,85,2,1,1,0,0,20,7,5,0,3,2,3,11,9,2,3,0,14,17,1,0,1,2,11,16,3,3,9,13074.8,4946.2,4342.1,2886.9,647.2,253.7,227,56,27.7,0,4,5,1,22.22222222,0
59,Quarter-final,FRANCE,UEFA,AUSTRALIA,0?€0,LOSE,5,4_4_1_1,FW,STARTING,38,34,89,0,2,0,9,8,88,2,2,0,4,0,49,7,16,1,3,22,0,20,3,1,4,1,9,28,2,0,3,1,8,23,13,3,2,13565.3,4945.9,4907.9,2775.5,683.7,252.3,219,55,27.9,0,4,5,1,33.33333333,0
59,Quarter-final,FRANCE,UEFA,AUSTRALIA,0?€0,LOSE,5,4_4_1_1,FW,STARTING,17,11,65,1,4,0,3,0,0,2,0,2,2,0,34,0,10,0,0,23,1,10,9,3,4,0,10,22,3,1,6,2,4,15,7,4,5,11647.8,4614.8,3822.8,2405.3,568.4,236.4,200,52,32,0,4,5,1,33.33333333,0
59,Quarter-final,FRANCE,UEFA,AUSTRALIA,0?€0,LOSE,5,4_4_1_1,MF,STARTING,24,18,75,1,17,6,10,6,60,4,1,3,2,0,33,4,2,1,1,7,18,12,4,1,6,1,5,27,1,0,3,8,8,19,11,4,9,13202.6,5073.8,3966.1,2787.1,912.3,463.4,224,73,28.2,0,4,5,1,25,35.29411765
59,Quarter-final,FRANCE,UEFA,AUSTRALIA,0?€0,LOSE,5,4_4_1_1,MF,STARTING,27,19,70,0,11,3,12,7,58,3,2,1,4,0,37,12,9,3,1,5,7,15,1,0,5,1,6,16,2,0,3,1,10,11,6,2,5,14422,5363.5,4932.3,3197.4,724,204.8,230,50,31.8,0,4,5,1,0,27.27272727
59,Quarter-final,FRANCE,UEFA,AUSTRALIA,0?€0,LOSE,5,4_4_1_1,GK,STARTING,38,20,53,0,0,0,19,8,42,0,0,0,0,0,7,0,0,0,0,0,7,3,0,0,0,0,0,0,0,0,0,1,2,0,0,4,0,6249.2,4932.5,951.8,2876.2,73.1,15.6,41,8,24.6,0,4,5,1,0,0
59,Quarter-final,FRANCE,UEFA,AUSTRALIA,0?€0,LOSE,5,4_4_1_1,GK,Substitutions,1,0,0,0,0,0,1,0,0,0,0,0,0,0,0,0,0,0,0,0,0,0,0,0,0,0,0,0,0,0,0,0,0,0,0,0,0,747.1,647.1,62.4,37.6,0,0,4,0,18.1,0,4,5,1,0,0
59,Quarter-final,FRANCE,UEFA,AUSTRALIA,0?€0,LOSE,5,4_4_1_1,MF,Substitutions,0,0,0,0,0,0,0,0,0,0,0,0,0,0,0,0,0,0,0,0,0,0,0,0,0,0,0,0,0,0,0,0,0,0,0,0,0,0,0,0,0,0,0,0,0,0,0,4,5,1,0,0
59,Quarter-final,FRANCE,UEFA,AUSTRALIA,0?€0,LOSE,5,4_4_1_1,MF,Substitutions,0,0,0,0,0,0,0,0,0,0,0,0,0,0,0,0,0,0,0,0,0,0,0,0,0,0,0,0,0,0,0,0,0,0,0,0,0,0,0,0,0,0,0,0,0,0,0,4,5,1,0,0
59,Quarter-final,FRANCE,UEFA,AUSTRALIA,0?€0,LOSE,5,4_4_1_1,FW,Substitutions,0,0,0,0,0,0,0,0,0,0,0,0,0,0,0,0,0,0,0,0,0,0,0,0,0,0,0,0,0,0,0,0,0,0,0,0,0,0,0,0,0,0,0,0,0,0,0,4,5,1,0,0
59,Quarter-final,FRANCE,UEFA,AUSTRALIA,0?€0,LOSE,5,4_4_1_1,DF,Substitutions,0,0,0,0,0,0,0,0,0,0,0,0,0,0,0,0,0,0,0,0,0,0,0,0,0,0,0,0,0,0,0,0,0,0,0,0,0,0,0,0,0,0,0,0,0,0,0,4,5,1,0,0
59,Quarter-final,FRANCE,UEFA,AUSTRALIA,0?€0,LOSE,5,4_4_1_1,MF,Substitutions,0,0,0,0,0,0,0,0,0,0,0,0,0,0,0,0,0,0,0,0,0,0,0,0,0,0,0,0,0,0,0,0,0,0,0,0,0,0,0,0,0,0,0,0,0,0,0,4,5,1,0,0
59,Quarter-final,FRANCE,UEFA,AUSTRALIA,0?€0,LOSE,5,4_4_1_1,FW,Substitutions,0,0,0,0,0,0,0,0,0,0,0,0,0,0,0,0,0,0,0,0,0,0,0,0,0,0,0,0,0,0,0,0,0,0,0,0,0,0,0,0,0,0,0,0,0,0,0,4,5,1,0,0
59,Quarter-final,FRANCE,UEFA,AUSTRALIA,0?€0,LOSE,5,4_4_1_1,FW,Substitutions,0,0,0,0,0,0,0,0,0,0,0,0,0,0,0,0,0,0,0,0,0,0,0,0,0,0,0,0,0,0,0,0,0,0,0,0,0,0,0,0,0,0,0,0,0,0,0,4,5,1,0,0
59,Quarter-final,FRANCE,UEFA,AUSTRALIA,0?€0,LOSE,5,4_4_1_1,DF,Substitutions,0,0,0,0,0,0,0,0,0,0,0,0,0,0,0,0,0,0,0,0,0,0,0,0,0,0,0,0,0,0,0,0,0,0,0,0,0,0,0,0,0,0,0,0,0,0,0,4,5,1,0,0
59,Quarter-final,FRANCE,UEFA,AUSTRALIA,0?€0,LOSE,5,4_4_1_1,GK,Substitutions,0,0,0,0,0,0,0,0,0,0,0,0,0,0,0,0,0,0,0,0,0,0,0,0,0,0,0,0,0,0,0,0,0,0,0,0,0,0,0,0,0,0,0,0,0,0,0,4,5,1,0,0
59,Quarter-final,FRANCE,UEFA,AUSTRALIA,0?€0,LOSE,5,4_4_1_1,DF,Substitutions,0,0,0,0,0,0,0,0,0,0,0,0,0,0,0,0,0,0,0,0,0,0,1,1,0,0,0,0,0,0,0,1,0,0,0,1,1,583.1,403,125.5,54.6,0,0,4,0,18.2,0,4,5,1,100,0
59,Quarter-final,FRANCE,UEFA,AUSTRALIA,0?€0,LOSE,5,4_4_1_1,FW,Substitutions,13,6,46,0,7,0,8,4,50,3,2,1,2,0,12,1,1,1,0,8,1,10,2,0,3,0,5,13,0,0,1,1,3,11,7,3,4,6442,2344.9,2170.9,1320.06,423.2,182.3,108,32,30,0,4,5,1,0,0
58,Quarter-final,JAPAN,AFC,SWEDEN,1?€2,LOSE,11,3_4_3,GK,STARTING,34,30,88,0,0,0,7,4,57,0,0,0,0,0,3,0,0,0,0,0,3,1,0,0,0,0,0,0,0,0,0,0,4,0,0,5,0,3833.9,2910.7,694.3,210.1,18.8,0,29,2,22.7,1,3,4,3,0,0
58,Quarter-final,JAPAN,AFC,SWEDEN,1?€2,LOSE,11,3_4_3,MF,STARTING,61,45,74,1,6,2,18,9,50,2,1,1,0,0,56,16,1,2,0,11,26,21,3,1,0,1,4,10,0,0,0,4,3,25,8,3,2,10241.5,3229.1,3484.2,2581.9,671.8,275.5,205,51,30.3,1,3,4,3,33.33333333,33.33333333
58,Quarter-final,JAPAN,AFC,SWEDEN,1?€2,LOSE,11,3_4_3,DF,STARTING,51,43,84,1,0,0,26,20,76,1,0,1,0,0,29,7,0,0,0,0,22,12,2,1,1,1,3,6,1,0,1,6,10,18,5,6,4,10036.5,3270.9,4438.1,2003.3,258.9,66.2,163,26,27.9,1,3,4,3,50,0
58,Quarter-final,JAPAN,AFC,SWEDEN,1?€2,LOSE,11,3_4_3,DF,STARTING,46,43,93,0,0,0,4,2,50,0,0,0,0,0,14,1,0,0,0,0,13,7,1,0,4,1,2,4,0,0,0,1,6,6,3,3,4,9417.7,3223.7,4323.9,1490.8,267.5,114.9,144,25,27.4,1,3,4,3,0,0
58,Quarter-final,JAPAN,AFC,SWEDEN,1?€2,LOSE,11,3_4_3,MF,STARTING,22,15,68,0,0,0,7,2,28,0,0,0,0,0,26,2,0,2,0,7,15,4,1,0,1,1,3,7,1,0,2,2,3,15,4,2,3,5739.4,1382.6,2756.1,1212.2,289.3,99.3,109,26,26.9,1,3,4,3,0,0
58,Quarter-final,JAPAN,AFC,SWEDEN,1?€2,LOSE,11,3_4_3,FW,STARTING,25,17,68,0,0,0,7,6,85,0,0,0,0,0,31,1,10,3,3,7,7,12,3,2,3,0,7,40,0,0,0,3,4,39,25,3,2,9854.9,2293.2,4351.9,2383.9,519.4,306.5,198,43,30.1,1,3,4,3,66.66666667,0
58,Quarter-final,JAPAN,AFC,SWEDEN,1?€2,LOSE,11,3_4_3,MF,STARTING,38,36,95,0,0,0,14,14,100,1,0,1,0,0,38,23,9,0,2,0,4,22,3,0,3,0,1,13,1,0,1,2,8,28,8,2,5,8758.1,2434.8,4000.7,2118.6,188.3,14.9,173,14,30.2,1,3,4,3,0,0
58,Quarter-final,JAPAN,AFC,SWEDEN,1?€2,LOSE,11,3_4_3,FW,STARTING,8,4,50,0,1,0,2,0,0,0,0,0,0,0,23,2,13,0,2,6,0,10,1,0,2,0,1,37,1,0,3,1,1,5,5,2,1,6628.8,1492.8,2992.2,1820.3,316.2,7.3,144,30,27.4,1,3,4,3,0,0
58,Quarter-final,JAPAN,AFC,SWEDEN,1?€2,LOSE,11,3_4_3,DF,STARTING,57,54,95,0,0,0,23,20,86,0,0,0,0,0,15,4,0,0,0,0,11,6,2,1,2,0,0,3,2,0,2,8,7,8,0,5,4,9518.7,2962.2,4329.1,1704.8,390.3,132.3,149,34,27.7,1,3,4,3,50,0
58,Quarter-final,JAPAN,AFC,SWEDEN,1?€2,LOSE,11,3_4_3,MF,STARTING,72,51,71,0,5,1,26,17,65,4,0,4,2,0,51,22,13,1,4,10,1,21,6,3,6,1,17,49,0,0,1,1,13,41,17,11,1,12013,2662.1,5564.4,3339.6,356.8,91.3,251,34,27,1,3,4,3,50,20
58,Quarter-final,JAPAN,AFC,SWEDEN,1?€2,LOSE,11,3_4_3,FW,STARTING,35,32,91,1,6,1,7,2,28,0,0,0,4,0,36,4,10,4,5,9,4,14,2,0,4,1,5,27,0,0,0,2,7,23,17,2,3,11699.1,2771.5,4737,3269.9,718.3,202.4,264,56,28.8,1,3,4,3,0,16.66666667
58,Quarter-final,JAPAN,AFC,SWEDEN,1?€2,LOSE,11,3_4_3,DF,Substitutions,0,0,0,0,0,0,0,0,0,0,0,0,0,0,0,0,0,0,0,0,0,0,0,0,0,0,0,0,0,0,0,0,0,0,0,0,0,0,0,0,0,0,0,0,0,0,1,3,4,3,0,0
58,Quarter-final,JAPAN,AFC,SWEDEN,1?€2,LOSE,11,3_4_3,MF,Substitutions,0,0,0,0,0,0,0,0,0,0,0,0,0,0,0,0,0,0,0,0,0,0,0,0,0,0,0,0,0,0,0,0,0,0,0,0,0,0,0,0,0,0,0,0,0,0,1,3,4,3,0,0
58,Quarter-final,JAPAN,AFC,SWEDEN,1?€2,LOSE,11,3_4_3,FW,Substitutions,9,8,89,0,0,0,1,1,100,0,0,0,2,0,20,1,2,0,0,8,7,8,3,1,1,0,6,15,1,0,1,1,1,3,3,1,1,4737,1607.7,1703,963.5,339.2,124.1,88,33,29.4,1,3,4,3,33.33333333,0
58,Quarter-final,JAPAN,AFC,SWEDEN,1?€2,LOSE,11,3_4_3,MF,Substitutions,30,24,80,0,5,2,13,9,69,2,1,1,0,0,18,2,1,0,0,58,7,8,3,2,3,0,0,4,0,0,0,1,4,7,0,2,3,5332.8,1771,1970.5,1173.7,353,64.5,100,32,27.2,1,3,4,3,66.66666667,40
58,Quarter-final,JAPAN,AFC,SWEDEN,1?€2,LOSE,11,3_4_3,MF,Substitutions,12,11,92,0,0,0,1,1,100,0,0,0,1,1,15,9,4,0,0,1,1,8,1,0,1,0,2,2,0,0,0,0,4,3,2,1,1,2510.2,532.2,992.3,823.4,162.4,0,61,12,26.4,1,3,4,3,0,0
58,Quarter-final,JAPAN,AFC,SWEDEN,1?€2,LOSE,11,3_4_3,MF,Substitutions,9,6,67,0,1,0,4,2,50,2,1,1,1,0,13,1,5,1,0,4,2,6,3,0,0,0,4,3,0,0,0,0,1,2,0,0,1,2061.9,657.3,715.7,553,114.4,21.4,38,12,27.2,1,3,4,3,0,0
58,Quarter-final,JAPAN,AFC,SWEDEN,1?€2,LOSE,11,3_4_3,GK,Substitutions,0,0,0,0,0,0,0,0,0,0,0,0,0,0,0,0,0,0,0,0,0,0,0,0,0,0,0,0,0,0,0,0,0,0,0,0,0,0,0,0,0,0,0,0,0,0,1,3,4,3,0,0
58,Quarter-final,JAPAN,AFC,SWEDEN,1?€2,LOSE,11,3_4_3,DF,Substitutions,0,0,0,0,0,0,0,0,0,0,0,0,0,0,0,0,0,0,0,0,0,0,0,0,0,0,0,0,0,0,0,0,0,0,0,0,0,0,0,0,0,0,0,0,0,0,1,3,4,3,0,0
58,Quarter-final,JAPAN,AFC,SWEDEN,1?€2,LOSE,11,3_4_3,FW,Substitutions,8,7,88,0,0,0,0,0,0,0,0,0,1,0,4,2,0,0,0,2,0,2,0,0,0,0,2,3,0,0,0,0,2,2,1,0,0,1293.1,232.8,548,322,171.9,18.5,29,10,23.9,1,3,4,3,0,0
58,Quarter-final,JAPAN,AFC,SWEDEN,1?€2,LOSE,11,3_4_3,GK,Substitutions,0,0,0,0,0,0,0,0,0,0,0,0,0,0,0,0,0,0,0,0,0,0,0,0,0,0,0,0,0,0,0,0,0,0,0,0,0,0,0,0,0,0,0,0,0,0,1,3,4,3,0,0
58,Quarter-final,JAPAN,AFC,SWEDEN,1?€2,LOSE,11,3_4_3,FW,Substitutions,0,0,0,0,0,0,0,0,0,0,0,0,0,0,0,0,0,0,0,0,0,0,0,0,0,0,0,0,0,0,0,0,0,0,0,0,0,0,0,0,0,0,0,0,0,0,1,3,4,3,0,0
57,Quarter-final,NETHERLANDS,UEFA,SPAIN,1?€2,LOSE,9,3_1_4_2,GK,STARTING,45,28,62,0,0,0,40,25,62,0,0,0,0,0,5,0,0,0,0,0,5,5,0,0,0,0,0,0,0,0,0,0,2,0,0,9,0,7062.7,5523.7,1161.1,321.4,43.8,12.7,28,2,24.4,1,3,5,2,0,0
57,Quarter-final,NETHERLANDS,UEFA,SPAIN,1?€2,LOSE,9,3_1_4_2,DF,STARTING,19,15,79,0,0,0,8,5,62,0,0,0,1,1,3,0,0,0,0,0,3,1,3,1,2,0,6,4,3,1,4,20,8,8,6,7,12,10981.8,4811.1,3866.7,1933.9,325.1,45,167,27,25.6,1,3,5,2,33.33333333,0
57,Quarter-final,NETHERLANDS,UEFA,SPAIN,1?€2,LOSE,9,3_1_4_2,MF,STARTING,16,8,50,0,1,1,0,0,0,0,0,0,0,0,14,2,9,0,2,0,1,6,5,1,2,0,11,18,0,0,0,1,8,22,10,3,5,6567.8,2476.7,2478,1407.5,172.7,34.2,103,15,25.4,1,3,5,2,20,100
57,Quarter-final,NETHERLANDS,UEFA,SPAIN,1?€2,LOSE,9,3_1_4_2,FW,STARTING,15,10,67,0,0,0,0,0,0,1,0,1,6,0,26,0,0,0,1,25,0,7,1,0,4,0,1,29,9,0,10,0,5,28,13,4,2,12295.1,4747.2,4197.6,2021.3,639.3,688.5,207,75,31.7,1,3,5,2,0,0
57,Quarter-final,NETHERLANDS,UEFA,SPAIN,1?€2,LOSE,9,3_1_4_2,DF,STARTING,32,18,56,1,1,0,20,12,60,0,0,0,0,0,10,6,0,0,0,0,4,5,5,0,2,1,9,14,0,0,2,5,7,22,4,2,4,8954.2,3545.9,2796.4,2139.2,420.8,52.8,169,27,25,1,3,5,2,0,0
57,Quarter-final,NETHERLANDS,UEFA,SPAIN,1?€2,LOSE,9,3_1_4_2,FW,STARTING,30,22,73,0,4,0,8,4,50,2,1,1,3,0,35,3,14,2,1,13,2,17,2,0,2,0,3,44,4,0,4,3,8,20,14,3,3,14706.8,5281.2,4512.1,3848.8,804.5,261.8,324,66,27.6,1,3,5,2,0,0
57,Quarter-final,NETHERLANDS,UEFA,SPAIN,1?€2,LOSE,9,3_1_4_2,MF,STARTING,37,30,81,1,0,0,4,3,75,0,0,0,0,0,20,5,7,0,3,3,2,6,16,2,6,2,23,32,1,0,2,5,15,65,22,8,8,14637.2,5529.9,4880.1,3491,600.1,136.1,261,50,29.8,1,3,5,2,12.5,0
57,Quarter-final,NETHERLANDS,UEFA,SPAIN,1?€2,LOSE,9,3_1_4_2,MF,STARTING,52,34,65,1,0,0,20,10,50,2,1,1,0,0,19,2,2,0,1,7,7,4,6,3,7,0,19,22,1,0,2,7,13,15,9,8,7,14298.9,5106.1,4971.7,3127.2,727.8,366.1,272,66,28.8,1,3,5,2,50,0
57,Quarter-final,NETHERLANDS,UEFA,SPAIN,1?€2,LOSE,9,3_1_4_2,DF,STARTING,32,22,69,0,2,0,13,7,53,0,0,0,0,0,15,4,1,0,1,1,8,7,12,4,4,2,17,17,0,0,0,13,7,24,9,9,13,13314,4891.6,4365.7,3119.5,635.1,302.2,275,61,32.8,1,3,5,2,33.33333333,0
57,Quarter-final,NETHERLANDS,UEFA,SPAIN,1?€2,LOSE,9,3_1_4_2,MF,STARTING,32,18,56,0,0,0,8,1,12,0,0,0,0,0,18,9,8,0,0,1,0,5,14,1,9,2,21,27,16,1,18,10,16,27,7,11,18,10381.8,3936.8,3942,2232.1,257.5,12.5,186,18,26.6,1,3,5,2,7.142857143,0
57,Quarter-final,NETHERLANDS,UEFA,SPAIN,1?€2,LOSE,9,3_1_4_2,MF,STARTING,29,23,79,2,2,0,11,6,54,0,0,0,0,0,10,4,0,0,0,2,4,5,5,2,1,0,9,28,0,0,0,5,5,27,16,3,2,9432.9,2892.1,3356.2,2437.5,514.1,233,192,48,31,1,3,5,2,40,0
57,Quarter-final,NETHERLANDS,UEFA,SPAIN,1?€2,LOSE,9,3_1_4_2,DF,Substitutions,21,16,76,0,0,0,14,11,78,0,0,0,0,0,10,6,0,0,0,1,3,4,5,1,3,1,10,16,0,0,2,7,6,32,14,3,9,7418,2910.1,2290.7,1705.4,379.1,132.8,145,37,26.9,1,3,5,2,20,0
57,Quarter-final,NETHERLANDS,UEFA,SPAIN,1?€2,LOSE,9,3_1_4_2,DF,Substitutions,11,7,64,0,0,0,5,4,80,0,0,0,0,0,3,1,0,0,0,1,1,1,0,0,3,0,2,8,2,0,3,6,3,7,3,3,5,4430,1813.6,1348.5,845.2,274.2,148,85,24,28.5,1,3,5,2,0,0
57,Quarter-final,NETHERLANDS,UEFA,SPAIN,1?€2,LOSE,9,3_1_4_2,DF,Substitutions,0,0,0,0,0,0,0,0,0,0,0,0,0,0,0,0,0,0,0,0,0,0,0,0,0,0,0,0,0,0,0,0,0,0,0,0,0,0,0,0,0,0,0,0,0,0,1,3,5,2,0,0
57,Quarter-final,NETHERLANDS,UEFA,SPAIN,1?€2,LOSE,9,3_1_4_2,FW,Substitutions,18,11,61,0,0,0,6,3,50,1,1,0,0,0,7,0,1,0,2,3,1,2,3,1,0,1,5,22,1,0,2,0,5,16,11,2,0,5894.3,1839,1911.5,1694,295.9,153.3,131,28,28.3,1,3,5,2,33.33333333,0
57,Quarter-final,NETHERLANDS,UEFA,SPAIN,1?€2,LOSE,9,3_1_4_2,MF,Substitutions,0,0,0,0,0,0,0,0,0,0,0,0,0,0,0,0,0,0,0,0,0,0,0,0,0,0,0,0,0,0,0,0,0,0,0,0,0,0,0,0,0,0,0,0,0,0,1,3,5,2,0,0
57,Quarter-final,NETHERLANDS,UEFA,SPAIN,1?€2,LOSE,9,3_1_4_2,FW,Substitutions,0,0,0,0,0,0,0,0,0,0,0,0,0,0,0,0,0,0,0,0,0,0,0,0,0,0,0,0,0,0,0,0,0,0,0,0,0,0,0,0,0,0,0,0,0,0,1,3,5,2,0,0
57,Quarter-final,NETHERLANDS,UEFA,SPAIN,1?€2,LOSE,9,3_1_4_2,DF,Substitutions,3,1,33,0,0,0,3,1,33,0,0,0,0,0,2,1,0,0,0,1,0,0,4,0,1,0,6,6,0,0,0,7,1,10,4,3,6,3176,869.3,1380.3,718.1,153.4,55.3,69,13,26.2,1,3,5,2,0,0
57,Quarter-final,NETHERLANDS,UEFA,SPAIN,1?€2,LOSE,9,3_1_4_2,GK,Substitutions,0,0,0,0,0,0,0,0,0,0,0,0,0,0,0,0,0,0,0,0,0,0,0,0,0,0,0,0,0,0,0,0,0,0,0,0,0,0,0,0,0,0,0,0,0,0,1,3,5,2,0,0
57,Quarter-final,NETHERLANDS,UEFA,SPAIN,1?€2,LOSE,9,3_1_4_2,DF,Substitutions,4,1,25,0,0,0,0,0,0,0,0,0,0,0,1,1,0,0,0,0,0,1,1,0,2,0,3,3,0,0,0,1,3,4,2,1,3,1989,519.9,750.4,520.5,133.1,65,39,12,31.9,1,3,5,2,0,0
57,Quarter-final,NETHERLANDS,UEFA,SPAIN,1?€2,LOSE,9,3_1_4_2,FW,Substitutions,0,0,0,0,0,0,0,0,0,0,0,0,0,0,0,0,0,0,0,0,0,0,0,0,0,0,0,0,0,0,0,0,0,0,0,0,0,0,0,0,0,0,0,0,0,0,1,3,5,2,0,0
57,Quarter-final,NETHERLANDS,UEFA,SPAIN,1?€2,LOSE,9,3_1_4_2,GK,Substitutions,0,0,0,0,0,0,0,0,0,0,0,0,0,0,0,0,0,0,0,0,0,0,0,0,0,0,0,0,0,0,0,0,0,0,0,0,0,0,0,0,0,0,0,0,0,0,1,3,5,2,0,0
57,Quarter-final,SPAIN,UEFA,NETHERLANDS,2?€1,WIN,6,4_3_3,DF,STARTING,104,84,81,0,4,1,34,28,82,7,1,6,1,0,45,9,5,2,2,7,20,14,7,4,9,4,10,10,1,0,4,7,11,27,9,13,13,14174.2,4547.1,4830.6,3491.1,975.2,333.1,310,82,30.5,2,4,3,3,57.14285714,25
57,Quarter-final,SPAIN,UEFA,NETHERLANDS,2?€1,WIN,6,4_3_3,MF,STARTING,57,44,77,2,12,4,23,14,61,2,1,1,2,0,90,51,30,0,1,0,8,28,10,5,2,1,14,16,7,0,8,10,14,46,12,24,5,15043.7,4678.6,6330.4,3402.9,529.5,103.8,287,39,27.3,2,4,3,3,50,33.33333333
57,Quarter-final,SPAIN,UEFA,NETHERLANDS,2?€1,WIN,6,4_3_3,DF,STARTING,55,43,78,2,0,0,29,20,68,1,0,1,1,0,9,1,0,0,0,0,8,4,0,0,2,2,3,4,3,0,3,14,13,4,0,10,10,13495.3,4529,4651.8,3279.4,646.4,390,268,62,29.2,2,4,3,3,0,0
57,Quarter-final,SPAIN,UEFA,NETHERLANDS,2?€1,WIN,6,4_3_3,MF,STARTING,36,29,81,2,2,1,9,5,55,2,1,1,1,0,64,19,26,6,4,3,6,21,7,5,4,0,10,15,0,0,2,2,8,13,8,8,5,9461.4,3625.6,3064.6,2253.7,397.4,119.2,169,36,29.9,2,4,3,3,71.42857143,50
57,Quarter-final,SPAIN,UEFA,NETHERLANDS,2?€1,WIN,6,4_3_3,FW,STARTING,62,48,77,1,4,0,16,11,68,5,3,2,4,1,60,6,6,5,8,10,25,28,6,0,0,6,26,0,0,0,2,1,15,17,10,6,4,11706.5,4283.4,3709.8,2888,693,132.3,246,57,28.1,2,4,3,3,0,0
57,Quarter-final,SPAIN,UEFA,NETHERLANDS,2?€1,WIN,6,4_3_3,FW,STARTING,32,25,78,0,1,1,6,4,66,3,1,2,4,0,78,0,26,0,1,47,4,18,4,2,0,1,4,34,1,0,1,0,8,26,9,4,1,11756.7,4572.2,3637.5,2401.9,832.4,312.7,218,68,27.5,2,4,3,3,50,100
57,Quarter-final,SPAIN,UEFA,NETHERLANDS,2?€1,WIN,6,4_3_3,MF,STARTING,72,62,86,1,2,0,19,17,89,6,4,2,3,0,119,17,53,7,13,14,15,32,4,2,3,0,6,15,1,0,1,2,15,39,12,4,4,14251.3,5426.9,5233.1,3148.1,352,91.2,258,26,26.6,2,4,3,3,50,0
57,Quarter-final,SPAIN,UEFA,NETHERLANDS,2?€1,WIN,6,4_3_3,DF,STARTING,69,58,84,2,5,2,25,18,72,1,0,1,1,0,27,3,0,0,1,6,17,12,6,2,1,1,8,7,1,0,1,2,8,7,2,4,3,10500.9,3948.3,3457.9,2190.5,605.9,298.2,192,54,30.1,2,4,3,3,33.33333333,40
57,Quarter-final,SPAIN,UEFA,NETHERLANDS,2?€1,WIN,6,4_3_3,DF,STARTING,28,22,79,0,0,0,11,7,63,0,0,0,0,0,15,1,0,0,0,1,13,4,0,0,2,2,1,0,1,0,1,4,2,1,0,5,4,7970.6,2702.8,2796.9,2005.4,297.3,168.2,178,32,27.4,2,4,3,3,0,0
57,Quarter-final,SPAIN,UEFA,NETHERLANDS,2?€1,WIN,6,4_3_3,FW,STARTING,16,9,56,1,0,0,5,3,60,0,0,0,3,0,12,1,5,1,1,4,0,2,2,2,1,2,4,10,1,0,2,1,4,13,7,5,1,7961.1,2780.8,2543.6,2049.2,429.9,157.6,168,39,27.2,2,4,3,3,100,0
57,Quarter-final,SPAIN,UEFA,NETHERLANDS,2?€1,WIN,6,4_3_3,GK,STARTING,43,29,67,1,0,0,31,19,61,0,0,0,0,0,2,0,0,0,0,0,2,0,0,0,0,0,0,0,0,0,0,2,8,0,0,14,1,6533.8,4643.6,1550.5,307.1,32.7,0,31,3,23.8,2,4,3,3,0,0
57,Quarter-final,SPAIN,UEFA,NETHERLANDS,2?€1,WIN,6,4_3_3,GK,Substitutions,0,0,0,0,0,0,0,0,0,0,0,0,0,0,0,0,0,0,0,0,0,0,0,0,0,0,0,0,0,0,0,0,0,0,0,0,0,0,0,0,0,0,0,0,0,0,2,4,3,3,0,0
57,Quarter-final,SPAIN,UEFA,NETHERLANDS,2?€1,WIN,6,4_3_3,DF,Substitutions,12,7,58,0,0,0,5,3,60,0,0,0,3,0,6,1,0,0,0,0,5,3,0,0,0,0,2,1,1,0,1,5,3,2,1,0,4,5269.1,2092.4,1782.6,1050.7,226,117.5,92,20,26.7,2,4,3,3,0,0
57,Quarter-final,SPAIN,UEFA,NETHERLANDS,2?€1,WIN,6,4_3_3,MF,Substitutions,36,29,81,0,0,0,8,6,75,0,0,0,1,0,38,9,18,1,3,1,6,15,4,1,3,1,8,14,3,0,3,2,7,12,4,6,5,5925,1761.5,1860.5,1760.9,482.3,59.8,130,31,26.1,2,4,3,3,25,0
57,Quarter-final,SPAIN,UEFA,NETHERLANDS,2?€1,WIN,6,4_3_3,MF,Substitutions,11,9,82,0,0,0,7,5,71,3,1,2,1,0,21,5,10,0,0,2,4,9,1,0,0,0,1,2,0,0,0,1,1,1,1,0,2,2794.2,855,940,852.8,129.4,17,60,9,24.2,2,4,3,3,0,0
57,Quarter-final,SPAIN,UEFA,NETHERLANDS,2?€1,WIN,6,4_3_3,GK,Substitutions,0,0,0,0,0,0,0,0,0,0,0,0,0,0,0,0,0,0,0,0,0,0,0,0,0,0,0,0,0,0,0,0,0,0,0,0,0,0,0,0,0,0,0,0,0,0,2,4,3,3,0,0
57,Quarter-final,SPAIN,UEFA,NETHERLANDS,2?€1,WIN,6,4_3_3,FW,Substitutions,5,4,80,0,2,2,2,1,50,1,1,0,2,0,21,0,4,0,0,11,6,8,0,0,0,0,1,3,0,0,1,0,5,4,2,1,0,2905.6,937.6,882.7,751.4,213.3,120.6,58,20,28.6,2,4,3,3,0,100
57,Quarter-final,SPAIN,UEFA,NETHERLANDS,2?€1,WIN,6,4_3_3,MF,Substitutions,0,0,0,0,0,0,0,0,0,0,0,0,0,0,0,0,0,0,0,0,0,0,0,0,0,0,0,0,0,0,0,0,0,0,0,0,0,0,0,0,0,0,0,0,0,0,2,4,3,3,0,0
57,Quarter-final,SPAIN,UEFA,NETHERLANDS,2?€1,WIN,6,4_3_3,FW,Substitutions,16,15,94,0,3,1,5,4,80,1,1,0,2,1,8,0,1,0,0,6,1,4,2,0,0,0,4,2,5,0,6,0,3,1,0,0,1,6852.9,2210.1,2192.2,1548.8,527,374.9,144,50,30.8,2,4,3,3,0,33.33333333
57,Quarter-final,SPAIN,UEFA,NETHERLANDS,2?€1,WIN,6,4_3_3,DF,Substitutions,17,15,88,0,0,0,15,13,86,2,1,1,0,0,5,1,0,0,0,1,3,1,2,1,1,0,5,0,0,0,0,1,4,3,2,2,2,3330.4,1126.4,962.8,949.2,233.8,58.3,84,23,28.3,2,4,3,3,50,0
57,Quarter-final,SPAIN,UEFA,NETHERLANDS,2?€1,WIN,6,4_3_3,DF,Substitutions,0,0,0,0,0,0,0,0,0,0,0,0,0,0,0,0,0,0,0,0,0,0,0,0,0,0,0,0,0,0,0,0,0,0,0,0,0,0,0,0,0,0,0,0,0,0,2,4,3,3,0,0
57,Quarter-final,SPAIN,UEFA,NETHERLANDS,2?€1,WIN,6,4_3_3,MF,Substitutions,0,0,0,0,0,0,0,0,0,0,0,0,0,0,0,0,0,0,0,0,0,0,0,0,0,0,0,0,0,0,0,0,0,0,0,0,0,0,0,0,0,0,0,0,0,0,2,4,3,3,0,0
57,Quarter-final,SPAIN,UEFA,NETHERLANDS,2?€1,WIN,6,4_3_3,FW,Substitutions,0,0,0,0,0,0,0,0,0,0,0,0,0,0,0,0,0,0,0,0,0,0,0,0,0,0,0,0,0,0,0,0,0,0,0,0,0,0,0,0,0,0,0,0,0,0,2,4,3,3,0,0
58,Quarter-final,SWEDEN,UEFA,JAPAN,2?€1,WIN,3,4_2_3_1,GK,STARTING,20,14,70,0,0,0,4,1,25,0,0,0,0,0,1,0,0,0,0,0,1,0,0,0,0,0,0,0,0,0,0,0,7,0,0,6,0,4565.5,3569.8,780.7,194.5,20.5,0,22,1,25.4,2,4,5,1,0,0
58,Quarter-final,SWEDEN,UEFA,JAPAN,2?€1,WIN,3,4_2_3_1,DF,STARTING,50,43,86,0,4,0,7,5,71,0,0,0,0,0,12,6,0,0,0,1,5,5,4,1,4,0,7,27,0,0,0,4,5,32,23,2,4,10842.5,3127,4444.3,2757.2,480.3,33.6,224,46,31,2,4,5,1,25,0
58,Quarter-final,SWEDEN,UEFA,JAPAN,2?€1,WIN,3,4_2_3_1,DF,STARTING,86,71,83,2,0,0,23,14,60,0,0,0,4,0,30,1,0,0,0,0,29,25,2,0,2,0,3,4,2,0,2,5,6,14,3,2,3,9765.2,3196.1,4207.8,1953,357.4,50.8,170,26,29,2,4,5,1,0,0
58,Quarter-final,SWEDEN,UEFA,JAPAN,2?€1,WIN,3,4_2_3_1,MF,STARTING,22,19,86,0,2,0,10,7,70,3,1,2,1,0,39,11,21,0,3,3,1,9,3,2,2,0,8,27,2,1,3,1,5,20,15,2,2,8340.3,2900.7,3395.3,1631.4,299.4,112.6,145,30,26.7,2,4,5,1,66.66666667,0
58,Quarter-final,SWEDEN,UEFA,JAPAN,2?€1,WIN,3,4_2_3_1,FW,STARTING,10,9,90,0,3,0,1,0,0,1,1,0,1,0,28,0,2,0,1,25,0,5,1,1,1,0,1,16,1,0,1,0,1,27,3,1,1,10401.5,3913,3543.8,1950.3,569,424.4,169,54,31.9,2,4,5,1,100,0
58,Quarter-final,SWEDEN,UEFA,JAPAN,2?€1,WIN,3,4_2_3_1,DF,STARTING,75,70,93,0,0,0,10,78,70,0,0,0,1,1,7,0,0,0,0,0,7,6,1,1,5,1,1,3,0,0,1,11,11,7,0,9,7,10842.3,3484.7,4493.1,2429.8,337.2,97.6,211,36,28.5,2,4,5,1,100,0
58,Quarter-final,SWEDEN,UEFA,JAPAN,2?€1,WIN,3,4_2_3_1,DF,STARTING,88,71,81,1,2,1,27,18,66,1,0,1,1,0,21,12,1,0,0,1,7,11,6,2,3,0,6,10,1,0,1,3,8,16,8,6,3,10361.8,3758.2,3732.3,2376,420.7,75.6,195,35,27.7,2,4,5,1,33.33333333,50
58,Quarter-final,SWEDEN,UEFA,JAPAN,2?€1,WIN,3,4_2_3_1,MF,STARTING,65,47,72,0,1,0,20,12,60,1,0,1,3,1,66,44,16,0,0,0,6,30,5,1,1,1,11,28,1,0,1,4,11,39,23,3,3,12196,2939.2,5365,3236.8,575.7,78.1,254,37,25.8,2,4,5,1,20,0
58,Quarter-final,SWEDEN,UEFA,JAPAN,2?€1,WIN,3,4_2_3_1,MF,STARTING,24,24,100,0,0,0,3,3,100,0,0,0,0,0,6,2,3,0,0,0,1,0,1,0,2,0,3,6,0,0,0,2,7,8,4,3,1,8686.7,2837.1,3427.8,1971,378.7,71.2,160,27,26,2,4,5,1,0,0
58,Quarter-final,SWEDEN,UEFA,JAPAN,2?€1,WIN,3,4_2_3_1,MF,STARTING,31,24,77,0,2,0,3,1,33,4,3,1,1,0,25,6,3,0,0,12,4,15,5,2,6,2,7,15,0,0,1,1,7,17,9,8,2,8900.3,3420.4,2776.9,1891.3,522.4,289.3,171,54,29.7,2,4,5,1,40,0
58,Quarter-final,SWEDEN,UEFA,JAPAN,2?€1,WIN,3,4_2_3_1,MF,STARTING,44,39,89,1,0,0,8,4,50,1,0,1,0,0,68,48,5,0,0,0,15,23,2,2,4,0,9,19,0,0,0,3,5,13,6,4,2,9454.6,3042.5,3728.9,2323,321.5,38.8,187,30,31,2,4,5,1,100,0
58,Quarter-final,SWEDEN,UEFA,JAPAN,2?€1,WIN,3,4_2_3_1,DF,Substitutions,0,0,0,0,0,0,0,0,0,0,0,0,0,0,0,0,0,0,0,0,0,0,0,0,0,0,0,0,0,0,0,0,0,0,0,0,0,0,0,0,0,0,0,0,0,0,2,4,5,1,0,0
58,Quarter-final,SWEDEN,UEFA,JAPAN,2?€1,WIN,3,4_2_3_1,DF,Substitutions,0,0,0,0,0,0,0,0,0,0,0,0,0,0,0,0,0,0,0,0,0,0,0,0,0,0,0,0,0,0,0,0,0,0,0,0,0,0,0,0,0,0,0,0,0,0,2,4,5,1,0,0
58,Quarter-final,SWEDEN,UEFA,JAPAN,2?€1,WIN,3,4_2_3_1,DF,Substitutions,0,0,0,0,0,0,0,0,0,0,0,0,0,0,0,0,0,0,0,0,0,0,0,0,0,0,0,0,0,0,0,0,0,0,0,0,0,0,0,0,0,0,0,0,0,0,2,4,5,1,0,0
58,Quarter-final,SWEDEN,UEFA,JAPAN,2?€1,WIN,3,4_2_3_1,FW,Substitutions,5,4,80,0,1,1,1,0,0,0,0,0,0,0,6,2,1,0,0,2,1,4,0,0,0,0,3,16,0,0,0,0,3,5,3,0,0,3177,837.2,1036.4,920.7,288.5,94.4,72,27,28.8,2,4,5,1,0,100
58,Quarter-final,SWEDEN,UEFA,JAPAN,2?€1,WIN,3,4_2_3_1,FW,Substitutions,5,2,40,0,0,0,0,0,0,0,0,0,1,0,0,0,0,0,0,0,0,0,1,1,2,0,1,2,1,0,1,3,2,2,0,3,2,3146,850.7,829.6,1131.9,304.8,28.6,79,22,30.3,2,4,5,1,100,0
58,Quarter-final,SWEDEN,UEFA,JAPAN,2?€1,WIN,3,4_2_3_1,FW,Substitutions,3,2,67,0,0,0,1,0,0,2,2,0,0,0,3,1,1,0,0,0,1,2,2,2,0,0,3,2,1,0,1,1,0,1,0,2,0,1756.7,625,524.4,424.4,141.2,41.6,37,12,26,2,4,5,1,100,0
58,Quarter-final,SWEDEN,UEFA,JAPAN,2?€1,WIN,3,4_2_3_1,GK,Substitutions,0,0,0,0,0,0,0,0,0,0,0,0,0,0,0,0,0,0,0,0,0,0,0,0,0,0,0,0,0,0,0,0,0,0,0,0,0,0,0,0,0,0,0,0,0,0,2,4,5,1,0,0
58,Quarter-final,SWEDEN,UEFA,JAPAN,2?€1,WIN,3,4_2_3_1,FW,Substitutions,0,0,0,0,0,0,0,0,0,0,0,0,0,0,0,0,0,0,0,0,0,0,0,0,0,0,0,0,0,0,0,0,0,0,0,0,0,0,0,0,0,0,0,0,0,0,2,4,5,1,0,0
58,Quarter-final,SWEDEN,UEFA,JAPAN,2?€1,WIN,3,4_2_3_1,MF,Substitutions,0,0,0,0,0,0,0,0,0,0,0,0,0,0,0,0,0,0,0,0,0,0,0,0,0,0,0,0,0,0,0,0,0,0,0,0,0,0,0,0,0,0,0,0,0,0,2,4,5,1,0,0
58,Quarter-final,SWEDEN,UEFA,JAPAN,2?€1,WIN,3,4_2_3_1,MF,Substitutions,1,0,0,0,1,0,0,0,0,0,0,0,0,0,3,0,1,0,0,0,2,0,0,0,1,0,4,3,0,0,0,1,1,1,0,0,1,1826.3,510.8,608.2,588.3,100.8,18.4,42,12,28.2,2,4,5,1,0,0
58,Quarter-final,SWEDEN,UEFA,JAPAN,2?€1,WIN,3,4_2_3_1,GK,Substitutions,0,0,0,0,0,0,0,0,0,0,0,0,0,0,0,0,0,0,0,0,0,0,0,0,0,0,0,0,0,0,0,0,0,0,0,0,0,0,0,0,0,0,0,0,0,0,2,4,5,1,0,0
58,Quarter-final,SWEDEN,UEFA,JAPAN,2?€1,WIN,3,4_2_3_1,MF,Substitutions,0,0,0,0,0,0,0,0,0,0,0,0,0,0,0,0,0,0,0,0,0,0,0,0,0,0,0,0,0,0,0,0,0,0,0,0,0,0,0,0,0,0,0,0,0,0,2,4,5,1,0,0
62,Semi-final,AUSTRALIA,AFC,ENGLAND,1?€3,LOSE,10,4_4_2,DF,STARTING,24,24,100,0,0,0,8,8,100,0,0,0,0,0,6,0,0,0,0,0,6,1,0,0,5,0,1,3,3,0,3,6,2,4,2,4,6,7791.9,2982.7,2918.1,1540.5,259.5,90.4,126,21,26.1,1,4,4,2,0,0
62,Semi-final,AUSTRALIA,AFC,ENGLAND,1?€3,LOSE,10,4_4_2,DF,STARTING,56,40,71,0,6,1,23,15,65,1,0,1,0,0,42,15,0,0,0,4,23,23,3,0,1,1,4,8,1,0,2,5,2,29,7,5,2,10392.6,3306.9,3532.4,2655.3,644.3,253.6,186,25,29.9,1,4,4,2,0,16.66666667
62,Semi-final,AUSTRALIA,AFC,ENGLAND,1?€3,LOSE,10,4_4_2,MF,STARTING,29,21,72,0,1,0,11,7,63,2,1,1,1,0,21,2,0,3,1,5,10,5,2,0,1,0,6,31,4,0,4,0,7,30,22,3,1,10278.7,3624,3700.8,2138.9,454,331,156,43,29.3,1,4,4,2,0,0
62,Semi-final,AUSTRALIA,AFC,ENGLAND,1?€3,LOSE,10,4_4_2,FW,STARTING,25,19,76,1,2,0,13,9,69,1,0,1,0,0,39,13,15,0,7,3,1,15,1,0,3,0,4,36,2,0,2,1,6,18,6,2,3,11701.6,3387.6,4797.6,2838.8,590.9,86.6,207,38,27.3,1,4,4,2,0,0
62,Semi-final,AUSTRALIA,AFC,ENGLAND,1?€3,LOSE,10,4_4_2,DF,STARTING,35,30,86,1,0,0,5,2,40,1,0,1,0,0,5,0,0,0,0,0,5,3,2,1,1,1,4,4,3,0,3,7,6,3,1,4,5,9176.2,3470.4,3533.8,1644.4,303.7,223.9,132,30,28.6,1,4,4,2,50,0
62,Semi-final,AUSTRALIA,AFC,ENGLAND,1?€3,LOSE,10,4_4_2,MF,STARTING,13,9,69,0,0,0,2,0,0,1,0,1,1,0,21,1,0,3,1,5,10,5,6,1,0,0,6,35,2,0,2,0,3,38,30,1,0,8428.9,2769.7,2533.7,2420.8,477.1,227.6,178,49,30.1,1,4,4,2,16.66666667,0
62,Semi-final,AUSTRALIA,AFC,ENGLAND,1?€3,LOSE,10,4_4_2,GK,STARTING,26,21,81,0,0,0,11,6,54,0,0,0,0,0,2,0,0,0,0,0,2,2,0,0,0,0,0,0,0,0,0,0,3,0,0,5,0,4564.6,3256.4,1188.6,110.9,8.7,0,14,1,20,1,4,4,2,0,0
62,Semi-final,AUSTRALIA,AFC,ENGLAND,1?€3,LOSE,10,4_4_2,MF,STARTING,37,27,73,0,0,0,14,9,64,0,0,0,1,0,31,17,9,0,3,0,2,12,7,3,2,0,12,12,2,0,2,1,8,29,8,5,2,9814.1,2722.4,3538,2986.4,513.3,54,198,40,26.2,1,4,4,2,42.85714286,0
62,Semi-final,AUSTRALIA,AFC,ENGLAND,1?€3,LOSE,10,4_4_2,FW,STARTING,15,10,67,1,3,0,1,0,0,1,0,1,5,1,19,0,9,0,0,10,0,9,0,0,2,0,1,11,6,0,6,0,4,19,6,1,1,9177.9,4031.9,2864.4,1590.5,409.3,281.8,132,42,29.4,1,4,4,2,0,0
62,Semi-final,AUSTRALIA,AFC,ENGLAND,1?€3,LOSE,10,4_4_2,DF,STARTING,46,40,87,1,1,0,19,13,68,2,0,2,0,0,41,12,1,0,0,6,22,11,1,0,0,0,4,2,0,0,0,3,4,12,5,2,2,10095.9,3394.2,3520.4,2300.8,491.7,389.7,175,38,31.7,1,4,4,2,0,0
62,Semi-final,AUSTRALIA,AFC,ENGLAND,1?€3,LOSE,10,4_4_2,MF,STARTING,30,26,87,2,6,1,15,11,73,5,1,4,0,0,18,9,3,0,3,1,2,7,3,1,0,1,4,7,4,0,4,2,5,11,3,5,1,10473.7,3313.9,4406.3,2360.8,342.5,50.3,173,29,30.3,1,4,4,2,33.33333333,16.66666667
62,Semi-final,AUSTRALIA,AFC,ENGLAND,1?€3,LOSE,10,4_4_2,GK,Substitutions,0,0,0,0,0,0,0,0,0,0,0,0,0,0,0,0,0,0,0,0,0,0,0,0,0,0,0,0,0,0,0,0,0,0,0,0,0,0,0,0,0,0,0,0,0,0,1,4,4,2,0,0
62,Semi-final,AUSTRALIA,AFC,ENGLAND,1?€3,LOSE,10,4_4_2,DF,Substitutions,0,0,0,0,0,0,0,0,0,0,0,0,0,0,0,0,0,0,0,0,0,0,0,0,0,0,0,0,0,0,0,0,0,0,0,0,0,0,0,0,0,0,0,0,0,0,1,4,4,2,0,0
62,Semi-final,AUSTRALIA,AFC,ENGLAND,1?€3,LOSE,10,4_4_2,DF,Substitutions,0,0,0,0,0,0,0,0,0,0,0,0,0,0,0,0,0,0,0,0,0,0,0,0,0,0,0,0,0,0,0,0,0,0,0,0,0,0,0,0,0,0,0,0,0,0,1,4,4,2,0,0
62,Semi-final,AUSTRALIA,AFC,ENGLAND,1?€3,LOSE,10,4_4_2,FW,Substitutions,4,3,75,0,4,0,2,1,50,1,0,1,1,0,7,0,0,0,0,6,1,2,1,0,0,0,0,0,0,0,0,0,3,2,1,1,0,2798.5,797.9,1003.6,659.9,218,119.5,55,20,30.3,1,4,4,2,0,0
62,Semi-final,AUSTRALIA,AFC,ENGLAND,1?€3,LOSE,10,4_4_2,MF,Substitutions,0,0,0,0,0,0,0,0,0,0,0,0,0,0,0,0,0,0,0,0,0,0,0,0,0,0,0,0,0,0,0,0,0,0,0,0,0,0,0,0,0,0,0,0,0,0,1,4,4,2,0,0
62,Semi-final,AUSTRALIA,AFC,ENGLAND,1?€3,LOSE,10,4_4_2,MF,Substitutions,2,1,50,0,0,0,1,0,0,0,0,0,0,0,3,1,1,0,0,0,1,2,0,0,0,0,0,0,0,0,0,0,0,0,0,0,0,961.6,317.5,335.2,241.8,49.3,17.7,21,3,25.4,1,4,4,2,0,0
62,Semi-final,AUSTRALIA,AFC,ENGLAND,1?€3,LOSE,10,4_4_2,MF,Substitutions,2,2,100,0,0,0,0,0,0,0,0,0,0,0,7,0,1,0,2,4,0,0,0,0,0,0,0,0,0,0,0,0,0,1,1,0,0,1637.3,553.3,552.4,328.6,171.4,31.6,27,10,24.7,1,4,4,2,0,0
62,Semi-final,AUSTRALIA,AFC,ENGLAND,1?€3,LOSE,10,4_4_2,GK,Substitutions,0,0,0,0,0,0,0,0,0,0,0,0,0,0,0,0,0,0,0,0,0,0,0,0,0,0,0,0,0,0,0,0,0,0,0,0,0,0,0,0,0,0,0,0,0,0,1,4,4,2,0,0
62,Semi-final,AUSTRALIA,AFC,ENGLAND,1?€3,LOSE,10,4_4_2,MF,Substitutions,0,0,0,0,0,0,0,0,0,0,0,0,0,0,0,0,0,0,0,0,0,0,0,0,0,0,0,0,0,0,0,0,0,0,0,0,0,0,0,0,0,0,0,0,0,0,1,4,4,2,0,0
62,Semi-final,AUSTRALIA,AFC,ENGLAND,1?€3,LOSE,10,4_4_2,FW,Substitutions,0,0,0,0,0,0,0,0,0,0,0,0,0,0,0,0,0,0,0,0,0,0,0,0,0,0,0,0,0,0,0,0,0,0,0,0,0,0,0,0,0,0,0,0,0,0,1,4,4,2,0,0
62,Semi-final,AUSTRALIA,AFC,ENGLAND,1?€3,LOSE,10,4_4_2,DF,Substitutions,0,0,0,0,0,0,0,0,0,0,0,0,0,0,0,0,0,0,0,0,0,0,0,0,0,0,0,0,0,0,0,0,0,0,0,0,0,0,0,0,0,0,0,0,0,0,1,4,4,2,0,0
63,Play-off for third place,AUSTRALIA,AFC,SWEDEN,0?€2,LOSE,10,4_4_2,DF,STARTING,28,22,79,0,0,0,10,7,70,1,0,1,2,0,1,0,0,0,0,0,1,0,0,0,0,0,0,0,0,0,0,0,2,0,0,10,0,4828.3,3468.2,1144.3,205.2,11.1,0,29,1,20.2,0,4,4,2,0,0
63,Play-off for third place,AUSTRALIA,AFC,SWEDEN,0?€2,LOSE,10,4_4_2,DF,STARTING,51,37,73,1,8,3,24,16,66,0,0,0,0,0,23,6,2,0,1,6,8,10,4,0,3,0,12,9,0,0,0,4,4,27,14,3,4,7401.8,2852.6,2715.7,1430,294.6,108.8,126,23,27.2,0,4,4,2,0,37.5
63,Play-off for third place,AUSTRALIA,AFC,SWEDEN,0?€2,LOSE,10,4_4_2,MF,STARTING,23,15,65,1,4,1,7,4,57,0,0,0,1,0,48,3,7,1,3,11,23,15,2,1,0,1,6,8,5,0,5,8,5,5,4,3,8,10760.8,3555.4,3663,2526.6,673.6,342.2,195,53,29.6,0,4,4,2,50,25
63,Play-off for third place,AUSTRALIA,AFC,SWEDEN,0?€2,LOSE,10,4_4_2,FW,STARTING,19,12,63,0,1,0,7,6,85,0,0,0,1,0,33,7,17,1,3,3,2,10,3,1,1,1,12,18,0,0,0,2,5,15,7,2,1,9677.4,4041.3,3272.9,1801.9,327.1,234.2,132,29,28.7,0,4,4,2,33.33333333,0
63,Play-off for third place,AUSTRALIA,AFC,SWEDEN,0?€2,LOSE,10,4_4_2,DF,STARTING,34,28,82,1,0,0,5,0,0,0,0,0,0,0,2,1,0,0,0,0,1,2,0,0,0,1,3,7,1,0,2,0,3,14,6,1,0,8130.6,2882.3,2510.7,1922.9,530.9,283.8,121,46,30.2,0,4,4,2,0,0
63,Play-off for third place,AUSTRALIA,AFC,SWEDEN,0?€2,LOSE,10,4_4_2,MF,STARTING,11,8,73,0,2,0,2,1,50,1,1,0,2,0,15,0,1,0,0,8,6,6,1,0,4,0,0,2,2,0,3,6,4,4,1,2,9,10378.5,3625.2,3973.9,2187.8,446.3,145.3,172,38,27.8,0,4,4,2,0,0
63,Play-off for third place,AUSTRALIA,AFC,SWEDEN,0?€2,LOSE,10,4_4_2,GK,STARTING,32,23,72,0,0,0,15,9,60,0,0,0,0,0,7,0,0,0,0,0,7,4,6,3,6,0,8,5,3,0,3,7,8,12,7,7,6,7097.6,2607.6,2152,1687.1,452.1,225.7,134,35,29.9,0,4,4,2,50,0
63,Play-off for third place,AUSTRALIA,AFC,SWEDEN,0?€2,LOSE,10,4_4_2,MF,STARTING,29,26,90,0,1,0,7,6,85,3,1,2,1,0,14,7,7,0,0,0,0,9,12,4,4,0,14,17,1,0,3,4,14,10,5,10,3,7339.3,2129.9,2638.5,2190.8,333.9,46.2,146,289,25.5,0,4,4,2,33.33333333,0
63,Play-off for third place,AUSTRALIA,AFC,SWEDEN,0?€2,LOSE,10,4_4_2,FW,STARTING,23,14,61,1,0,0,8,4,50,0,0,0,2,0,32,0,10,2,0,17,3,8,7,5,1,0,8,30,3,0,4,2,7,20,10,7,2,10419.8,3686.5,3860.5,2432,359.5,81.3,173,33,27.1,0,4,4,2,71.42857143,0
63,Play-off for third place,AUSTRALIA,AFC,SWEDEN,0?€2,LOSE,10,4_4_2,DF,STARTING,36,28,78,0,3,1,15,13,86,1,0,1,0,0,35,17,7,1,1,2,7,15,2,0,6,3,9,18,0,0,1,1,14,26,11,7,3,11701.6,3731.6,4588.2,2858.7,434.1,87.8,210,33,25.2,0,4,4,2,0,33.33333333
63,Play-off for third place,AUSTRALIA,AFC,SWEDEN,0?€2,LOSE,10,4_4_2,MF,STARTING,31,21,68,1,3,1,13,9,69,4,1,3,2,0,10,8,0,0,0,0,2,8,7,3,8,2,11,10,1,0,1,7,12,10,5,8,11,9163.6,4140.1,3009.3,1414.9,444.4,154.9,133,42,29.3,0,4,4,2,42.85714286,33.33333333
63,Play-off for third place,AUSTRALIA,AFC,SWEDEN,0?€2,LOSE,10,4_4_2,GK,Substitutions,0,0,0,0,0,0,0,0,0,0,0,0,0,0,0,0,0,0,0,0,0,0,0,0,0,0,0,1,0,0,0,1,0,0,0,0,1,0,0,0,0,0,0,0,0,0,0,4,4,2,0,0
63,Play-off for third place,AUSTRALIA,AFC,SWEDEN,0?€2,LOSE,10,4_4_2,DF,Substitutions,7,4,57,0,0,0,4,3,75,0,0,0,0,0,3,0,0,0,0,0,3,0,0,0,0,0,0,0,0,0,0,0,0,0,0,0,0,2359,865.3,982.1,401.3,76.4,34,30,8,26.6,0,4,4,2,0,0
63,Play-off for third place,AUSTRALIA,AFC,SWEDEN,0?€2,LOSE,10,4_4_2,DF,Substitutions,0,0,0,0,0,0,0,0,0,0,0,0,0,0,0,0,0,0,0,0,0,0,0,0,0,0,0,0,0,0,0,0,0,0,0,0,0,0,0,0,0,0,0,0,0,0,0,4,4,2,0,0
63,Play-off for third place,AUSTRALIA,AFC,SWEDEN,0?€2,LOSE,10,4_4_2,FW,Substitutions,13,8,62,0,1,1,6,3,50,1,0,1,1,0,9,1,0,1,0,5,2,3,0,0,0,0,0,0,0,0,0,0,0,0,0,0,0,3875.7,1347.2,1204.2,967,190.3,167,80,22,31,0,4,4,2,0,100
63,Play-off for third place,AUSTRALIA,AFC,SWEDEN,0?€2,LOSE,10,4_4_2,MF,Substitutions,0,0,0,0,0,0,0,0,0,0,0,0,0,0,0,0,0,0,0,0,0,0,1,1,0,0,0,5,3,0,3,4,3,5,3,3,2,0,0,0,0,0,0,0,0,0,0,4,4,2,100,0
63,Play-off for third place,AUSTRALIA,AFC,SWEDEN,0?€2,LOSE,10,4_4_2,MF,Substitutions,6,4,67,0,0,0,1,0,0,0,0,0,0,0,9,1,3,0,0,4,1,2,0,0,0,0,0,0,0,0,0,0,0,0,0,0,0,2528.6,1347.2,1204.2,967,190.3,137,80,22,31,0,4,4,2,0,0
63,Play-off for third place,AUSTRALIA,AFC,SWEDEN,0?€2,LOSE,10,4_4_2,MF,Substitutions,23,13,57,1,0,0,6,3,50,0,0,0,1,0,11,2,5,0,2,1,1,5,0,0,0,0,0,0,0,0,0,0,0,0,0,0,0,4203.3,1319.8,1465.7,1279.5,129.9,8.4,89,9,24,0,4,4,2,0,0
63,Play-off for third place,AUSTRALIA,AFC,SWEDEN,0?€2,LOSE,10,4_4_2,GK,Substitutions,0,0,0,0,0,0,0,0,0,0,0,0,0,0,0,0,0,0,0,0,0,0,0,0,0,0,2,8,0,0,0,0,2,6,4,0,0,0,0,0,0,0,0,0,0,0,0,4,4,2,0,0
63,Play-off for third place,AUSTRALIA,AFC,SWEDEN,0?€2,LOSE,10,4_4_2,MF,Substitutions,0,0,0,0,0,0,0,0,0,0,0,0,0,0,0,0,0,0,0,0,0,0,0,0,0,0,0,0,0,0,0,0,0,0,0,0,0,0,0,0,0,0,0,0,0,0,0,4,4,2,0,0
63,Play-off for third place,AUSTRALIA,AFC,SWEDEN,0?€2,LOSE,10,4_4_2,DF,Substitutions,0,0,0,0,0,0,0,0,0,0,0,0,0,0,0,0,0,0,0,0,0,0,0,0,0,0,0,0,0,0,0,0,0,0,0,0,0,0,0,0,0,0,0,0,0,0,0,4,4,2,0,0
63,Play-off for third place,AUSTRALIA,AFC,SWEDEN,0?€2,LOSE,10,4_4_2,FW,Substitutions,0,0,0,0,0,0,0,0,0,0,0,0,0,0,0,0,0,0,0,0,0,0,0,0,0,0,0,0,0,0,0,0,0,0,0,0,0,0,0,0,0,0,0,0,0,0,0,4,4,2,0,0
63,Play-off for third place,AUSTRALIA,AFC,SWEDEN,0?€2,LOSE,10,4_4_2,DF,Substitutions,0,0,0,0,0,0,0,0,0,0,0,0,0,0,0,0,0,0,0,0,0,0,0,0,0,0,0,0,0,0,0,0,0,0,0,0,0,0,0,0,0,0,0,0,0,0,0,4,4,2,0,0
62,Semi-final,ENGLAND,UEFA,AUSTRALIA,3?€1,WIN,4,3_4_1_2,GK,STARTING,25,16,64,0,0,0,9,3,33,0,0,0,0,0,5,0,0,0,0,0,5,2,0,0,0,0,0,0,0,0,0,0,2,0,0,7,0,4874.5,4015.6,743.8,108.7,6.8,0,19,1,20,3,3,5,2,0,0
62,Semi-final,ENGLAND,UEFA,AUSTRALIA,3?€1,WIN,4,3_4_1_2,MF,STARTING,41,32,78,0,3,1,11,7,63,0,0,0,0,0,20,4,0,0,0,8,8,9,3,0,4,2,6,19,3,0,3,10,5,15,9,5,7,10601.8,3711.7,6858.9,3133.9,608.5,489.8,239,60,28.1,3,3,5,2,0,33.33333333
62,Semi-final,ENGLAND,UEFA,AUSTRALIA,3?€1,WIN,4,3_4_1_2,MF,STARTING,58,49,84,0,0,0,13,8,61,1,1,0,0,0,58,44,9,1,2,0,2,27,6,2,3,1,9,10,0,0,0,4,6,10,4,6,3,10233,3486.4,4069.7,2260.5,319.3,97.2,167,19,25.1,3,3,5,2,33.33333333,0
62,Semi-final,ENGLAND,UEFA,AUSTRALIA,3?€1,WIN,4,3_4_1_2,DF,STARTING,79,74,94,1,5,4,24,21,87,0,0,0,0,0,1,1,0,0,0,0,0,0,3,0,0,1,3,1,1,0,1,10,6,5,1,7,5,9968,3327.3,3187.8,2496,682.8,274.1,209,55,27.6,3,3,5,2,0,80
62,Semi-final,ENGLAND,UEFA,AUSTRALIA,3?€1,WIN,4,3_4_1_2,DF,STARTING,72,63,88,0,0,0,13,8,61,0,0,0,2,0,45,14,19,2,4,1,5,21,1,0,1,0,1,3,2,0,2,7,2,1,0,3,2,9569.7,3070.9,3709.2,2247.9,437.3,104.3,176,33,27,3,3,5,2,0,0
62,Semi-final,ENGLAND,UEFA,AUSTRALIA,3?€1,WIN,4,3_4_1_2,MF,STARTING,46,39,85,1,1,0,11,9,81,1,1,0,2,0,35,7,0,0,0,3,25,8,7,2,3,0,18,14,2,0,3,2,5,14,7,4,4,9122.6,3456.6,3277.8,2050.8,268.2,70.2,167,23,29.2,3,3,5,2,28.57142857,0
62,Semi-final,ENGLAND,UEFA,AUSTRALIA,3?€1,WIN,4,3_4_1_2,MF,STARTING,46,37,80,0,2,0,12,7,58,1,1,0,1,0,48,3,11,2,5,23,4,12,1,0,1,0,3,12,1,0,1,5,5,17,4,1,5,10038.9,3800.7,3476.5,2352.1,390.5,20.1,173,31,26.2,3,3,5,2,0,0
62,Semi-final,ENGLAND,UEFA,AUSTRALIA,3?€1,WIN,4,3_4_1_2,MF,STARTING,24,22,92,0,1,0,4,3,75,0,0,0,1,1,48,3,11,2,5,23,4,12,2,0,0,0,3,16,0,0,2,1,2,13,8,1,1,10398.3,4002.3,3285.9,2356.3,558.4,194.4,195,45,29.4,3,3,5,2,0,0
62,Semi-final,ENGLAND,UEFA,AUSTRALIA,3?€1,WIN,4,3_4_1_2,FW,STARTING,26,25,96,0,1,1,6,6,100,3,2,1,3,1,13,8,0,0,0,0,5,10,1,0,0,0,8,17,2,1,4,0,6,14,4,1,1,10141.2,3203.6,3563.6,2439,667.3,266.7,193,50,29.7,3,3,5,2,0,100
62,Semi-final,ENGLAND,UEFA,AUSTRALIA,3?€1,WIN,4,3_4_1_2,DF,STARTING,60,50,83,1,0,0,14,9,64,2,0,2,0,0,32,2,15,1,3,11,0,16,1,0,2,4,2,3,2,0,2,5,4,13,3,13,4,10559.9,3618.9,3717.1,2260.9,549.1,415,185,57,29.1,3,3,5,2,0,0
62,Semi-final,ENGLAND,UEFA,AUSTRALIA,3?€1,WIN,4,3_4_1_2,FW,STARTING,23,17,74,0,0,0,4,2,50,2,1,1,5,1,28,5,0,0,0,0,23,21,1,1,1,0,4,16,5,1,6,0,1,19,15,1,0,9134.4,2990.6,3628.2,1876.2,401.9,238.4,160,35,29.3,3,3,5,2,100,0
62,Semi-final,ENGLAND,UEFA,AUSTRALIA,3?€1,WIN,4,3_4_1_2,DF,Substitutions,0,0,0,0,0,0,0,0,0,0,0,0,0,0,0,0,0,0,0,0,0,0,0,0,0,0,0,1,0,0,0,0,1,0,0,0,0,706.4,244.8,255.4,140.5,23,42.7,12,2,30.4,3,3,5,2,0,0
62,Semi-final,ENGLAND,UEFA,AUSTRALIA,3?€1,WIN,4,3_4_1_2,MF,Substitutions,0,0,0,0,0,0,0,0,0,0,0,0,0,0,0,0,0,0,0,0,0,0,0,0,0,0,0,0,0,0,0,0,0,0,0,0,0,0,0,0,0,0,0,0,0,0,3,3,5,2,0,0
62,Semi-final,ENGLAND,UEFA,AUSTRALIA,3?€1,WIN,4,3_4_1_2,GK,Substitutions,0,0,0,0,0,0,0,0,0,0,0,0,0,0,0,0,0,0,0,0,0,0,0,0,0,0,0,0,0,0,0,0,0,0,0,0,0,0,0,0,0,0,0,0,0,0,3,3,5,2,0,0
62,Semi-final,ENGLAND,UEFA,AUSTRALIA,3?€1,WIN,4,3_4_1_2,DF,Substitutions,0,0,0,0,0,0,0,0,0,0,0,0,0,0,0,0,0,0,0,0,0,0,0,0,0,0,0,0,0,0,0,0,0,0,0,0,0,0,0,0,0,0,0,0,0,0,3,3,5,2,0,0
62,Semi-final,ENGLAND,UEFA,AUSTRALIA,3?€1,WIN,4,3_4_1_2,DF,Substitutions,0,0,0,0,0,0,0,0,0,0,0,0,0,0,0,0,0,0,0,0,0,0,0,0,0,0,0,0,0,0,0,0,0,0,0,0,0,0,0,0,0,0,0,0,0,0,3,3,5,2,0,0
62,Semi-final,ENGLAND,UEFA,AUSTRALIA,3?€1,WIN,4,3_4_1_2,MF,Substitutions,0,0,0,0,0,0,0,0,0,0,0,0,0,0,0,0,0,0,0,0,0,0,0,0,0,0,0,0,0,0,0,0,0,0,0,0,0,0,0,0,0,0,0,0,0,0,3,3,5,2,0,0
62,Semi-final,ENGLAND,UEFA,AUSTRALIA,3?€1,WIN,4,3_4_1_2,FW,Substitutions,1,1,100,0,0,0,0,0,0,0,0,0,0,0,4,0,3,0,0,1,0,1,2,1,0,0,0,2,0,0,0,1,2,1,1,1,2,1143.8,341.9,429.7,285.6,53.5,33.1,24,5,28.8,3,3,5,2,50,0
62,Semi-final,ENGLAND,UEFA,AUSTRALIA,3?€1,WIN,4,3_4_1_2,FW,Substitutions,0,0,0,0,0,0,0,0,0,0,0,0,0,0,0,0,0,0,0,0,0,0,0,0,0,0,0,0,0,0,0,0,0,0,0,0,0,0,0,0,0,0,0,0,0,0,3,3,5,2,0,0
62,Semi-final,ENGLAND,UEFA,AUSTRALIA,3?€1,WIN,4,3_4_1_2,MF,Substitutions,0,0,0,0,0,0,0,0,0,0,0,0,0,0,0,0,0,0,0,0,0,0,0,0,0,0,0,0,0,0,0,0,0,0,0,0,0,0,0,0,0,0,0,0,0,0,3,3,5,2,0,0
62,Semi-final,ENGLAND,UEFA,AUSTRALIA,3?€1,WIN,4,3_4_1_2,GK,Substitutions,0,0,0,0,0,0,0,0,0,0,0,0,0,0,0,0,0,0,0,0,0,0,0,0,0,0,0,0,0,0,0,0,0,0,0,0,0,0,0,0,0,0,0,0,0,0,3,3,5,2,0,0
62,Semi-final,ENGLAND,UEFA,AUSTRALIA,3?€1,WIN,4,3_4_1_2,FW,Substitutions,0,0,0,0,0,0,0,0,0,0,0,0,0,0,0,0,0,0,0,0,0,0,0,0,0,0,0,0,0,0,0,0,0,0,0,0,0,0,0,0,0,0,0,0,0,0,3,3,5,2,0,0
61,Semi-final,SPAIN,UEFA,SWEDEN,2?€1,WIN,6,4_3_3,DF,STARTING,78,63,81,0,1,1,22,16,72,3,0,3,0,0,72,26,3,1,0,7,35,24,6,2,5,3,9,9,0,0,0,1,13,17,8,8,5,10162,32001,3688.8,2458.2,460.3,353.6,201,50,29.2,2,4,3,3,33.33333333,100
61,Semi-final,SPAIN,UEFA,SWEDEN,2?€1,WIN,6,4_3_3,MF,STARTING,54,48,89,5,3,0,27,21,77,6,3,3,0,0,41,24,15,0,0,0,2,12,4,2,6,1,8,10,1,0,2,3,13,15,2,6,4,11269.3,3070.9,5100.5,2677.6,325.7,94.7,188,32,28,2,4,3,3,50,0
61,Semi-final,SPAIN,UEFA,SWEDEN,2?€1,WIN,6,4_3_3,DF,STARTING,44,37,84,1,0,0,15,11,73,0,0,0,0,0,22,4,1,0,0,0,17,10,0,0,5,0,0,0,3,1,4,9,5,1,0,8,7,9591.7,3258.3,3344.6,2262.7,551.5,174.6,185,41,27.9,2,4,3,3,0,0
61,Semi-final,SPAIN,UEFA,SWEDEN,2?€1,WIN,6,4_3_3,MF,STARTING,40,31,78,0,1,0,7,4,57,1,1,0,2,0,53,9,21,5,2,8,8,14,3,1,0,1,3,13,0,0,0,1,6,8,3,2,0,10701,3814.9,3322.7,2683.8,675.2,204.4,224,62,27.9,2,4,3,3,33.33333333,0
61,Semi-final,SPAIN,UEFA,SWEDEN,2?€1,WIN,6,4_3_3,FW,STARTING,61,48,79,2,2,0,14,7,50,6,4,2,2,0,49,9,9,4,0,3,24,29,6,1,2,0,8,21,1,0,2,1,6,14,9,2,2,9277.8,3733.4,2781.5,2054.1,554.8,154.9,177,49,28.4,2,4,3,3,16.66666667,0
61,Semi-final,SPAIN,UEFA,SWEDEN,2?€1,WIN,6,4_3_3,FW,STARTING,36,23,64,0,3,1,11,6,54,2,2,0,0,0,53,2,24,5,2,12,8,16,3,0,0,0,5,33,1,0,2,0,7,18,14,2,0,10540.9,3858,3578.6,2437.1,595.6,71.7,198,38,25.4,2,4,3,3,0,33.33333333
61,Semi-final,SPAIN,UEFA,SWEDEN,2?€1,WIN,6,4_3_3,MF,STARTING,18,14,78,0,1,0,7,6,85,1,1,0,0,0,59,18,23,1,5,1,8,13,1,0,0,0,0,8,4,0,5,1,4,16,4,0,1,6325.7,1766.8,2743.4,1543.5,260,12,127,19,24.9,2,4,3,3,0,0
61,Semi-final,SPAIN,UEFA,SWEDEN,2?€1,WIN,6,4_3_3,DF,STARTING,73,64,88,3,0,0,26,19,73,1,0,1,0,0,7,1,0,0,0,0,6,6,1,0,0,2,2,0,0,0,0,6,12,6,1,4,1,9901.9,3390.4,3602.3,2208.1,436.7,263.4,204,47,28.5,2,4,3,3,0,0
61,Semi-final,SPAIN,UEFA,SWEDEN,2?€1,WIN,6,4_3_3,FW,STARTING,28,15,54,0,2,1,4,3,75,1,0,1,3,0,11,1,0,3,1,6,0,4,1,0,4,2,1,6,2,0,2,0,11,6,3,5,1,7764.2,2635.9,2829.3,1658.4,448,193.3,149,41,28,2,4,3,3,0,50
61,Semi-final,SPAIN,UEFA,SWEDEN,2?€1,WIN,6,4_3_3,DF,STARTING,59,49,83,0,1,1,24,22,91,2,1,1,3,1,20,9,0,0,1,5,5,8,3,2,3,6,5,7,1,0,1,6,10,7,3,11,6,10281.6,3242.8,3592.4,2370.9,673.4,402,208,57,30.1,2,4,3,3,66.66666667,100
61,Semi-final,SPAIN,UEFA,SWEDEN,2?€1,WIN,6,4_3_3,GK,STARTING,26,22,85,0,0,0,6,4,66,0,0,0,0,0,0,0,0,0,0,0,0,0,0,0,0,0,0,0,0,0,0,1,3,0,0,5,1,4155.1,3002,976,177,0,0,0,0,20.5,2,4,3,3,0,0
61,Semi-final,SPAIN,UEFA,SWEDEN,2?€1,WIN,6,4_3_3,GK,Substitutions,0,0,0,0,0,0,0,0,0,0,0,0,0,0,0,0,0,0,0,0,0,0,0,0,0,0,0,0,0,0,0,0,0,0,0,0,0,0,0,0,0,0,0,0,0,0,2,4,3,3,0,0
61,Semi-final,SPAIN,UEFA,SWEDEN,2?€1,WIN,6,4_3_3,DF,Substitutions,0,0,0,0,0,0,0,0,0,0,0,0,0,0,0,0,0,0,0,0,0,0,0,0,0,0,0,0,0,0,0,0,0,0,0,0,0,0,0,0,0,0,0,0,0,0,2,4,3,3,0,0
61,Semi-final,SPAIN,UEFA,SWEDEN,2?€1,WIN,6,4_3_3,MF,Substitutions,0,0,0,0,0,0,0,0,0,0,0,0,0,0,0,0,0,0,0,0,0,0,0,0,0,0,0,0,0,0,0,0,0,0,0,0,0,0,0,0,0,0,0,0,0,0,2,4,3,3,0,0
61,Semi-final,SPAIN,UEFA,SWEDEN,2?€1,WIN,6,4_3_3,FW,Substitutions,1,1,100,0,0,0,0,0,0,0,0,0,0,0,2,0,0,0,0,6,1,2,0,0,0,0,0,0,0,0,0,0,0,0,0,0,0,463.7,107.2,168.2,142.5,21,24.8,14,3,27.9,2,4,3,3,0,0
61,Semi-final,SPAIN,UEFA,SWEDEN,2?€1,WIN,6,4_3_3,GK,Substitutions,0,0,0,0,0,0,0,0,0,0,0,0,0,0,0,0,0,0,0,0,0,0,0,0,0,0,0,0,0,0,0,0,0,0,0,0,0,0,0,0,0,0,0,0,0,0,2,4,3,3,0,0
61,Semi-final,SPAIN,UEFA,SWEDEN,2?€1,WIN,6,4_3_3,FW,Substitutions,3,3,100,0,1,1,0,0,0,1,1,0,0,0,7,0,0,0,0,6,1,2,0,0,1,0,0,1,0,0,0,0,2,1,0,1,0,2801.7,821.2,960.1,675.5,249.4,95.5,51,20,28.4,2,4,3,3,0,100
61,Semi-final,SPAIN,UEFA,SWEDEN,2?€1,WIN,6,4_3_3,MF,Substitutions,0,0,0,0,0,0,0,0,0,0,0,0,0,0,0,0,0,0,0,0,0,0,0,0,0,0,0,0,0,0,0,0,0,0,0,0,0,0,0,0,0,0,0,0,0,0,2,4,3,3,0,0
61,Semi-final,SPAIN,UEFA,SWEDEN,2?€1,WIN,6,4_3_3,FW,Substitutions,11,8,73,0,0,0,0,0,0,1,0,1,4,1,20,0,6,0,1,13,0,5,0,0,0,0,0,10,1,0,1,0,3,9,5,0,0,4378.9,1417.4,1382.9,951.5,372.6,254.4,85,38,30.6,2,4,3,3,0,0
61,Semi-final,SPAIN,UEFA,SWEDEN,2?€1,WIN,6,4_3_3,DF,Substitutions,0,0,0,0,0,0,0,0,0,0,0,0,0,0,0,0,0,0,0,0,0,0,0,0,0,0,0,0,0,0,0,0,0,0,0,0,0,0,0,0,0,0,0,0,0,0,2,4,3,3,0,0
61,Semi-final,SPAIN,UEFA,SWEDEN,2?€1,WIN,6,4_3_3,MF,Substitutions,0,0,0,0,0,0,0,0,0,0,0,0,0,0,0,0,0,0,0,0,0,0,0,0,0,0,0,0,0,0,0,0,0,0,0,0,0,0,0,0,0,0,0,0,0,0,2,4,3,3,0,0
61,Semi-final,SPAIN,UEFA,SWEDEN,2?€1,WIN,6,4_3_3,FW,Substitutions,0,0,0,0,0,0,0,0,0,0,0,0,0,0,0,0,0,0,0,0,0,0,0,0,0,0,0,0,0,0,0,0,0,0,0,0,0,0,0,0,0,0,0,0,0,0,2,4,3,3,0,0
63,Play-off for third place,SWEDEN,UEFA,AUSTRALIA,2?€0,WIN,3,4_2_3_1,GK,STARTING,22,9,41,0,0,0,11,3,27,0,0,0,0,0,6,0,0,0,0,0,6,2,3,1,3,0,3,3,3,0,3,6,4,6,2,3,5,4518.9,3669.8,661.6,187.5,0,0,20,0,18.7,2,4,5,1,33.33333333,0
63,Play-off for third place,SWEDEN,UEFA,AUSTRALIA,2?€0,WIN,3,4_2_3_1,DF,STARTING,48,35,73,0,3,1,14,8,57,0,0,0,0,0,34,9,2,0,0,5,18,12,4,1,3,0,6,5,1,0,1,3,10,18,3,4,4,10519.2,3444,3958.4,2498.3,431.3,187.2,198,35,29,2,4,5,1,25,33.33333333
63,Play-off for third place,SWEDEN,UEFA,AUSTRALIA,2?€0,WIN,3,4_2_3_1,DF,STARTING,55,42,76,0,0,0,19,12,63,0,0,0,0,0,17,2,0,0,0,0,15,10,4,2,4,0,7,26,3,0,3,0,4,36,23,4,2,9059,3644.4,3835.6,1406.9,158.5,14.5,122,13,27.5,2,4,5,1,50,0
63,Play-off for third place,SWEDEN,UEFA,AUSTRALIA,2?€0,WIN,3,4_2_3_1,MF,STARTING,33,24,73,0,0,0,8,4,50,3,3,0,4,1,38,7,15,3,4,7,2,22,7,2,2,0,9,30,1,0,1,2,4,17,9,5,3,9797,3644.5,4262.7,1624.3,217.5,48,155,21,26.4,2,4,5,1,28.57142857,0
63,Play-off for third place,SWEDEN,UEFA,AUSTRALIA,2?€0,WIN,3,4_2_3_1,FW,STARTING,16,14,88,0,2,1,2,1,50,1,1,0,2,0,27,0,2,1,1,22,1,6,2,0,1,5,11,3,4,0,4,4,7,4,1,7,7,10258.8,3638.8,3762.9,2443.7,286.2,128.2,177,25,27.8,2,4,5,1,0,50
63,Play-off for third place,SWEDEN,UEFA,AUSTRALIA,2?€0,WIN,3,4_2_3_1,DF,STARTING,36,33,92,0,0,0,4,3,75,0,0,0,0,0,3,0,0,0,0,0,3,1,0,0,2,0,2,13,0,0,0,0,3,22,11,1,0,7968.8,2764.4,2890.3,1910.1,353,51.8,138,29,26.2,2,4,5,1,0,0
63,Play-off for third place,SWEDEN,UEFA,AUSTRALIA,2?€0,WIN,3,4_2_3_1,DF,STARTING,59,50,85,0,0,0,20,16,80,0,0,0,0,0,24,15,0,0,1,0,8,13,0,0,0,0,0,0,0,0,0,1,3,0,0,10,0,12008.7,3062.2,5025.7,3490.9,374.7,55.2,236,35,28,2,4,5,1,0,0
63,Play-off for third place,SWEDEN,UEFA,AUSTRALIA,2?€0,WIN,3,4_2_3_1,MF,STARTING,51,35,69,0,0,0,18,8,44,1,1,0,2,0,44,22,12,1,4,2,3,15,9,2,4,4,10,13,0,0,1,1,8,14,7,5,7,11273.7,3866.9,4014.6,2794.8,448.7,149.9,220,42,30.1,2,4,5,1,22.22222222,0
63,Play-off for third place,SWEDEN,UEFA,AUSTRALIA,2?€0,WIN,3,4_2_3_1,MF,STARTING,44,36,82,0,0,0,10,3,80,2,2,0,3,1,47,8,12,5,5,10,7,23,0,0,0,0,0,19,4,0,4,0,4,14,8,0,0,10186.6,3667.2,3196.5,2135.1,678.4,509.3,181,64,30.1,2,4,5,1,0,0
63,Play-off for third place,SWEDEN,UEFA,AUSTRALIA,2?€0,WIN,3,4_2_3_1,MF,STARTING,35,28,80,0,0,0,7,3,42,7,4,3,0,0,67,6,8,4,3,22,24,18,1,0,5,3,3,10,3,0,4,1,8,9,6,4,4,10693.6,3830.5,4112.8,2386.8,285.5,79.1,190,30,29,2,4,5,1,0,0
63,Play-off for third place,SWEDEN,UEFA,AUSTRALIA,2?€0,WIN,3,4_2_3_1,MF,STARTING,33,28,85,0,1,0,12,8,66,2,1,1,0,0,53,34,17,0,0,0,2,11,3,0,1,0,7,15,3,1,5,2,15,5,2,3,3,7254,3064.1,2188.5,1248.4,413.5,339.5,114,44,29.7,2,4,5,1,0,0
63,Play-off for third place,SWEDEN,UEFA,AUSTRALIA,2?€0,WIN,3,4_2_3_1,DF,Substitutions,0,0,0,0,0,0,0,0,0,0,0,0,0,0,0,0,0,0,0,0,0,0,0,0,0,0,0,0,0,0,0,0,0,0,0,0,0,747,290.5,299.5,89.6,67.4,0,6,2,21.6,2,4,5,1,0,0
63,Play-off for third place,SWEDEN,UEFA,AUSTRALIA,2?€0,WIN,3,4_2_3_1,DF,Substitutions,0,0,0,0,0,0,0,0,0,0,0,0,0,0,0,0,0,0,0,0,0,0,1,0,0,0,2,2,0,0,0,0,2,1,1,0,0,0,0,0,0,0,0,0,0,0,2,4,5,1,0,0
63,Play-off for third place,SWEDEN,UEFA,AUSTRALIA,2?€0,WIN,3,4_2_3_1,DF,Substitutions,0,0,0,0,0,0,0,0,0,0,0,0,0,0,0,0,0,0,0,0,0,0,0,0,0,0,0,0,0,0,0,0,0,0,0,0,0,0,0,0,0,0,0,0,0,0,2,4,5,1,0,0
63,Play-off for third place,SWEDEN,UEFA,AUSTRALIA,2?€0,WIN,3,4_2_3_1,FW,Substitutions,0,0,0,0,0,0,0,0,0,0,0,0,0,0,0,0,0,0,0,0,0,0,2,1,1,2,5,5,1,0,1,0,2,3,2,3,0,0,0,0,0,0,0,0,0,0,2,4,5,1,50,0
63,Play-off for third place,SWEDEN,UEFA,AUSTRALIA,2?€0,WIN,3,4_2_3_1,FW,Substitutions,5,3,60,0,0,0,1,1,100,1,1,0,0,0,4,0,1,0,0,3,0,1,0,0,0,0,0,0,0,0,0,0,0,0,0,0,0,3445.8,1028.6,1062.3,1071.6,282.9,0,76,22,24,2,4,5,1,0,0
63,Play-off for third place,SWEDEN,UEFA,AUSTRALIA,2?€0,WIN,3,4_2_3_1,FW,Substitutions,0,0,0,0,0,0,0,0,0,0,0,0,0,0,0,0,0,0,0,0,0,0,2,0,0,0,1,6,0,0,0,0,1,6,3,0,2,0,0,0,0,0,0,0,0,0,2,4,5,1,0,0
63,Play-off for third place,SWEDEN,UEFA,AUSTRALIA,2?€0,WIN,3,4_2_3_1,GK,Substitutions,0,0,0,0,0,0,0,0,0,0,0,0,0,0,0,0,0,0,0,0,0,0,0,0,2,0,0,6,2,0,3,0,9,3,0,3,1,0,0,0,0,0,0,0,0,0,2,4,5,1,0,0
63,Play-off for third place,SWEDEN,UEFA,AUSTRALIA,2?€0,WIN,3,4_2_3_1,FW,Substitutions,0,0,0,0,0,0,0,0,0,0,0,0,0,0,19,0,5,0,1,12,1,6,0,0,0,0,0,0,0,0,0,0,0,0,0,0,0,3187.3,1043.5,1032.7,756,221.5,133.5,71,25,28.8,2,4,5,1,0,0
63,Play-off for third place,SWEDEN,UEFA,AUSTRALIA,2?€0,WIN,3,4_2_3_1,MF,Substitutions,0,0,0,0,0,0,0,0,0,0,0,0,0,0,0,0,0,0,0,0,0,0,0,0,0,0,0,0,0,0,0,0,0,0,0,0,0,0,0,0,0,0,0,0,0,0,2,4,5,1,0,0
63,Play-off for third place,SWEDEN,UEFA,AUSTRALIA,2?€0,WIN,3,4_2_3_1,MF,Substitutions,0,0,0,0,0,0,0,0,0,0,0,0,0,0,0,0,0,0,0,0,0,0,0,0,0,0,0,0,0,0,0,0,0,0,0,0,0,0,0,0,0,0,0,0,0,0,2,4,5,1,0,0
63,Play-off for third place,SWEDEN,UEFA,AUSTRALIA,2?€0,WIN,3,4_2_3_1,GK,Substitutions,0,0,0,0,0,0,0,0,0,0,0,0,0,0,0,0,0,0,0,0,0,0,0,0,0,0,0,0,0,0,0,0,0,0,0,0,0,0,0,0,0,0,0,0,0,0,2,4,5,1,0,0
63,Play-off for third place,SWEDEN,UEFA,AUSTRALIA,2?€0,WIN,3,4_2_3_1,MF,Substitutions,0,0,0,0,0,0,0,0,0,0,0,0,0,0,0,0,0,0,0,0,0,0,0,0,0,0,0,0,0,0,0,0,0,0,0,0,0,0,0,0,0,0,0,0,0,0,2,4,5,1,0,0
61,Semi-final,SWEDEN,UEFA,SPAIN,1?€2,LOSE,3,4_2_3_1,GK,STARTING,23,13,57,0,0,0,9,4,44,0,0,0,0,0,2,0,0,0,0,0,2,1,0,0,0,0,0,0,0,0,0,1,3,0,0,5,0,4659.8,3513.5,822.5,284.7,39.1,0,34,4,23.7,1,4,5,1,0,0
61,Semi-final,SWEDEN,UEFA,SPAIN,1?€2,LOSE,3,4_2_3_1,DF,STARTING,37,18,76,0,2,0,14,10,71,0,0,0,0,0,20,3,0,0,1,6,10,5,1,0,7,0,10,17,0,0,0,7,6,13,3,6,9,10538.8,3277.6,3789.7,2807.5,543.8,120.1,223,50,27.4,1,4,5,1,0,0
61,Semi-final,SWEDEN,UEFA,SPAIN,1?€2,LOSE,3,4_2_3_1,DF,STARTING,37,27,73,0,0,0,16,8,80,0,0,0,1,0,7,2,0,0,0,0,5,1,4,0,1,0,5,1,4,0,4,11,6,3,1,4,7,9222.9,3430,3493.6,1880.6,326.5,93.2,163,28,27.8,1,4,5,1,0,0
61,Semi-final,SWEDEN,UEFA,SPAIN,1?€2,LOSE,3,4_2_3_1,MF,STARTING,23,14,61,0,4,0,6,1,16,4,4,0,0,0,37,0,16,2,5,12,2,14,2,0,2,1,5,56,2,0,2,1,10,39,28,3,0,10950.5,3712.2,4304.7,2428.8,397.5,107.3,206,36,27.4,1,4,5,1,0,0
61,Semi-final,SWEDEN,UEFA,SPAIN,1?€2,LOSE,3,4_2_3_1,FW,STARTING,12,9,75,0,0,0,1,0,0,1,1,0,2,0,25,0,0,0,1,21,3,4,2,2,0,0,5,15,0,0,1,0,1,17,6,2,0,7547.6,3186.6,2496,1197.1,322.3,344.9,105,40,29.5,1,4,5,1,100,0
61,Semi-final,SWEDEN,UEFA,SPAIN,1?€2,LOSE,3,4_2_3_1,DF,STARTING,35,26,74,0,0,0,10,5,50,0,0,0,0,0,5,0,0,0,0,0,5,3,4,2,2,1,6,6,1,0,1,9,3,9,2,4,7,10259.6,3596,3925.3,2029.4,479.1,229.8,159,38,27.2,1,4,5,1,50,0
61,Semi-final,SWEDEN,UEFA,SPAIN,1?€2,LOSE,3,4_2_3_1,DF,STARTING,45,34,76,1,2,2,25,18,72,0,0,0,0,0,9,5,0,0,0,2,2,4,12,2,2,2,22,7,2,0,2,5,5,53,20,7,11,10074.1,3603.5,3488.7,2315,522.8,144.1,185,39,27.1,1,4,5,1,16.66666667,100
61,Semi-final,SWEDEN,UEFA,SPAIN,1?€2,LOSE,3,4_2_3_1,MF,STARTING,31,17,55,0,1,0,9,2,22,0,0,0,0,0,27,16,6,0,2,0,3,12,10,2,8,0,9,24,0,0,0,2,11,25,12,7,7,11669.9,2813.6,4541.9,3667.8,567.2,79.4,250,38,31.8,1,4,5,1,20,0
61,Semi-final,SWEDEN,UEFA,SPAIN,1?€2,LOSE,3,4_2_3_1,MF,STARTING,31,13,42,0,2,1,12,6,50,2,0,2,1,0,26,4,10,1,3,7,1,9,3,1,7,2,9,44,4,0,5,2,4,18,16,5,6,10618.9,3831.3,3558.4,2363.8,650.9,214.5,197,51,28.9,1,4,5,1,33.33333333,50
61,Semi-final,SWEDEN,UEFA,SPAIN,1?€2,LOSE,3,4_2_3_1,MF,STARTING,15,12,80,0,2,1,2,2,100,1,0,1,0,0,23,0,3,1,0,15,4,8,4,0,7,0,8,32,0,0,1,1,6,13,12,1,5,8459,3217.8,2251.8,1927,541.4,520.2,161,55,30.1,1,4,5,1,0,50
61,Semi-final,SWEDEN,UEFA,SPAIN,1?€2,LOSE,3,4_2_3_1,MF,STARTING,28,22,79,0,1,0,11,9,81,3,0,3,0,0,26,20,3,0,0,0,3,14,3,1,3,0,6,22,0,0,0,2,5,23,5,2,4,9493,3265.6,3121.3,2483.4,460.4,163.3,189,38,30,1,4,5,1,33.33333333,0
61,Semi-final,SWEDEN,UEFA,SPAIN,1?€2,LOSE,3,4_2_3_1,DF,Substitutions,0,0,0,0,0,0,0,0,0,0,0,0,0,0,0,0,0,0,0,0,0,0,0,0,0,0,0,0,0,0,0,0,0,0,0,0,0,0,0,0,0,0,0,0,0,0,1,4,5,1,0,0
61,Semi-final,SWEDEN,UEFA,SPAIN,1?€2,LOSE,3,4_2_3_1,DF,Substitutions,0,0,0,0,0,0,0,0,0,0,0,0,0,0,0,0,0,0,0,0,0,0,0,0,0,0,0,0,0,0,0,0,0,0,0,0,0,0,0,0,0,0,0,0,0,0,1,4,5,1,0,0
61,Semi-final,SWEDEN,UEFA,SPAIN,1?€2,LOSE,3,4_2_3_1,DF,Substitutions,0,0,0,0,0,0,0,0,0,0,0,0,0,0,0,0,0,0,0,0,0,0,0,0,0,0,0,0,0,0,0,0,0,0,0,0,0,0,0,0,0,0,0,0,0,0,1,4,5,1,0,0
61,Semi-final,SWEDEN,UEFA,SPAIN,1?€2,LOSE,3,4_2_3_1,FW,Substitutions,0,0,0,0,0,0,0,0,0,0,0,0,0,0,0,0,0,0,0,0,0,0,0,0,0,0,0,0,0,0,0,0,0,0,0,0,0,0,0,0,0,0,0,0,0,0,1,4,5,1,0,0
61,Semi-final,SWEDEN,UEFA,SPAIN,1?€2,LOSE,3,4_2_3_1,FW,Substitutions,3,3,100,0,1,0,1,1,100,0,0,0,0,0,0,0,0,0,0,0,0,0,0,0,0,0,0,0,2,0,2,0,0,1,0,0,0,1392.1,440.3,391.5,397.6,100.1,62.5,31,9,29.6,1,4,5,1,0,0
61,Semi-final,SWEDEN,UEFA,SPAIN,1?€2,LOSE,3,4_2_3_1,FW,Substitutions,0,0,0,0,0,0,0,0,0,0,0,0,0,0,0,0,0,0,0,0,0,0,0,0,0,0,0,0,0,0,0,0,0,0,0,0,0,1893,680,636.6,382.2,146.3,47.9,39,13,31.3,1,4,5,1,0,0
61,Semi-final,SWEDEN,UEFA,SPAIN,1?€2,LOSE,3,4_2_3_1,GK,Substitutions,0,0,0,0,0,0,0,0,0,0,0,0,0,0,0,0,0,0,0,0,0,0,0,0,0,0,0,0,0,0,0,0,0,0,0,0,0,0,0,0,0,0,0,0,0,0,1,4,5,1,0,0
61,Semi-final,SWEDEN,UEFA,SPAIN,1?€2,LOSE,3,4_2_3_1,FW,Substitutions,2,1,50,0,0,0,0,0,0,0,0,0,1,1,7,0,0,1,0,5,1,0,0,0,0,0,2,3,1,0,1,0,0,3,1,0,0,0,0,0,0,0,0,0,0,0,1,4,5,1,0,0
61,Semi-final,SWEDEN,UEFA,SPAIN,1?€2,LOSE,3,4_2_3_1,MF,Substitutions,0,0,0,0,0,0,0,0,0,0,0,0,0,0,0,0,0,0,0,0,0,0,0,0,0,0,0,0,0,0,0,0,0,0,0,0,0,0,0,0,0,0,0,0,0,0,1,4,5,1,0,0
61,Semi-final,SWEDEN,UEFA,SPAIN,1?€2,LOSE,3,4_2_3_1,MF,Substitutions,0,0,0,0,0,0,0,0,0,0,0,0,0,0,0,0,0,0,0,0,0,0,0,0,0,0,0,0,0,0,0,0,0,0,0,0,0,0,0,0,0,0,0,0,0,0,1,4,5,1,0,0
61,Semi-final,SWEDEN,UEFA,SPAIN,1?€2,LOSE,3,4_2_3_1,GK,Substitutions,0,0,0,0,0,0,0,0,0,0,0,0,0,0,0,0,0,0,0,0,0,0,0,0,0,0,0,0,0,0,0,0,0,0,0,0,0,0,0,0,0,0,0,0,0,0,1,4,5,1,0,0
61,Semi-final,SWEDEN,UEFA,SPAIN,1?€2,LOSE,3,4_2_3_1,MF,Substitutions,3,1,33,0,0,0,0,0,0,0,0,0,0,0,2,1,1,0,0,0,0,1,0,0,0,0,0,3,0,0,0,0,0,2,0,0,0,2338.7,685.7,722.4,790.9,111.8,27.6,59,10,26.7,1,4,5,1,0,0
64,FINAL,ENGLAND,UEFA,SPAIN,0?€1,LOSE,4,3_4_1_2,GK,STARTING,30,23,77,0,0,0,12,7,58,0,0,0,0,0,4,0,0,0,0,0,4,1,0,0,0,0,0,0,0,0,0,0,3,0,0,5,0,5253.1,4300.7,711.3,209.6,31.5,0,23,2,21.7,0,3,5,2,0,0
64,FINAL,ENGLAND,UEFA,SPAIN,0?€1,LOSE,4,3_4_1_2,MF,STARTING,48,35,73,0,6,2,21,14,66,4,0,4,1,0,14,3,0,0,0,1,10,13,10,1,6,1,12,13,8,0,11,6,10,17,8,11,9,9776,3851.8,2820.4,2345.3,440.9,317.7,197,48,30.8,0,3,5,2,10,33.33333333
64,FINAL,ENGLAND,UEFA,SPAIN,0?€1,LOSE,4,3_4_1_2,MF,STARTING,40,38,95,0,0,0,17,16,94,0,0,0,0,0,38,27,9,0,0,0,2,20,8,2,3,0,11,15,2,0,3,0,3,25,9,5,3,9880.7,3351.5,3589.6,2404,297.4,237.1,189,26,30.1,0,3,5,2,25,0
64,FINAL,ENGLAND,UEFA,SPAIN,0?€1,LOSE,4,3_4_1_2,DF,STARTING,50,38,76,0,3,0,24,16,66,0,0,0,0,0,19,4,0,0,0,1,14,12,3,1,1,2,7,1,1,0,1,2,10,23,5,6,1,9206.7,2809,3277.6,2506.1,431.8,182.3,189,34,30.4,0,3,5,2,33.33333333,0
64,FINAL,ENGLAND,UEFA,SPAIN,0?€1,LOSE,4,3_4_1_2,DF,STARTING,27,21,78,0,0,0,10,7,70,0,0,0,1,0,14,0,1,0,0,4,9,0,1,0,5,0,2,5,5,0,5,4,3,18,4,4,6,8951.9,3526.1,2668.6,2118.9,379.6,258.7,174,34,28.4,0,3,5,2,0,0
64,FINAL,ENGLAND,UEFA,SPAIN,0?€1,LOSE,4,3_4_1_2,MF,STARTING,26,20,77,0,1,0,8,6,75,2,1,1,0,0,24,8,9,2,3,1,1,6,13,3,8,0,23,32,1,0,4,4,10,12,3,5,10,10155.5,3693.5,3535.1,2482,341.2,103.6,180,30,29,0,3,5,2,23.07692308,0
64,FINAL,ENGLAND,UEFA,SPAIN,0?€1,LOSE,4,3_4_1_2,MF,STARTING,16,11,69,0,0,0,7,3,42,0,0,0,0,0,16,2,0,0,0,3,11,4,3,3,4,1,5,15,1,0,1,2,3,17,9,4,5,5240.2,1851.4,1497.6,1410.1,337.5,144.1,107,27,26.6,0,3,5,2,100,0
64,FINAL,ENGLAND,UEFA,SPAIN,0?€1,LOSE,4,3_4_1_2,MF,STARTING,19,16,84,0,0,0,3,2,66,0,0,0,0,0,41,6,13,1,6,14,1,4,2,0,4,0,5,21,0,0,0,0,7,21,5,1,3,8930.7,2629.2,3226.7,2305.9,593.9,175,192,44,27.3,0,3,5,2,0,0
64,FINAL,ENGLAND,UEFA,SPAIN,0?€1,LOSE,4,3_4_1_2,FW,STARTING,17,12,71,0,3,0,5,3,60,8,5,3,4,0,46,0,10,2,2,26,6,11,2,1,2,0,5,26,1,0,2,0,6,19,9,3,0,10132.2,3729.7,3182.5,2388.2,465.1,365.8,191,54,31.2,0,3,5,2,50,0
64,FINAL,ENGLAND,UEFA,SPAIN,0?€1,LOSE,4,3_4_1_2,DF,STARTING,43,29,67,0,1,0,2,0,0,1,0,1,0,0,9,1,0,0,0,2,6,5,3,1,5,0,7,12,1,1,2,9,9,22,12,4,8,9725.8,3068.5,3379.7,2492.7,533,251.9,187,40,29,0,3,5,2,33.33333333,0
64,FINAL,ENGLAND,UEFA,SPAIN,0?€1,LOSE,4,3_4_1_2,FW,STARTING,9,5,56,0,1,0,2,0,0,1,0,1,0,0,10,0,0,2,0,8,0,3,0,0,0,0,2,19,2,1,3,0,3,7,4,0,0,5358.5,1785.4,1755.4,1439.8,267.9,109.8,104,26,29,0,3,5,2,0,0
64,FINAL,ENGLAND,UEFA,SPAIN,0?€1,LOSE,4,3_4_1_2,DF,Substitutions,0,0,0,0,0,0,0,0,0,0,0,0,0,0,0,0,0,0,0,0,0,0,0,0,0,0,0,0,0,0,0,0,0,0,0,0,0,0,0,0,0,0,0,0,0,0,0,3,5,2,0,0
64,FINAL,ENGLAND,UEFA,SPAIN,0?€1,LOSE,4,3_4_1_2,FW,Substitutions,16,13,81,0,0,0,7,5,71,3,0,3,1,0,11,2,3,0,0,5,1,3,0,0,1,1,4,3,1,0,2,0,6,3,0,1,0,5144.4,2054.7,1515.5,1029.4,354.4,189.8,79,28,30.1,0,3,5,2,0,0
64,FINAL,ENGLAND,UEFA,SPAIN,0?€1,LOSE,4,3_4_1_2,MF,Substitutions,0,0,0,0,0,0,0,0,0,0,0,0,0,0,0,0,0,0,0,0,0,0,0,0,0,0,0,0,0,0,0,0,0,0,0,0,0,0,0,0,0,0,0,0,0,0,0,3,5,2,0,0
64,FINAL,ENGLAND,UEFA,SPAIN,0?€1,LOSE,4,3_4_1_2,GK,Substitutions,0,0,0,0,0,0,0,0,0,0,0,0,0,0,0,0,0,0,0,0,0,0,0,0,0,0,0,0,0,0,0,0,0,0,0,0,0,0,0,0,0,0,0,0,0,0,0,3,5,2,0,0
64,FINAL,ENGLAND,UEFA,SPAIN,0?€1,LOSE,4,3_4_1_2,DF,Substitutions,0,0,0,0,0,0,0,0,0,0,0,0,0,0,0,0,0,0,0,0,0,0,0,0,0,0,0,0,0,0,0,0,0,0,0,0,0,0,0,0,0,0,0,0,0,0,0,3,5,2,0,0
64,FINAL,ENGLAND,UEFA,SPAIN,0?€1,LOSE,4,3_4_1_2,DF,Substitutions,0,0,0,0,0,0,0,0,0,0,0,0,0,0,0,0,0,0,0,0,0,0,0,0,0,0,0,0,0,0,0,0,0,0,0,0,0,0,0,0,0,0,0,0,0,0,0,3,5,2,0,0
64,FINAL,ENGLAND,UEFA,SPAIN,0?€1,LOSE,4,3_4_1_2,MF,Substitutions,0,0,0,0,0,0,0,0,0,0,0,0,0,0,0,0,0,0,0,0,0,0,0,0,0,0,0,0,0,0,0,0,0,0,0,0,0,0,0,0,0,0,0,0,0,0,0,3,5,2,0,0
64,FINAL,ENGLAND,UEFA,SPAIN,0?€1,LOSE,4,3_4_1_2,FW,Substitutions,17,8,47,0,4,1,3,1,33,0,0,0,0,0,15,2,0,1,1,6,5,6,2,0,0,0,5,11,0,0,0,1,3,6,3,0,2,4443,1767.9,1255.6,1047.7,208.4,163.5,79,24,28.4,0,3,5,2,0,25
64,FINAL,ENGLAND,UEFA,SPAIN,0?€1,LOSE,4,3_4_1_2,FW,Substitutions,4,3,75,0,0,0,2,2,100,0,0,0,0,0,5,0,2,0,0,2,1,2,1,1,0,0,1,3,0,0,0,0,1,2,1,1,0,1824.7,544.7,687.7,481.4,64.8,46.2,36,7,31.8,0,3,5,2,100,0
64,FINAL,ENGLAND,UEFA,SPAIN,0?€1,LOSE,4,3_4_1_2,MF,Substitutions,0,0,0,0,0,0,0,0,0,0,0,0,0,0,0,0,0,0,0,0,0,0,0,0,0,0,0,0,0,0,0,0,0,0,0,0,0,0,0,0,0,0,0,0,0,0,0,3,5,2,0,0
64,FINAL,ENGLAND,UEFA,SPAIN,0?€1,LOSE,4,3_4_1_2,GK,Substitutions,0,0,0,0,0,0,0,0,0,0,0,0,0,0,0,0,0,0,0,0,0,0,0,0,0,0,0,0,0,0,0,0,0,0,0,0,0,0,0,0,0,0,0,0,0,0,0,3,5,2,0,0
64,FINAL,ENGLAND,UEFA,SPAIN,0?€1,LOSE,4,3_4_1_2,FW,Substitutions,0,0,0,0,0,0,0,0,0,0,0,0,0,0,0,0,0,0,0,0,0,0,0,0,0,0,0,0,0,0,0,0,0,0,0,0,0,0,0,0,0,0,0,0,0,0,0,3,5,2,0,0
64,FINAL,SPAIN,UEFA,ENGLAND,1?€0,WIN,6,4_3_3,DF,STARTING,43,35,81,1,3,0,18,14,77,2,1,1,0,0,21,9,1,0,0,5,6,14,5,0,5,2,10,9,1,0,1,9,6,20,11,5,8,9884.2,3189.6,3256.8,2256.6,736.4,445.8,184,65,30.6,1,4,3,3,0,0
64,FINAL,SPAIN,UEFA,ENGLAND,1?€0,WIN,6,4_3_3,MF,STARTING,45,42,93,0,6,3,13,12,92,2,1,1,0,0,16,12,2,0,0,0,2,6,2,2,1,2,1,7,3,0,4,5,12,26,3,8,2,11122.3,3262.2,4494.5,2716.1,542.8,106.8,193,31,28.8,1,4,3,3,100,50
64,FINAL,SPAIN,UEFA,ENGLAND,1?€0,WIN,6,4_3_3,DF,STARTING,46,39,85,0,0,0,14,10,71,1,0,1,1,0,8,0,0,0,0,0,8,5,3,1,5,0,2,1,2,0,2,11,5,11,1,10,8,9838.8,3452.4,3170.1,2461.7,488,266.6,206,44,29.6,1,4,3,3,33.33333333,0
64,FINAL,SPAIN,UEFA,ENGLAND,1?€0,WIN,6,4_3_3,MF,STARTING,41,38,93,3,4,2,15,15,100,9,2,7,2,0,54,9,16,2,6,10,11,20,3,2,5,0,3,15,1,0,1,1,9,27,10,6,3,10469.1,4048.4,3072.7,2393,580,374.8,191,51,30.2,1,4,3,3,66.66666667,50
64,FINAL,SPAIN,UEFA,ENGLAND,1?€0,WIN,6,4_3_3,FW,STARTING,61,56,92,0,0,0,13,12,92,2,2,0,1,0,47,9,10,8,1,12,7,16,4,1,4,0,10,28,0,0,1,1,11,27,15,4,2,8903,3157.9,3038.6,2197.3,413.1,96.2,172,38,30.8,1,4,3,3,25,0
64,FINAL,SPAIN,UEFA,ENGLAND,1?€0,WIN,6,4_3_3,MF,STARTING,54,39,72,0,2,0,16,7,43,1,1,0,2,0,77,17,27,3,12,8,10,31,3,0,1,1,1,22,1,0,2,1,9,25,6,3,1,10929.3,3709.4,3792.5,2985.9,388,52.5,224,31,26.7,1,4,3,3,0,0
64,FINAL,SPAIN,UEFA,ENGLAND,1?€0,WIN,6,4_3_3,DF,STARTING,49,46,94,0,0,0,9,7,77,0,0,0,0,0,20,0,0,0,0,0,20,9,3,2,1,1,6,3,1,0,2,5,4,23,4,6,3,7282.5,2746.2,2332.6,1672.8,309.5,221.4,138,34,29.9,1,4,3,3,66.66666667,0
64,FINAL,SPAIN,UEFA,ENGLAND,1?€0,WIN,6,4_3_3,FW,STARTING,12,7,58,1,1,1,5,2,40,1,1,0,2,0,8,0,0,0,0,0,20,9,1,0,1,0,1,11,0,0,1,0,3,11,9,1,0,6607.8,2223.5,2265.8,1632.1,354.8,132.2,132,28,27.6,1,4,3,3,0,100
64,FINAL,SPAIN,UEFA,ENGLAND,1?€0,WIN,6,4_3_3,FW,STARTING,20,17,85,0,4,0,0,0,0,1,1,0,3,0,46,0,8,0,0,37,1,11,0,0,5,0,1,41,0,1,2,1,4,40,21,4,3,10247,3500.4,3281.1,2112.9,766.5,585.1,193,77,30.1,1,4,3,3,0,0
64,FINAL,SPAIN,UEFA,ENGLAND,1?€0,WIN,6,4_3_3,DF,STARTING,71,54,76,0,3,1,25,13,52,5,1,4,1,1,7,0,0,0,1,4,2,0,7,1,1,1,13,8,2,0,3,5,5,14,9,12,5,10003.3,3266.1,3143,2611.9,582.2,400.1,223,56,29.6,1,4,3,3,14.28571429,33.33333333
64,FINAL,SPAIN,UEFA,ENGLAND,1?€0,WIN,6,4_3_3,GK,STARTING,24,18,75,0,0,0,7,1,14,0,0,0,0,0,0,0,0,0,0,0,0,0,0,0,0,0,0,0,0,0,0,0,5,0,0,8,0,3920.5,3015.7,780.2,118,0,6.7,11,1,24.4,1,4,3,3,0,0
64,FINAL,SPAIN,UEFA,ENGLAND,1?€0,WIN,6,4_3_3,GK,Substitutions,0,0,0,0,0,0,0,0,0,0,0,0,0,0,0,0,0,0,0,0,0,0,0,0,0,0,0,0,0,0,0,0,0,0,0,0,0,0,0,0,0,0,0,0,0,0,1,4,3,3,0,0
64,FINAL,SPAIN,UEFA,ENGLAND,1?€0,WIN,6,4_3_3,DF,Substitutions,5,5,100,1,0,0,3,3,100,0,0,0,0,0,1,0,0,0,0,0,1,0,1,0,0,0,3,1,0,0,0,1,1,3,1,1,0,2543,1007,878.6,511.1,108.6,37.6,41,11,26.2,1,4,3,3,0,0
64,FINAL,SPAIN,UEFA,ENGLAND,1?€0,WIN,6,4_3_3,MF,Substitutions,0,0,0,0,0,0,0,0,0,0,0,0,0,0,0,0,0,0,0,0,0,0,0,0,0,0,0,0,0,0,0,0,0,0,0,0,0,0,0,0,0,0,0,0,0,0,1,4,3,3,0,0
64,FINAL,SPAIN,UEFA,ENGLAND,1?€0,WIN,6,4_3_3,FW,Substitutions,0,0,0,0,0,0,0,0,0,0,0,0,0,0,0,0,0,0,0,0,0,0,0,0,0,0,0,0,0,0,0,0,0,0,0,0,0,0,0,0,0,0,0,0,0,0,1,4,3,3,0,0
64,FINAL,SPAIN,UEFA,ENGLAND,1?€0,WIN,6,4_3_3,MF,Substitutions,7,5,71,0,0,0,1,0,0,1,0,1,1,0,2,1,1,0,0,0,0,2,0,0,0,1,1,3,1,0,1,2,2,1,0,1,2,1632.2,450.8,579.4,457.3,117.7,26.9,34,6,24.2,1,4,3,3,0,0
64,FINAL,SPAIN,UEFA,ENGLAND,1?€0,WIN,6,4_3_3,DF,Substitutions,7,4,57,0,1,0,2,0,0,1,0,1,0,0,1,0,0,0,0,1,0,0,0,0,2,0,1,1,1,0,1,0,3,7,2,2,0,3774.6,1287.9,1012.3,992,267.6,214.8,85,22,31,1,4,3,3,0,0
64,FINAL,SPAIN,UEFA,ENGLAND,1?€0,WIN,6,4_3_3,GK,Substitutions,0,0,0,0,0,0,0,0,0,0,0,0,0,0,0,0,0,0,0,0,0,0,0,0,0,0,0,0,0,0,0,0,0,0,0,0,0,0,0,0,0,0,0,0,0,0,1,4,3,3,0,0
64,FINAL,SPAIN,UEFA,ENGLAND,1?€0,WIN,6,4_3_3,FW,Substitutions,0,0,0,0,0,0,0,0,0,0,0,0,0,0,0,0,0,0,0,0,0,0,0,0,0,0,0,0,0,0,0,0,0,0,0,0,0,0,0,0,0,0,0,0,0,0,1,4,3,3,0,0
64,FINAL,SPAIN,UEFA,ENGLAND,1?€0,WIN,6,4_3_3,MF,Substitutions,0,0,0,0,0,0,0,0,0,0,0,0,0,0,0,0,0,0,0,0,0,0,0,0,0,0,0,0,0,0,0,0,0,0,0,0,0,0,0,0,0,0,0,0,0,0,1,4,3,3,0,0
64,FINAL,SPAIN,UEFA,ENGLAND,1?€0,WIN,6,4_3_3,DF,Substitutions,0,0,0,0,0,0,0,0,0,0,0,0,0,0,0,0,0,0,0,0,0,0,0,0,0,0,0,0,0,0,0,0,0,0,0,0,0,0,0,0,0,0,0,0,0,0,1,4,3,3,0,0
64,FINAL,SPAIN,UEFA,ENGLAND,1?€0,WIN,6,4_3_3,MF,Substitutions,0,0,0,0,0,0,0,0,0,0,0,0,0,0,0,0,0,0,0,0,0,0,0,0,0,0,0,0,0,0,0,0,0,0,0,0,0,0,0,0,0,0,0,0,0,0,1,4,3,3,0,0
64,FINAL,SPAIN,UEFA,ENGLAND,1?€0,WIN,6,4_3_3,FW,Substitutions,0,0,0,0,0,0,0,0,0,0,0,0,0,0,0,0,0,0,0,0,0,0,0,0,0,0,0,0,0,0,0,0,0,0,0,0,0,0,0,0,0,0,0,0,0,0,1,4,3,3,0,0
